Front	Back	Tags
"<div class=""top""><span class=""chip c1"">章节：操作系统概论</span><span class=""chip c2"">识记</span><span class=""chip c3"">操作系统的概念</span></div><h1>计算机系统的组成</h1><div class=""q"">计算机系统包括硬件（子）系统和软件（子）系统。硬件系统是计算机系统赖以工作的实体。软件系统保证计算机系统按用户指定的要求协调工作。这两部分构成了计算机系统的资源。因此，计算机系统的资源包括两大类：硬件资源和软件资源。 <span class=""blank"">______</span>（CPU）、内存、<span class=""blank"">______</span>（磁盘、磁带等） 以及各种类型的<span class=""blank"">______</span>（键盘、鼠标、显示器、打印机等）组成了计算机硬件系统；各种程序和数据则组成了计算机的软件系统，</div>"	"<div class=""top""><span class=""chip c1"">章节：操作系统概论</span><span class=""chip c2"">识记</span><span class=""chip c3"">操作系统的概念</span></div><h1>计算机系统的组成</h1><div class=""a"">计算机系统包括硬件（子）系统和软件（子）系统。硬件系统是计算机系统赖以工作的实体。软件系统保证计算机系统按用户指定的要求协调工作。这两部分构成了计算机系统的资源。因此，计算机系统的资源包括两大类：硬件资源和软件资源。 <span class=""hit"">中央处理器</span>（CPU）、内存、<span class=""hit"">外存储器</span>（磁盘、磁带等） 以及各种类型的<span class=""hit"">输入输出设备</span>（键盘、鼠标、显示器、打印机等）组成了计算机硬件系统；各种程序和数据则组成了计算机的软件系统，</div><div class=""ansbox"">挖空答案：<b>中央处理器；外存储器；输入输出设备</b></div><div class=""pg"">教材页码：P26</div>"	操作系统概论 识记 操作系统的概念 13180操作系统
"<div class=""top""><span class=""chip c1"">章节：操作系统概论</span><span class=""chip c2"">识记</span><span class=""chip c3"">操作系统的概念</span></div><h1>操作系统的定义</h1><div class=""q""><span class=""blank"">______</span>是计算机系统中的一个<span class=""blank"">______</span>，它是这样一些程序模块的集合——它们能有效地组织和管理计算机系统中的硬件及<span class=""blank"">______</span>，合理地组织计算机工作流程，控制程序的执行，并向用户提供各种服务功能，使得用户能够灵活、方便、有效地使用计算机，并使整个计算机系统高效运行。从表现形式看，操作系统是一个大型软件程序，其中大量是实现各项功能的程序模块；从设计和结构角度看，这些程序通常是模块化的，有些带内核，有些本身是层次化的，还有些是客户机/服务器结构的。总之，操作系统这样一个大型软件程序，是大量具有各种功能的程序模块的集合。</div>"	"<div class=""top""><span class=""chip c1"">章节：操作系统概论</span><span class=""chip c2"">识记</span><span class=""chip c3"">操作系统的概念</span></div><h1>操作系统的定义</h1><div class=""a""><span class=""hit"">操作系统</span>是计算机系统中的一个<span class=""hit"">系统软件</span>，它是这样一些程序模块的集合——它们能有效地组织和管理计算机系统中的硬件及<span class=""hit"">软件资源</span>，合理地组织计算机工作流程，控制程序的执行，并向用户提供各种服务功能，使得用户能够灵活、方便、有效地使用计算机，并使整个计算机系统高效运行。从表现形式看，<span class=""hit"">操作系统</span>是一个大型软件程序，其中大量是实现各项功能的程序模块；从设计和结构角度看，这些程序通常是模块化的，有些带内核，有些本身是层次化的，还有些是客户机/服务器结构的。总之，<span class=""hit"">操作系统</span>这样一个大型软件程序，是大量具有各种功能的程序模块的集合。</div><div class=""ansbox"">挖空答案：<b>操作系统；系统软件；软件资源</b></div><div class=""pg"">教材页码：P27</div>"	操作系统概论 识记 操作系统的概念 13180操作系统
"<div class=""top""><span class=""chip c1"">章节：操作系统概论</span><span class=""chip c2"">识记</span><span class=""chip c3"">操作系统的概念</span></div><h1>操作系统在计算机系统中的地位和作用</h1><div class=""q"">地位：<span class=""blank"">______</span>是计算机系统中最基本的、最接近系统硬件的<span class=""blank"">______</span>，位于计算机硬件和应用软件之间，是用户和计算机硬件之间的接口；在计算机系统中，集中了资源管理功能和控制程序执行功能的一种软件称为操作系统。作用：①组织和管理计算机系统中的硬件及<span class=""blank"">______</span>（通过各种表格或数据结构登记资源名称、类型、数量、用途、完好状态及使用状态并动态更新）；②合理地组织计算机工作流程，控制程序的执行，“合理”指公平对待不同用户程序，保证系统不发生死锁和饥饿；③向用户提供各种服务功能——一方面向程序开发设计人员提供高效的程序设计接口，另一方面向使用计算机的用户提供接口，使用户能够灵活、方便、有效地使用计算机；④可以实现对硬件机器的扩展，将裸机改造成功能更强、使用更方便的虚拟机，使整个计算机系统高效运行。</div>"	"<div class=""top""><span class=""chip c1"">章节：操作系统概论</span><span class=""chip c2"">识记</span><span class=""chip c3"">操作系统的概念</span></div><h1>操作系统在计算机系统中的地位和作用</h1><div class=""a"">地位：<span class=""hit"">操作系统</span>是计算机系统中最基本的、最接近系统硬件的<span class=""hit"">系统软件</span>，位于计算机硬件和应用软件之间，是用户和计算机硬件之间的接口；在计算机系统中，集中了资源管理功能和控制程序执行功能的一种软件称为<span class=""hit"">操作系统</span>。作用：①组织和管理计算机系统中的硬件及<span class=""hit"">软件资源</span>（通过各种表格或数据结构登记资源名称、类型、数量、用途、完好状态及使用状态并动态更新）；②合理地组织计算机工作流程，控制程序的执行，“合理”指公平对待不同用户程序，保证系统不发生死锁和饥饿；③向用户提供各种服务功能——一方面向程序开发设计人员提供高效的程序设计接口，另一方面向使用计算机的用户提供接口，使用户能够灵活、方便、有效地使用计算机；④可以实现对硬件机器的扩展，将裸机改造成功能更强、使用更方便的虚拟机，使整个计算机系统高效运行。</div><div class=""ansbox"">挖空答案：<b>操作系统；系统软件；软件资源</b></div><div class=""pg"">教材页码：P34</div>"	操作系统概论 识记 操作系统的概念 13180操作系统
"<div class=""top""><span class=""chip c1"">章节：操作系统概论</span><span class=""chip c2"">领会</span><span class=""chip c3"">操作系统的概念</span></div><h1>并发性、共享性、虚拟性和异步性是操作系统的特征</h1><div class=""q"">操作系统作为一种<span class=""blank"">______</span>，具有与其他软件不同的四大特征：（1）并发性：指在计算机系统中同时存在若干正在运行的程序，从宏观上看这些程序在同时向前推进。体现在两方面：用户程序与用户程序之间并发执行；用户程序与操作系统程序之间并发执行。并发与并行不同——并行性是指两个或多个事件在同一时刻发生（微观、物理上同时发生），并发性是指两个或多个事件在同一给定的时间间隔内发生（较宏观的概念）；并行的若干事件一定是并发的，反之不真。单处理器系统中多个程序并发执行不具有并行性。（2）共享性：指操作系统程序与多个用户程序共用系统中的各种资源，这种共享是在操作系统控制下实现的，主要共享<span class=""blank"">______</span>、内存储器、<span class=""blank"">______</span>、外部设备。共享有两种形式：互斥共享（如打印机、磁带机、扫描仪等临界资源，一段时间内只能由某一个用户程序使用，用完后由操作系统按策略再选一个程序占有）和同时共享（一段时间内可被多个程序同时访问，宏观同时、微观交替，如可重入的操作系统代码和硬盘）。（3）虚拟性：是一种管理技术，把物理上的一个实体变成逻辑上的多个对应物，或把物理上的多个实体变成逻辑上的一个对应物的技术，目的是为用户提供易于使用、方便高效的操作环境。具体表现为虚拟内存（作业所占内存比实际内存大时，先调入部分作业，处理完再调入后续部分，程序认为内存足够大）和虚拟外设（多个外设工作时间差在可接受范围内，近似同时工作）。（4）异步性：操作系统在随机环境下运行，不能对所运行程序的行为及硬件设备情况做事先假定。多道程序环境下允许多个程序并发执行，但由于资源有限，进程的执行不是一贯到底，而是走走停停，以不可预知的速度向前推进，即进程的执行顺序和执行时间不确定。</div>"	"<div class=""top""><span class=""chip c1"">章节：操作系统概论</span><span class=""chip c2"">领会</span><span class=""chip c3"">操作系统的概念</span></div><h1>并发性、共享性、虚拟性和异步性是操作系统的特征</h1><div class=""a"">操作系统作为一种<span class=""hit"">系统软件</span>，具有与其他软件不同的四大特征：（1）并发性：指在计算机系统中同时存在若干正在运行的程序，从宏观上看这些程序在同时向前推进。体现在两方面：用户程序与用户程序之间并发执行；用户程序与操作系统程序之间并发执行。并发与并行不同——并行性是指两个或多个事件在同一时刻发生（微观、物理上同时发生），并发性是指两个或多个事件在同一给定的时间间隔内发生（较宏观的概念）；并行的若干事件一定是并发的，反之不真。单处理器系统中多个程序并发执行不具有并行性。（2）共享性：指操作系统程序与多个用户程序共用系统中的各种资源，这种共享是在操作系统控制下实现的，主要共享<span class=""hit"">中央处理器</span>、内存储器、<span class=""hit"">外存储器</span>、外部设备。共享有两种形式：互斥共享（如打印机、磁带机、扫描仪等临界资源，一段时间内只能由某一个用户程序使用，用完后由操作系统按策略再选一个程序占有）和同时共享（一段时间内可被多个程序同时访问，宏观同时、微观交替，如可重入的操作系统代码和硬盘）。（3）虚拟性：是一种管理技术，把物理上的一个实体变成逻辑上的多个对应物，或把物理上的多个实体变成逻辑上的一个对应物的技术，目的是为用户提供易于使用、方便高效的操作环境。具体表现为虚拟内存（作业所占内存比实际内存大时，先调入部分作业，处理完再调入后续部分，程序认为内存足够大）和虚拟外设（多个外设工作时间差在可接受范围内，近似同时工作）。（4）异步性：操作系统在随机环境下运行，不能对所运行程序的行为及硬件设备情况做事先假定。多道程序环境下允许多个程序并发执行，但由于资源有限，进程的执行不是一贯到底，而是走走停停，以不可预知的速度向前推进，即进程的执行顺序和执行时间不确定。</div><div class=""ansbox"">挖空答案：<b>系统软件；中央处理器；外存储器</b></div><div class=""pg"">教材页码：P27</div>"	操作系统概论 领会 操作系统的概念 13180操作系统
"<div class=""top""><span class=""chip c1"">章节：操作系统概论</span><span class=""chip c2"">识记</span><span class=""chip c3"">操作系统的发展</span></div><h1>多道批处理操作系统</h1><div class=""q"">进入第三代计算机时代以后，硬件有了很大发展，通道使得输入输出操作与CPU操作并行处理成为可能，软件系统也随之变化，实现了在硬件提供并行处理之上的多道程序设计。所谓多道是指它允许多个程序同时存在于内存之中，由<span class=""blank"">______</span>以切换方式为之服务，使得多个程序可以同时执行。计算机资源不再“串行”地被一个个用户独占，而是可以同时为几个用户共享，从而极大地提高了系统在单位时间内处理作业的能力。这时管理程序已迅速发展成为一个重要的软件分支——操作系统。<span class=""blank"">______</span>系统的关键技术是多道程序运行和<span class=""blank"">______</span>（假脱机）技术：多道程序设计的基本思想是在内存中同时保持多个作业，主机以交替方式同时处理多个作业，让多个作业交替地同时使用不同资源，大大提高各种外部设备的利用率。</div>"	"<div class=""top""><span class=""chip c1"">章节：操作系统概论</span><span class=""chip c2"">识记</span><span class=""chip c3"">操作系统的发展</span></div><h1>多道批处理操作系统</h1><div class=""a"">进入第三代计算机时代以后，硬件有了很大发展，通道使得输入输出操作与CPU操作并行处理成为可能，软件系统也随之变化，实现了在硬件提供并行处理之上的多道程序设计。所谓多道是指它允许多个程序同时存在于内存之中，由<span class=""hit"">中央处理器</span>以切换方式为之服务，使得多个程序可以同时执行。计算机资源不再“串行”地被一个个用户独占，而是可以同时为几个用户共享，从而极大地提高了系统在单位时间内处理作业的能力。这时管理程序已迅速发展成为一个重要的软件分支——操作系统。<span class=""hit"">多道批处理</span>系统的关键技术是多道程序运行和<span class=""hit"">SPOOLing</span>（假脱机）技术：多道程序设计的基本思想是在内存中同时保持多个作业，主机以交替方式同时处理多个作业，让多个作业交替地同时使用不同资源，大大提高各种外部设备的利用率。</div><div class=""ansbox"">挖空答案：<b>中央处理器；多道批处理；SPOOLing</b></div><div class=""pg"">教材页码：P36</div>"	操作系统概论 识记 操作系统的发展 13180操作系统
"<div class=""top""><span class=""chip c1"">章节：操作系统概论</span><span class=""chip c2"">识记</span><span class=""chip c3"">操作系统的发展</span></div><h1>分时与实时操作系统</h1><div class=""q"">分时系统：<span class=""blank"">______</span>不适合交互式作业，对交互式工作方式的需求导致了分时系统（Time Sharing System）的出现。所谓分时系统是指多个用户通过终端设备与计算机交互作用来运行自己的作业，并且共享一个计算机系统而互不干扰，就好像自己有一台计算机。由于调试程序的用户常常只发出简短的命令（如编译一个五页的源文件），而很少有长的费时命令，因此计算机能够为许多用户提供交互式快速服务，同时在CPU空闲时还能运行大的<span class=""blank"">______</span>。<span class=""blank"">______</span>：使计算机能在规定的时间内，及时响应外部事件的请求，同时完成对该事件的处理，并能够控制所有实时设备和实时任务协调一致地开展工作的操作系统。主要目标是在严格的时间范围内对外部请求做出反应，系统具有高度可靠性，分为硬实时系统和软实时系统两类。</div>"	"<div class=""top""><span class=""chip c1"">章节：操作系统概论</span><span class=""chip c2"">识记</span><span class=""chip c3"">操作系统的发展</span></div><h1>分时与实时操作系统</h1><div class=""a"">分时系统：<span class=""hit"">批处理系统</span>不适合交互式作业，对交互式工作方式的需求导致了分时系统（Time Sharing System）的出现。所谓分时系统是指多个用户通过终端设备与计算机交互作用来运行自己的作业，并且共享一个计算机系统而互不干扰，就好像自己有一台计算机。由于调试程序的用户常常只发出简短的命令（如编译一个五页的源文件），而很少有长的费时命令，因此计算机能够为许多用户提供交互式快速服务，同时在CPU空闲时还能运行大的<span class=""hit"">后台作业</span>。<span class=""hit"">实时操作系统</span>：使计算机能在规定的时间内，及时响应外部事件的请求，同时完成对该事件的处理，并能够控制所有实时设备和实时任务协调一致地开展工作的操作系统。主要目标是在严格的时间范围内对外部请求做出反应，系统具有高度可靠性，分为硬实时系统和软实时系统两类。</div><div class=""ansbox"">挖空答案：<b>批处理系统；后台作业；实时操作系统</b></div><div class=""pg"">教材页码：P36</div>"	操作系统概论 识记 操作系统的发展 13180操作系统
"<div class=""top""><span class=""chip c1"">章节：操作系统概论</span><span class=""chip c2"">识记</span><span class=""chip c3"">操作系统的发展</span></div><h1>通用操作系统</h1><div class=""q"">一般通用操作系统结合了<span class=""blank"">______</span>与<span class=""blank"">______</span>两种系统的特点。典型的通用操作系统是UNIX操作系统。在通用操作系统中，对于分时与批处理的处理原则是：分时优先，批处理在后。一般把系统的分时和批处理运行状态分别称为前台与后台：把处理终端用户的、交互式的、比较小的、需要及时处理的作业，即分时作业，称为前台作业；而把那些需要运行时间较长、要调用其他外部设备的、比较大的、无须终端用户干预的、且不需要立即处理的作业，即可以批量处理的作业，称为<span class=""blank"">______</span>。换句话说，在系统的“前台”响应需要频繁交互的作业（如大量终端的处理要求），而“后台”处理对时效性要求不强的作业。</div>"	"<div class=""top""><span class=""chip c1"">章节：操作系统概论</span><span class=""chip c2"">识记</span><span class=""chip c3"">操作系统的发展</span></div><h1>通用操作系统</h1><div class=""a"">一般通用操作系统结合了<span class=""hit"">分时操作系统</span>与<span class=""hit"">批处理操作系统</span>两种系统的特点。典型的通用操作系统是UNIX操作系统。在通用操作系统中，对于分时与批处理的处理原则是：分时优先，批处理在后。一般把系统的分时和批处理运行状态分别称为前台与后台：把处理终端用户的、交互式的、比较小的、需要及时处理的作业，即分时作业，称为前台作业；而把那些需要运行时间较长、要调用其他外部设备的、比较大的、无须终端用户干预的、且不需要立即处理的作业，即可以批量处理的作业，称为<span class=""hit"">后台作业</span>。换句话说，在系统的“前台”响应需要频繁交互的作业（如大量终端的处理要求），而“后台”处理对时效性要求不强的作业。</div><div class=""ansbox"">挖空答案：<b>分时操作系统；批处理操作系统；后台作业</b></div><div class=""pg"">教材页码：P41</div>"	操作系统概论 识记 操作系统的发展 13180操作系统
"<div class=""top""><span class=""chip c1"">章节：操作系统概论</span><span class=""chip c2"">识记</span><span class=""chip c3"">操作系统的发展</span></div><h1>个人计算机操作系统</h1><div class=""q"">20世纪70年代末期出现了面向个人计算机的<span class=""blank"">______</span>，例如微软公司的MS-DOS操作系统，MS-DOS属于<span class=""blank"">______</span>操作系统。1984年出现了具有交互式图形功能的苹果操作系统；1992年微软公司推出了有交互式图形功能的操作系统Windows 3.1；Windows 95在1995年8月正式登台亮相，从此Windows成为个人计算机平台的主流操作系统。1991年Linus在Internet上公布了Linux操作系统，Linux从一个人的产品逐渐演变成成功的操作系统。Linux遵从国际UNIX标准POSIX，继承了UNIX的全部优点，而且还开放全部源码，能在网上自由下载，极其健壮，世界上很多Linux主机连续不停机<span class=""blank"">______</span>一年以上而不曾崩溃。Linux是UNIX操作系统家族中具有自由版权的UNIX类操作系统中一个较突出的代表。</div>"	"<div class=""top""><span class=""chip c1"">章节：操作系统概论</span><span class=""chip c2"">识记</span><span class=""chip c3"">操作系统的发展</span></div><h1>个人计算机操作系统</h1><div class=""a"">20世纪70年代末期出现了面向个人计算机的<span class=""hit"">操作系统</span>，例如微软公司的MS-DOS<span class=""hit"">操作系统</span>，MS-DOS属于<span class=""hit"">单用户单任务</span><span class=""hit"">操作系统</span>。1984年出现了具有交互式图形功能的苹果<span class=""hit"">操作系统</span>；1992年微软公司推出了有交互式图形功能的<span class=""hit"">操作系统</span>Windows 3.1；Windows 95在1995年8月正式登台亮相，从此Windows成为个人计算机平台的主流<span class=""hit"">操作系统</span>。1991年Linus在Internet上公布了Linux<span class=""hit"">操作系统</span>，Linux从一个人的产品逐渐演变成成功的<span class=""hit"">操作系统</span>。Linux遵从国际UNIX标准POSIX，继承了UNIX的全部优点，而且还开放全部源码，能在网上自由下载，极其健壮，世界上很多Linux主机连续不停机<span class=""hit"">运行</span>一年以上而不曾崩溃。Linux是UNIX<span class=""hit"">操作系统</span>家族中具有自由版权的UNIX类<span class=""hit"">操作系统</span>中一个较突出的代表。</div><div class=""ansbox"">挖空答案：<b>操作系统；单用户单任务；运行</b></div><div class=""pg"">教材页码：P37</div>"	操作系统概论 识记 操作系统的发展 13180操作系统
"<div class=""top""><span class=""chip c1"">章节：操作系统概论</span><span class=""chip c2"">识记</span><span class=""chip c3"">操作系统分类</span></div><h1>批处理操作系统</h1><div class=""q"">批处理操作系统是一种早期的操作系统。（1）基本工作方式：用户将作业交给系统操作员，系统操作员收到作业后并不立即输入计算机，而是在收到一定数量的用户作业之后组成一批作业，再把这批作业输入计算机中；这批作业可在系统中形成一个连续的、自动转接的作业流；系统自动、依次执行每个作业，最后由操作员将执行完毕的作业结果交给用户。（2）特点与分类：特点是成批处理，用户不能干预自己作业的运行，提交后发现错误无法及时改正，需重新提交，延长了软件开发时间，更适用于成熟的程序。追求目标是系统资源利用率高、作业吞吐率高（单位时间内计算机系统处理作业的个数）。优点是作业流程自动化较高、资源利用率较高、作业吞吐量大；缺点是用户不能直接与计算机交互，不适合调试程序。依据系统复杂程度和出现时间先后，分为简单批处理系统（早期批处理系统/监控程序）和<span class=""blank"">______</span>系统。（3）关键技术：<span class=""blank"">______</span>（假脱机，Simultaneous Peripheral Operating On Line，同时的外部设备联机操作）技术——用磁盘设备作为主机的直接<span class=""blank"">______</span>，主机直接从磁盘上选取作业运行、结果也存磁盘，通道负责将用户作业从卡片机动态写入磁盘且与主机并行。</div>"	"<div class=""top""><span class=""chip c1"">章节：操作系统概论</span><span class=""chip c2"">识记</span><span class=""chip c3"">操作系统分类</span></div><h1>批处理操作系统</h1><div class=""a"">批处理操作系统是一种早期的操作系统。（1）基本工作方式：用户将作业交给系统操作员，系统操作员收到作业后并不立即输入计算机，而是在收到一定数量的用户作业之后组成一批作业，再把这批作业输入计算机中；这批作业可在系统中形成一个连续的、自动转接的作业流；系统自动、依次执行每个作业，最后由操作员将执行完毕的作业结果交给用户。（2）特点与分类：特点是成批处理，用户不能干预自己作业的运行，提交后发现错误无法及时改正，需重新提交，延长了软件开发时间，更适用于成熟的程序。追求目标是系统资源利用率高、作业吞吐率高（单位时间内计算机系统处理作业的个数）。优点是作业流程自动化较高、资源利用率较高、作业吞吐量大；缺点是用户不能直接与计算机交互，不适合调试程序。依据系统复杂程度和出现时间先后，分为简单批处理系统（早期批处理系统/监控程序）和<span class=""hit"">多道批处理</span>系统。（3）关键技术：<span class=""hit"">SPOOLing</span>（假脱机，Simultaneous Peripheral Operating On Line，同时的外部设备联机操作）技术——用磁盘设备作为主机的直接<span class=""hit"">输入输出设备</span>，主机直接从磁盘上选取作业运行、结果也存磁盘，通道负责将用户作业从卡片机动态写入磁盘且与主机并行。</div><div class=""ansbox"">挖空答案：<b>多道批处理；SPOOLing；输入输出设备</b></div><div class=""pg"">教材页码：P38</div>"	操作系统概论 识记 操作系统分类 13180操作系统
"<div class=""top""><span class=""chip c1"">章节：操作系统概论</span><span class=""chip c2"">识记</span><span class=""chip c3"">操作系统分类</span></div><h1>分时操作系统</h1><div class=""q"">分时操作系统出现在<span class=""blank"">______</span>之后，是为弥补批处理方式不能向用户提供交互式快速服务的不足而发展起来的。（1）基本工作方式：一台计算机主机连接若干个终端，每个终端可由一个用户使用；用户通过终端向系统交互式地提出命令请求，系统接受命令后采用<span class=""blank"">______</span>方式处理服务请求，并通过交互方式在终端上向用户显示结果；用户根据处理结果发出下一道交互命令。（2）设计思想：将CPU的时间划分成若干个小片段称为时间片，操作系统以时间片为单位轮流为每个终端用户服务。由于计算机处理速度远比人的反应速度快得多，时间片轮回速度比用户敲击键盘速度快，用户不会感到有别的用户存在，似乎系统被他独占。（3）特点：具有多路性（多个用户同时使用一台计算机，宏观多人同时用一个处理器，微观多人在不同时刻轮流使用）、交互性（用户根据系统响应结果提出下一个请求，直接干预操作每一步）、独占性（每个用户感觉不到计算机在为其他人服务，好像整个系统为他个人独占）和及时性（系统能对用户请求及时响应）。追求目标是及时响应用户输入的交互命令，衡量指标是<span class=""blank"">______</span>（用户从终端发出命令到系统给予回答所经历的时间），响应时间越短越好。</div>"	"<div class=""top""><span class=""chip c1"">章节：操作系统概论</span><span class=""chip c2"">识记</span><span class=""chip c3"">操作系统分类</span></div><h1>分时操作系统</h1><div class=""a"">分时操作系统出现在<span class=""hit"">批处理操作系统</span>之后，是为弥补批处理方式不能向用户提供交互式快速服务的不足而发展起来的。（1）基本工作方式：一台计算机主机连接若干个终端，每个终端可由一个用户使用；用户通过终端向系统交互式地提出命令请求，系统接受命令后采用<span class=""hit"">时间片轮转</span>方式处理服务请求，并通过交互方式在终端上向用户显示结果；用户根据处理结果发出下一道交互命令。（2）设计思想：将CPU的时间划分成若干个小片段称为时间片，操作系统以时间片为单位轮流为每个终端用户服务。由于计算机处理速度远比人的反应速度快得多，时间片轮回速度比用户敲击键盘速度快，用户不会感到有别的用户存在，似乎系统被他独占。（3）特点：具有多路性（多个用户同时使用一台计算机，宏观多人同时用一个处理器，微观多人在不同时刻轮流使用）、交互性（用户根据系统响应结果提出下一个请求，直接干预操作每一步）、独占性（每个用户感觉不到计算机在为其他人服务，好像整个系统为他个人独占）和及时性（系统能对用户请求及时响应）。追求目标是及时响应用户输入的交互命令，衡量指标是<span class=""hit"">响应时间</span>（用户从终端发出命令到系统给予回答所经历的时间），<span class=""hit"">响应时间</span>越短越好。</div><div class=""ansbox"">挖空答案：<b>批处理操作系统；时间片轮转；响应时间</b></div><div class=""pg"">教材页码：P41</div>"	操作系统概论 识记 操作系统分类 13180操作系统
"<div class=""top""><span class=""chip c1"">章节：操作系统概论</span><span class=""chip c2"">识记</span><span class=""chip c3"">操作系统分类</span></div><h1>实时操作系统</h1><div class=""q"">实时操作系统（Real Time Operating System, RTOS）是指使计算机能在规定的时间内，及时响应外部事件的请求，同时完成对该事件的处理，并能够控制所有实时设备和实时任务协调一致地开展工作的操作系统。主要目标是在严格的时间范围内对外部请求做出反应，系统具有高度可靠性。主要有两类：第一类是<span class=""blank"">______</span>系统——对关键外部事件的响应和处理时间有着极为严格的要求，系统必须满足这种严格时间要求，否则会产生严重不良后果，如火箭和导弹控制、机器人控制、核反应堆控制、飞行控制系统等，时间精确度要求通常在微秒以下；第二类是<span class=""blank"">______</span>系统——对事件响应和处理时间有一定时间范围要求，不能满足会影响服务质量但通常不会引发灾难性后果，如视频信息处理、电信自动交换机、银行、飞机订票等。实时操作系统除具有<span class=""blank"">______</span>系统基本能力外，还需：①实时时钟管理（实时任务分定时任务和延时任务，又分主动式和从动式任务）；②过载防护（突发大量任务超出处理能力时，迅速分析判断找出最重要任务，抛弃或延后次要任务）；③高可靠性（很强的健壮性和坚固性）。</div>"	"<div class=""top""><span class=""chip c1"">章节：操作系统概论</span><span class=""chip c2"">识记</span><span class=""chip c3"">操作系统分类</span></div><h1>实时操作系统</h1><div class=""a"">实时操作系统（Real Time Operating System, RTOS）是指使计算机能在规定的时间内，及时响应外部事件的请求，同时完成对该事件的处理，并能够控制所有实时设备和实时任务协调一致地开展工作的操作系统。主要目标是在严格的时间范围内对外部请求做出反应，系统具有高度可靠性。主要有两类：第一类是<span class=""hit"">硬实时</span>系统——对关键外部事件的响应和处理时间有着极为严格的要求，系统必须满足这种严格时间要求，否则会产生严重不良后果，如火箭和导弹控制、机器人控制、核反应堆控制、飞行控制系统等，时间精确度要求通常在微秒以下；第二类是<span class=""hit"">软实时</span>系统——对事件响应和处理时间有一定时间范围要求，不能满足会影响服务质量但通常不会引发灾难性后果，如视频信息处理、电信自动交换机、银行、飞机订票等。实时操作系统除具有<span class=""hit"">多道程序</span>系统基本能力外，还需：①实时时钟管理（实时任务分定时任务和延时任务，又分主动式和从动式任务）；②过载防护（突发大量任务超出处理能力时，迅速分析判断找出最重要任务，抛弃或延后次要任务）；③高可靠性（很强的健壮性和坚固性）。</div><div class=""ansbox"">挖空答案：<b>硬实时；软实时；多道程序</b></div><div class=""pg"">教材页码：P42</div>"	操作系统概论 识记 操作系统分类 13180操作系统
"<div class=""top""><span class=""chip c1"">章节：操作系统概论</span><span class=""chip c2"">识记</span><span class=""chip c3"">操作系统分类</span></div><h1>个人计算机操作系统</h1><div class=""q""><span class=""blank"">______</span>（Personal Computer Operating System）是一种单用户的操作系统。主要供个人使用，功能强，价格便宜，在几乎任何地方都可安装使用。它能满足一般人在操作、学习、游戏等方面的需求。主要特点是：计算机在某一时间内为单个用户服务；采用图形界面人机交互的工作方式，界面友好；使用方便，用户无须具备专门知识，也能熟练地操纵系统。</div>"	"<div class=""top""><span class=""chip c1"">章节：操作系统概论</span><span class=""chip c2"">识记</span><span class=""chip c3"">操作系统分类</span></div><h1>个人计算机操作系统</h1><div class=""a""><span class=""hit"">个人计算机操作系统</span>（Personal Computer Operating System）是一种单用户的操作系统。主要供个人使用，功能强，价格便宜，在几乎任何地方都可安装使用。它能满足一般人在操作、学习、游戏等方面的需求。主要特点是：计算机在某一时间内为单个用户服务；采用图形界面人机交互的工作方式，界面友好；使用方便，用户无须具备专门知识，也能熟练地操纵系统。</div><div class=""ansbox"">挖空答案：<b>个人计算机操作系统</b></div><div class=""pg"">教材页码：P43</div>"	操作系统概论 识记 操作系统分类 13180操作系统
"<div class=""top""><span class=""chip c1"">章节：操作系统概论</span><span class=""chip c2"">识记</span><span class=""chip c3"">操作系统分类</span></div><h1>网络操作系统</h1><div class=""q"">为计算机网络配置的<span class=""blank"">______</span>称为网络操作系统（Network Operating System）。网络操作系统是基于计算机网络的、在各种计算机操作系统之上按网络体系结构协议标准设计开发的软件，它包括网络管理、通信、安全、资源共享和各种网络应用。网络操作系统把计算机网络中的各个计算机有机地连接起来，其目标是相互通信及资源共享。通过网络操作系统，用户可以使用网络中其他计算机的资源，实现计算机相互间的信息交换，从而扩大了计算机的应用范围。计算机网络有不同模式：集中式模式中运算处理在主计算机里发生，终端仅作为<span class=""blank"">______</span>使用；分布式模式中每台计算机都有运算处理能力，多台计算机通过网络交换数据并共享资源和服务，不仅能共享数据、资源及服务，还能够共享运算处理能力。</div>"	"<div class=""top""><span class=""chip c1"">章节：操作系统概论</span><span class=""chip c2"">识记</span><span class=""chip c3"">操作系统分类</span></div><h1>网络操作系统</h1><div class=""a"">为计算机网络配置的<span class=""hit"">操作系统</span>称为网络<span class=""hit"">操作系统</span>（Network Operating System）。网络<span class=""hit"">操作系统</span>是基于计算机网络的、在各种计算机<span class=""hit"">操作系统</span>之上按网络体系结构协议标准设计开发的软件，它包括网络管理、通信、安全、资源共享和各种网络应用。网络<span class=""hit"">操作系统</span>把计算机网络中的各个计算机有机地连接起来，其目标是相互通信及资源共享。通过网络<span class=""hit"">操作系统</span>，用户可以使用网络中其他计算机的资源，实现计算机相互间的信息交换，从而扩大了计算机的应用范围。计算机网络有不同模式：集中式模式中运算处理在主计算机里发生，终端仅作为<span class=""hit"">输入输出设备</span>使用；分布式模式中每台计算机都有运算处理能力，多台计算机通过网络交换数据并共享资源和服务，不仅能共享数据、资源及服务，还能够共享运算处理能力。</div><div class=""ansbox"">挖空答案：<b>操作系统；输入输出设备</b></div><div class=""pg"">教材页码：P43</div>"	操作系统概论 识记 操作系统分类 13180操作系统
"<div class=""top""><span class=""chip c1"">章节：操作系统概论</span><span class=""chip c2"">识记</span><span class=""chip c3"">操作系统分类</span></div><h1>分布式操作系统</h1><div class=""q"">将大量计算机通过网络联结在一起，可获得极高运算能力及实现广泛数据共享，这样的系统称为分布式系统；为分布式系统配置的<span class=""blank"">______</span>称为分布式操作系统（Distributed Operating System）。分布式操作系统是<span class=""blank"">______</span>的更高级形式，除保持网络操作系统各种功能外，还具备如下特征：①是一个统一的操作系统，系统中所有主机使用的是同一个操作系统；②实现资源的深度共享——通过统一操作系统调度，在某台主机上执行的计算任务可以迁移到另一台主机上执行，真正实现处理机资源共享；③透明性——在用户眼里整个分布式系统像一个具有强大功能的计算机，用户不知道系统运行在多少台计算机上，各主机地理位置差异对用户透明，分布式操作系统屏蔽了这种差异；④自治性——处于分布式系统中的各个主机都处于平等地位，各主机之间没有主从关系，一个主机的失效一般不会影响整个分布式系统。分布式操作系统可把计算任务分解成若干可并行执行的子任务在不同计算机上执行，以较低成本获得较高运算性能，且可靠性高。机群（<span class=""blank"">______</span>）是分布式系统的一种。</div>"	"<div class=""top""><span class=""chip c1"">章节：操作系统概论</span><span class=""chip c2"">识记</span><span class=""chip c3"">操作系统分类</span></div><h1>分布式操作系统</h1><div class=""a"">将大量计算机通过网络联结在一起，可获得极高运算能力及实现广泛数据共享，这样的系统称为分布式系统；为分布式系统配置的<span class=""hit"">操作系统</span>称为分布式<span class=""hit"">操作系统</span>（Distributed Operating System）。分布式<span class=""hit"">操作系统</span>是<span class=""hit"">网络操作系统</span>的更高级形式，除保持<span class=""hit"">网络操作系统</span>各种功能外，还具备如下特征：①是一个统一的<span class=""hit"">操作系统</span>，系统中所有主机使用的是同一个<span class=""hit"">操作系统</span>；②实现资源的深度共享——通过统一<span class=""hit"">操作系统</span>调度，在某台主机上执行的计算任务可以迁移到另一台主机上执行，真正实现处理机资源共享；③透明性——在用户眼里整个分布式系统像一个具有强大功能的计算机，用户不知道系统运行在多少台计算机上，各主机地理位置差异对用户透明，分布式<span class=""hit"">操作系统</span>屏蔽了这种差异；④自治性——处于分布式系统中的各个主机都处于平等地位，各主机之间没有主从关系，一个主机的失效一般不会影响整个分布式系统。分布式<span class=""hit"">操作系统</span>可把计算任务分解成若干可并行执行的子任务在不同计算机上执行，以较低成本获得较高运算性能，且可靠性高。机群（<span class=""hit"">Cluster</span>）是分布式系统的一种。</div><div class=""ansbox"">挖空答案：<b>操作系统；网络操作系统；Cluster</b></div><div class=""pg"">教材页码：P43</div>"	操作系统概论 识记 操作系统分类 13180操作系统
"<div class=""top""><span class=""chip c1"">章节：操作系统概论</span><span class=""chip c2"">识记</span><span class=""chip c3"">操作系统分类</span></div><h1>嵌入式操作系统</h1><div class=""q"">嵌入式操作系统是一种用于嵌入式系统的操作系统，它通常被设计得非常<span class=""blank"">______</span>和高效，只保留运行在其上的特定应用<span class=""blank"">______</span>所需的功能。嵌入式操作系统是一种<span class=""blank"">______</span>，能够满足严格的时间限制和性能要求。应用领域非常广泛，包括工业控制、交通管理、信息家电等。特点有：①系统内核小——由于嵌入式系统资源有限，内核比传统操作系统小得多，有些只有几千字节；②专业性强——要与硬件紧密结合，针对不同任务和设备进行定制与移植，不能通用；③系统精简——不需要过于复杂的功能设计和实现，可降低系统成本和提高安全性；④高实时性——能及时响应外部事件和中断，保证任务执行顺序和完成时间；⑤是多任务的操作系统——要支持多任务调度和管理，合理分配和利用系统资源。典型的嵌入式操作系统如VxWorks、pSOS、eCOS、QNX、Windows CE以及嵌入式Linux等。</div>"	"<div class=""top""><span class=""chip c1"">章节：操作系统概论</span><span class=""chip c2"">识记</span><span class=""chip c3"">操作系统分类</span></div><h1>嵌入式操作系统</h1><div class=""a"">嵌入式操作系统是一种用于嵌入式系统的操作系统，它通常被设计得非常<span class=""hit"">紧凑</span>和高效，只保留运行在其上的特定应用<span class=""hit"">程序</span>所需的功能。嵌入式操作系统是一种<span class=""hit"">实时操作系统</span>，能够满足严格的时间限制和性能要求。应用领域非常广泛，包括工业控制、交通管理、信息家电等。特点有：①系统内核小——由于嵌入式系统资源有限，内核比传统操作系统小得多，有些只有几千字节；②专业性强——要与硬件紧密结合，针对不同任务和设备进行定制与移植，不能通用；③系统精简——不需要过于复杂的功能设计和实现，可降低系统成本和提高安全性；④高实时性——能及时响应外部事件和中断，保证任务执行顺序和完成时间；⑤是多任务的操作系统——要支持多任务调度和管理，合理分配和利用系统资源。典型的嵌入式操作系统如VxWorks、pSOS、eCOS、QNX、Windows CE以及嵌入式Linux等。</div><div class=""ansbox"">挖空答案：<b>紧凑；程序；实时操作系统</b></div><div class=""pg"">教材页码：P44</div>"	操作系统概论 识记 操作系统分类 13180操作系统
"<div class=""top""><span class=""chip c1"">章节：操作系统概论</span><span class=""chip c2"">识记</span><span class=""chip c3"">操作系统分类</span></div><h1>其他类型操作系统</h1><div class=""q"">除上述类型以外，<span class=""blank"">______</span>还包括以下几类：①大型机操作系统——<span class=""blank"">______</span>在大型机上，特点是有较高的安全性、可靠性和可伸缩性，通常用于银行、保险等行业；②服务器操作系统——运行在服务器上，特点是支持多个用户和多个任务，提供网络服务和资料共享，通常用于互联网、企业等领域；③多处理操作系统——运行在多处理机上，特点是多个处理器<span class=""blank"">______</span>执行任务，通常用于科学计算、图形处理等领域；④移动计算操作系统——运行在移动设备上，特点是支持移动通信、定位、传感等功能，通常用于智能手机、平板电脑等设备；⑤传感器节点操作系统——运行在传感器节点上，特点是支持传感器数据采集、处理和传输，通常用于物联网、环境监测等领域；⑥智能卡操作系统——运行在智能卡上，特点是支持智能卡的存储、计算和安全功能，通常用于金融、交通等领域。</div>"	"<div class=""top""><span class=""chip c1"">章节：操作系统概论</span><span class=""chip c2"">识记</span><span class=""chip c3"">操作系统分类</span></div><h1>其他类型操作系统</h1><div class=""a"">除上述类型以外，<span class=""hit"">操作系统</span>还包括以下几类：①大型机<span class=""hit"">操作系统</span>——<span class=""hit"">运行</span>在大型机上，特点是有较高的安全性、可靠性和可伸缩性，通常用于银行、保险等行业；②服务器<span class=""hit"">操作系统</span>——<span class=""hit"">运行</span>在服务器上，特点是支持多个用户和多个任务，提供网络服务和资料共享，通常用于互联网、企业等领域；③多处理<span class=""hit"">操作系统</span>——<span class=""hit"">运行</span>在多处理机上，特点是多个处理器<span class=""hit"">并行</span>执行任务，通常用于科学计算、图形处理等领域；④移动计算<span class=""hit"">操作系统</span>——<span class=""hit"">运行</span>在移动设备上，特点是支持移动通信、定位、传感等功能，通常用于智能手机、平板电脑等设备；⑤传感器节点<span class=""hit"">操作系统</span>——<span class=""hit"">运行</span>在传感器节点上，特点是支持传感器数据采集、处理和传输，通常用于物联网、环境监测等领域；⑥智能卡<span class=""hit"">操作系统</span>——<span class=""hit"">运行</span>在智能卡上，特点是支持智能卡的存储、计算和安全功能，通常用于金融、交通等领域。</div><div class=""ansbox"">挖空答案：<b>操作系统；运行；并行</b></div><div class=""pg"">教材页码：P45</div>"	操作系统概论 识记 操作系统分类 13180操作系统
"<div class=""top""><span class=""chip c1"">章节：操作系统概论</span><span class=""chip c2"">领会</span><span class=""chip c3"">操作系统设计</span></div><h1>操作系统设计的复杂度</h1><div class=""q""><span class=""blank"">______</span>是极其复杂和庞大的软件系统，操作系统本身以及它所管理的对象都是<span class=""blank"">______</span>的系统，设计过程中面临的主要困难有：（1）设计复杂程度高：表现在程序长（现代UNIX操作系统超过100万行代码，Windows 2000超过2900万行）；接口信息多，各组成部分之间信息交换很多且错综复杂；动态性强；并行性强，不同部分之间可以同时操作。操作系统必须处理<span class=""blank"">______</span>、管理共享信息和资源并保证安全，还必须考虑将来硬件变化、通用性和对以前版本的兼容性、适应性，以及作为防止外部用户入侵的屏障。（2）正确性难以保证：操作系统包含功能成分很多，各种外部设备接口复杂，源代码正确性较难保证，主要依靠软件工程规范来保证；参与开发人员基数大也加大了保证整个软件正确性的难度。解决途径是发展良好的操作系统结构，采用先进开发技术、工程化管理方法，并使用高效开发工具。（3）研发周期长：操作系统研发基本遵从需求分析、设计、实现调试、提交使用的过程范式，因上述两个原因研发周期较长，一般一个操作系统的研发周期为5年左右。</div>"	"<div class=""top""><span class=""chip c1"">章节：操作系统概论</span><span class=""chip c2"">领会</span><span class=""chip c3"">操作系统设计</span></div><h1>操作系统设计的复杂度</h1><div class=""a""><span class=""hit"">操作系统</span>是极其复杂和庞大的软件系统，<span class=""hit"">操作系统</span>本身以及它所管理的对象都是<span class=""hit"">并发</span>的系统，设计过程中面临的主要困难有：（1）设计复杂程度高：表现在程序长（现代UNIX<span class=""hit"">操作系统</span>超过100万行代码，Windows 2000超过2900万行）；接口信息多，各组成部分之间信息交换很多且错综复杂；动态性强；并行性强，不同部分之间可以同时操作。<span class=""hit"">操作系统</span>必须处理<span class=""hit"">同步机制</span>、管理共享信息和资源并保证安全，还必须考虑将来硬件变化、通用性和对以前版本的兼容性、适应性，以及作为防止外部用户入侵的屏障。（2）正确性难以保证：<span class=""hit"">操作系统</span>包含功能成分很多，各种外部设备接口复杂，源代码正确性较难保证，主要依靠软件工程规范来保证；参与开发人员基数大也加大了保证整个软件正确性的难度。解决途径是发展良好的<span class=""hit"">操作系统</span>结构，采用先进开发技术、工程化管理方法，并使用高效开发工具。（3）研发周期长：<span class=""hit"">操作系统</span>研发基本遵从需求分析、设计、实现调试、提交使用的过程范式，因上述两个原因研发周期较长，一般一个<span class=""hit"">操作系统</span>的研发周期为5年左右。</div><div class=""ansbox"">挖空答案：<b>操作系统；并发；同步机制</b></div><div class=""pg"">教材页码：P45</div>"	操作系统概论 领会 操作系统设计 13180操作系统
"<div class=""top""><span class=""chip c1"">章节：操作系统概论</span><span class=""chip c2"">领会</span><span class=""chip c3"">操作系统设计</span></div><h1>操作系统的设计过程</h1><div class=""q""><span class=""blank"">______</span>一般可分为三个部分：功能设计、算法设计和结构设计。操作系统的三方面设计是互相渗透的，不能截然分开；在任何一个方面中其总目标不变，即要求设计出一个既具有好结构、高功效，又具有所需功能的操作系统。（1）功能设计：根据系统的设计目标和使用要求，确定所设计的操作系统应具备哪些功能，以及操作系统的类型。（2）算法设计：根据计算机的性能和操作系统的功能，选择和设计满足系统功能的算法与策略，并分析和估算其效能。（3）结构设计：按照系统的功能和特性要求，选择合适的结构，使用相应结构设计方法将系统逐步分解、抽象和综合，使操作系统结构清晰、简明、可靠、易读、易修改，而且使用方便、适应性强。</div>"	"<div class=""top""><span class=""chip c1"">章节：操作系统概论</span><span class=""chip c2"">领会</span><span class=""chip c3"">操作系统设计</span></div><h1>操作系统的设计过程</h1><div class=""a""><span class=""hit"">操作系统的设计过程</span>一般可分为三个部分：功能设计、算法设计和结构设计。操作系统的三方面设计是互相渗透的，不能截然分开；在任何一个方面中其总目标不变，即要求设计出一个既具有好结构、高功效，又具有所需功能的操作系统。（1）功能设计：根据系统的设计目标和使用要求，确定所设计的操作系统应具备哪些功能，以及操作系统的类型。（2）算法设计：根据计算机的性能和操作系统的功能，选择和设计满足系统功能的算法与策略，并分析和估算其效能。（3）结构设计：按照系统的功能和特性要求，选择合适的结构，使用相应结构设计方法将系统逐步分解、抽象和综合，使操作系统结构清晰、简明、可靠、易读、易修改，而且使用方便、适应性强。</div><div class=""ansbox"">挖空答案：<b>操作系统的设计过程</b></div><div class=""pg"">教材页码：P46</div>"	操作系统概论 领会 操作系统设计 13180操作系统
"<div class=""top""><span class=""chip c1"">章节：操作系统概论</span><span class=""chip c2"">领会</span><span class=""chip c3"">操作系统设计</span></div><h1>操作系统的设计目标</h1><div class=""q"">一个高质量的<span class=""blank"">______</span>应具有可靠性、高效性、易维护性、可移植性、安全性等特征。（1）可靠性：包含正确性和健壮性（鲁棒性）两个方面。影响正确性的因素主要包括<span class=""blank"">______</span>、共享以及随之带来的不确定性——并发使各指令流执行次序可任意交叉，共享导致进程对系统资源竞争，二者引起系统不确定性，要求系统动态应付随时发生的各种内外部事件；健壮性指在发生硬件故障或意外环境下仍能做出适当处理、避免严重损失。（2）高效性：重要目标是提高系统中各种资源的利用率，即提高系统运行效率，应尽量减少用于系统管理所需的时间（系统开销/时间开销）。（3）易维护性：包括易读性、易扩充性、易剪裁性、易修改性等，要求操作系统投运后便于增、删、改等维护操作。（4）可移植性：把一个<span class=""blank"">______</span>系统从一个计算机系统环境移到另一个计算机系统环境中并能正常运行的特性；设计时应把与硬件有关的部分与其他部分相对独立、设计在底层，移植时只需修改底层。（5）安全性：操作系统安全性是整个计算机系统安全性的基础，为保护用户程序和数据提供最基本的安全机制。</div>"	"<div class=""top""><span class=""chip c1"">章节：操作系统概论</span><span class=""chip c2"">领会</span><span class=""chip c3"">操作系统设计</span></div><h1>操作系统的设计目标</h1><div class=""a"">一个高质量的<span class=""hit"">操作系统</span>应具有可靠性、高效性、易维护性、可移植性、安全性等特征。（1）可靠性：包含正确性和健壮性（鲁棒性）两个方面。影响正确性的因素主要包括<span class=""hit"">并发</span>、共享以及随之带来的不确定性——<span class=""hit"">并发</span>使各指令流执行次序可任意交叉，共享导致进程对系统资源竞争，二者引起系统不确定性，要求系统动态应付随时发生的各种内外部事件；健壮性指在发生硬件故障或意外环境下仍能做出适当处理、避免严重损失。（2）高效性：重要目标是提高系统中各种资源的利用率，即提高系统运行效率，应尽量减少用于系统管理所需的时间（系统开销/时间开销）。（3）易维护性：包括易读性、易扩充性、易剪裁性、易修改性等，要求<span class=""hit"">操作系统</span>投运后便于增、删、改等维护操作。（4）可移植性：把一个<span class=""hit"">程序</span>系统从一个计算机系统环境移到另一个计算机系统环境中并能正常运行的特性；设计时应把与硬件有关的部分与其他部分相对独立、设计在底层，移植时只需修改底层。（5）安全性：<span class=""hit"">操作系统</span>安全性是整个计算机系统安全性的基础，为保护用户<span class=""hit"">程序</span>和数据提供最基本的安全机制。</div><div class=""ansbox"">挖空答案：<b>操作系统；并发；程序</b></div><div class=""pg"">教材页码：P47</div>"	操作系统概论 领会 操作系统设计 13180操作系统
"<div class=""top""><span class=""chip c1"">章节：操作系统概论</span><span class=""chip c2"">领会</span><span class=""chip c3"">操作系统设计</span></div><h1>操作系统的结构设计</h1><div class=""q"">结构是构成一个事物内部的各种基本成分以及这些基本成分之间的关系。软件结构的研究对象主要是组成软件的各部分划分原则以及它们之间的关系（通信），即软件的构成法则和组合方法。<span class=""blank"">______</span>的结构是指操作系统各部分<span class=""blank"">______</span>的存在方式及相互关系：若各部分程序以程序模块方式存在、相互之间通过调用建立联系，则具有模块接口结构；若各部分程序以<span class=""blank"">______</span>方式存在、相互之间通过通信建立联系，则具有进程结构；若能按模块调用顺序或主进程信息发送顺序把模块进程分层、各层之间只能单向依赖，则分别产生模块层次结构和进程层次结构的操作系统。操作系统结构研究的目标有三条：系统模块化、模块标准化、通信规范化。模块化是把大型系统分解为相对独立、较易掌握的成分；模块严格化后看作一组数据结构及定义在这组数据结构上的一组操作，对模块的访问只能通过这些操作完成（信息隐蔽）。模块标准化包含标准设计（模块规格划一、遵循相同构造准则）和把操作系统基本成分定型化、模块化两方面。通信规范化指模块间接口清晰划一、联系方式统一。</div>"	"<div class=""top""><span class=""chip c1"">章节：操作系统概论</span><span class=""chip c2"">领会</span><span class=""chip c3"">操作系统设计</span></div><h1>操作系统的结构设计</h1><div class=""a"">结构是构成一个事物内部的各种基本成分以及这些基本成分之间的关系。软件结构的研究对象主要是组成软件的各部分划分原则以及它们之间的关系（通信），即软件的构成法则和组合方法。<span class=""hit"">操作系统</span>的结构是指<span class=""hit"">操作系统</span>各部分<span class=""hit"">程序</span>的存在方式及相互关系：若各部分<span class=""hit"">程序</span>以<span class=""hit"">程序</span>模块方式存在、相互之间通过调用建立联系，则具有模块接口结构；若各部分<span class=""hit"">程序</span>以<span class=""hit"">进程</span>方式存在、相互之间通过通信建立联系，则具有<span class=""hit"">进程</span>结构；若能按模块调用顺序或主<span class=""hit"">进程</span>信息发送顺序把模块<span class=""hit"">进程</span>分层、各层之间只能单向依赖，则分别产生模块层次结构和<span class=""hit"">进程</span>层次结构的<span class=""hit"">操作系统</span>。<span class=""hit"">操作系统</span>结构研究的目标有三条：系统模块化、模块标准化、通信规范化。模块化是把大型系统分解为相对独立、较易掌握的成分；模块严格化后看作一组数据结构及定义在这组数据结构上的一组操作，对模块的访问只能通过这些操作完成（信息隐蔽）。模块标准化包含标准设计（模块规格划一、遵循相同构造准则）和把<span class=""hit"">操作系统</span>基本成分定型化、模块化两方面。通信规范化指模块间接口清晰划一、联系方式统一。</div><div class=""ansbox"">挖空答案：<b>操作系统；程序；进程</b></div><div class=""pg"">教材页码：P48</div>"	操作系统概论 领会 操作系统设计 13180操作系统
"<div class=""top""><span class=""chip c1"">章节：操作系统概论</span><span class=""chip c2"">领会</span><span class=""chip c3"">操作系统设计</span></div><h1>操作系统的体系结构：整体式、层次式、客户/服务器（微内核）和外核</h1><div class=""q"">常见的操作系统体系结构有整体式结构、层次式结构、客户/服务器（微内核）结构、外核结构等。（1）整体式结构（模块组合结构）：早期设计方法，先确定总体功能，分解为若干子功能，实现每个子功能的程序称为模块，再按功能逐层分解直至最基本模块，最后通过接口连接成整体。优点是结构紧密、接口简单直接、系统效率较高；缺点是模块间转接随意、互相牵连、独立性差、结构不清晰，数据作全程量使用、模块间有隐蔽关系、更换修改困难，常以大型表格为中心、采用全局中断、限制并发性、可适应性差。（2）层次式结构：把所有功能模块按功能流图调用次序排列成若干层，各层之间模块只能单向依赖或单向调用（只允许上层/外层调用下层/内层），结构清晰、不构成循环。优点是把整体问题局部化、各模块组织结构和依赖关系清晰明了，易调试、易修改、易扩充、易维护、易保证正确性；分层时把与硬件紧密相关的软件放紧靠硬件的底层，把共同使用的基本部分放内层、随操作方式改变的部分放外层，系统调用功能模块（内核）放内层。（3）客户/服务器（微内核）结构：适合网络环境下分布式处理。运行在内核态的内核只提供很小功能集合（线程调度、<span class=""blank"">______</span>、消息传递、设备驱动、原语操作、<span class=""blank"">______</span>），称微内核；其余部分分成若干相对独立的服务进程运行在用户态，客户机进程与服务器进程之间不能直接通信，必须由内核以发送消息方式传递。优点是可靠（某服务器失败不影响其他部分）、灵活（便于增加新服务、修改不影响其他部分、可维护性好）、适合分布式处理；缺点是微内核可能成为系统瓶颈，通信频繁时效率不高。（4）外核（<span class=""blank"">______</span>）结构：内核负责的主要工作仅仅为简单的申请操作以及释放和复用硬件资源，以往操作系统提供的抽象全部在用户空间运行，实现应用级资源管理（由应用程序而非操作系统管理硬件资源）；外核系统由exokernel内核和library OS组成，应用程序与library OS编译链接在一起、共用一个地址空间，应用程序可有限制地访问系统资源。</div>"	"<div class=""top""><span class=""chip c1"">章节：操作系统概论</span><span class=""chip c2"">领会</span><span class=""chip c3"">操作系统设计</span></div><h1>操作系统的体系结构：整体式、层次式、客户/服务器（微内核）和外核</h1><div class=""a"">常见的操作系统体系结构有整体式结构、层次式结构、客户/服务器（微内核）结构、外核结构等。（1）整体式结构（模块组合结构）：早期设计方法，先确定总体功能，分解为若干子功能，实现每个子功能的程序称为模块，再按功能逐层分解直至最基本模块，最后通过接口连接成整体。优点是结构紧密、接口简单直接、系统效率较高；缺点是模块间转接随意、互相牵连、独立性差、结构不清晰，数据作全程量使用、模块间有隐蔽关系、更换修改困难，常以大型表格为中心、采用全局中断、限制并发性、可适应性差。（2）层次式结构：把所有功能模块按功能流图调用次序排列成若干层，各层之间模块只能单向依赖或单向调用（只允许上层/外层调用下层/内层），结构清晰、不构成循环。优点是把整体问题局部化、各模块组织结构和依赖关系清晰明了，易调试、易修改、易扩充、易维护、易保证正确性；分层时把与硬件紧密相关的软件放紧靠硬件的底层，把共同使用的基本部分放内层、随操作方式改变的部分放外层，系统调用功能模块（内核）放内层。（3）客户/服务器（微内核）结构：适合网络环境下分布式处理。运行在内核态的内核只提供很小功能集合（线程调度、<span class=""hit"">虚拟存储</span>、消息传递、设备驱动、原语操作、<span class=""hit"">中断处理</span>），称微内核；其余部分分成若干相对独立的服务进程运行在用户态，客户机进程与服务器进程之间不能直接通信，必须由内核以发送消息方式传递。优点是可靠（某服务器失败不影响其他部分）、灵活（便于增加新服务、修改不影响其他部分、可维护性好）、适合分布式处理；缺点是微内核可能成为系统瓶颈，通信频繁时效率不高。（4）外核（<span class=""hit"">Exokernel</span>）结构：内核负责的主要工作仅仅为简单的申请操作以及释放和复用硬件资源，以往操作系统提供的抽象全部在用户空间运行，实现应用级资源管理（由应用程序而非操作系统管理硬件资源）；外核系统由exokernel内核和library OS组成，应用程序与library OS编译链接在一起、共用一个地址空间，应用程序可有限制地访问系统资源。</div><div class=""ansbox"">挖空答案：<b>虚拟存储；中断处理；Exokernel</b></div><div class=""pg"">教材页码：P50</div>"	操作系统概论 领会 操作系统设计 13180操作系统
"<div class=""top""><span class=""chip c1"">章节：操作系统概论</span><span class=""chip c2"">领会</span><span class=""chip c3"">操作系统启动</span></div><h1>操作系统的引导方式</h1><div class=""q"">操作系统的引导方式主要有两种：（1）BIOS引导：BIOS是一个<span class=""blank"">______</span>，存储在ROM芯片中。当计算机启动时，BIOS会执行硬件自检并初始化硬件配置。接下来，BIOS会根据CMOS中用户指定的硬件启动顺序，读取相应设备的启动或引导<span class=""blank"">______</span>，引导相应设备上的操作系统启动。BIOS引导使用MBR（主引导记录）分区方案，且只能在16位实模式下运行。（2）UEFI引导：UEFI是一种新型固件接口，它是采用模块化、高级语言（主要是C语言）构建的一个小型化系统。它直接利用加载EFI驱动的方式，识别系统硬件并完成硬件初始化。UEFI引导使用GPT（GUID<span class=""blank"">______</span>分区表）分区方案，且可以在32位或64位模式下运行。</div>"	"<div class=""top""><span class=""chip c1"">章节：操作系统概论</span><span class=""chip c2"">领会</span><span class=""chip c3"">操作系统启动</span></div><h1>操作系统的引导方式</h1><div class=""a"">操作系统的引导方式主要有两种：（1）BIOS引导：BIOS是一个<span class=""hit"">程序</span>，存储在ROM芯片中。当计算机启动时，BIOS会执行硬件自检并初始化硬件配置。接下来，BIOS会根据CMOS中用户指定的硬件启动顺序，读取相应设备的启动或引导<span class=""hit"">记录</span>，引导相应设备上的操作系统启动。BIOS引导使用MBR（主引导<span class=""hit"">记录</span>）分区方案，且只能在16位实模式下运行。（2）UEFI引导：UEFI是一种新型固件接口，它是采用模块化、高级语言（主要是C语言）构建的一个小型化系统。它直接利用加载EFI驱动的方式，识别系统硬件并完成硬件初始化。UEFI引导使用GPT（GUID<span class=""hit"">磁盘</span>分区表）分区方案，且可以在32位或64位模式下运行。</div><div class=""ansbox"">挖空答案：<b>程序；记录；磁盘</b></div><div class=""pg"">教材页码：P55</div>"	操作系统概论 领会 操作系统启动 13180操作系统
"<div class=""top""><span class=""chip c1"">章节：操作系统概论</span><span class=""chip c2"">领会</span><span class=""chip c3"">操作系统启动</span></div><h1>操作系统的引导过程</h1><div class=""q"">操作系统的引导过程是指将存放在硬盘上的静态的操作系统装载到内存中，并开始执行操作系统的过程。简单来说，当计算机开机时，BIOS会进行自检并检测出第一个能够引导系统的设备，比如硬盘或光驱。然后运行放在MBR扇区里的启动<span class=""blank"">______</span>，例如GRUB引导程序。GRUB引导程序通过读取配置<span class=""blank"">______</span>来获取内核和镜像<span class=""blank"">______</span>的设置及路径位置。接着把内核和镜像文件系统加载到内存中，最后加载硬件驱动程序，以及初始化进程。</div>"	"<div class=""top""><span class=""chip c1"">章节：操作系统概论</span><span class=""chip c2"">领会</span><span class=""chip c3"">操作系统启动</span></div><h1>操作系统的引导过程</h1><div class=""a"">操作系统的引导过程是指将存放在硬盘上的静态的操作系统装载到内存中，并开始执行操作系统的过程。简单来说，当计算机开机时，BIOS会进行自检并检测出第一个能够引导系统的设备，比如硬盘或光驱。然后运行放在MBR扇区里的启动<span class=""hit"">程序</span>，例如GRUB引导<span class=""hit"">程序</span>。GRUB引导<span class=""hit"">程序</span>通过读取配置<span class=""hit"">文件</span>来获取内核和镜像<span class=""hit"">文件系统</span>的设置及路径位置。接着把内核和镜像<span class=""hit"">文件系统</span>加载到内存中，最后加载硬件驱动<span class=""hit"">程序</span>，以及初始化进程。</div><div class=""ansbox"">挖空答案：<b>程序；文件；文件系统</b></div><div class=""pg"">教材页码：P55</div>"	操作系统概论 领会 操作系统启动 13180操作系统
"<div class=""top""><span class=""chip c1"">章节：操作系统概论</span><span class=""chip c2"">领会</span><span class=""chip c3"">操作系统启动</span></div><h1>操作系统的启动机制</h1><div class=""q""><span class=""blank"">______</span>的启动过程可以简单地分为四个部分：BIOS自检、系统引导、启动内核、初始化系统。当计算机开机时，BIOS程序首先将存储设备的引导记录（<span class=""blank"">______</span>）载入内存，并执行引导记录中的引导程序（<span class=""blank"">______</span>）。引导程序会将存储设备中的操作系统内核载入内存，并进入内核的入口点开始执行。然后由操作系统内核完成系统的初始化，并允许用户与操作系统进行交互。</div>"	"<div class=""top""><span class=""chip c1"">章节：操作系统概论</span><span class=""chip c2"">领会</span><span class=""chip c3"">操作系统启动</span></div><h1>操作系统的启动机制</h1><div class=""a""><span class=""hit"">操作系统</span>的启动过程可以简单地分为四个部分：BIOS自检、系统引导、启动内核、初始化系统。当计算机开机时，BIOS程序首先将存储设备的引导记录（<span class=""hit"">Boot Record</span>）载入内存，并执行引导记录中的引导程序（<span class=""hit"">Boot</span>）。引导程序会将存储设备中的<span class=""hit"">操作系统</span>内核载入内存，并进入内核的入口点开始执行。然后由<span class=""hit"">操作系统</span>内核完成系统的初始化，并允许用户与<span class=""hit"">操作系统</span>进行交互。</div><div class=""ansbox"">挖空答案：<b>操作系统；Boot Record；Boot</b></div><div class=""pg"">教材页码：P55</div>"	操作系统概论 领会 操作系统启动 13180操作系统
"<div class=""top""><span class=""chip c1"">章节：操作系统运行环境与运行机制</span><span class=""chip c2"">识记</span><span class=""chip c3"">计算机系统的层次结构</span></div><h1>计算机系统的层次结构</h1><div class=""q"">一个计算机系统由许多子系统组成，其中有软件也有硬件。在总体上，可以把计算机系统看成一个层次式结构。在层次结构中，所有子系统都可以包括在硬件（子）系统和软件（子）系统这两个层次中。硬件系统包括<span class=""blank"">______</span>、内存、外存储器（磁盘、磁带等）以及各种类型的<span class=""blank"">______</span>（键盘、鼠标、显示器、打印机等）；从操作系统运行环境角度看，硬件系统中最重要的是中央处理器、存储系统、中断机制、I/O技术和时钟等，硬件系统是计算机系统赖以工作的实体，可看作层次结构中的底层。软件系统可进一步划分为三个层次：①<span class=""blank"">______</span>——计算机系统中的基础软件，包括操作系统、编译系统和数据库等，其中操作系统在软件系统的最下层、邻接底层硬件，主要功能是实现资源的管理和控制程序的运行；②支撑软件——包括网络通信程序、多媒体支持软件、硬件接口程序、实用软件工具以及软件开发工具等；③应用软件——种类和用途极其广泛。</div>"	"<div class=""top""><span class=""chip c1"">章节：操作系统运行环境与运行机制</span><span class=""chip c2"">识记</span><span class=""chip c3"">计算机系统的层次结构</span></div><h1>计算机系统的层次结构</h1><div class=""a"">一个计算机系统由许多子系统组成，其中有软件也有硬件。在总体上，可以把计算机系统看成一个层次式结构。在层次结构中，所有子系统都可以包括在硬件（子）系统和软件（子）系统这两个层次中。硬件系统包括<span class=""hit"">中央处理器</span>、内存、外存储器（磁盘、磁带等）以及各种类型的<span class=""hit"">输入输出设备</span>（键盘、鼠标、显示器、打印机等）；从操作系统运行环境角度看，硬件系统中最重要的是<span class=""hit"">中央处理器</span>、存储系统、中断机制、I/O技术和时钟等，硬件系统是计算机系统赖以工作的实体，可看作层次结构中的底层。软件系统可进一步划分为三个层次：①<span class=""hit"">系统软件</span>——计算机系统中的基础软件，包括操作系统、编译系统和数据库等，其中操作系统在软件系统的最下层、邻接底层硬件，主要功能是实现资源的管理和控制程序的运行；②支撑软件——包括网络通信程序、多媒体支持软件、硬件接口程序、实用软件工具以及软件开发工具等；③应用软件——种类和用途极其广泛。</div><div class=""ansbox"">挖空答案：<b>中央处理器；输入输出设备；系统软件</b></div><div class=""pg"">教材页码：P59</div>"	操作系统运行环境与运行机制 识记 计算机系统的层次结构 13180操作系统
"<div class=""top""><span class=""chip c1"">章节：操作系统运行环境与运行机制</span><span class=""chip c2"">领会</span><span class=""chip c3"">CPU的构成与基本工作方式</span></div><h1>CPU的结构</h1><div class=""q"">CPU一般由运算器、控制器、一系列的寄存器以及高速缓存构成。运算器实现指令中的算术和逻辑运算，是计算机的计算核心。控制器负责控制程序的运行流程，包括取指令、维护CPU状态、CPU与内存的交互等。寄存器是一种暂时存储器件，用于在CPU执行指令过程中暂存数据、地址以及指令信息；在存储系统中寄存器具有最快的访问速度，比内存快得多，但因集成在微处理器芯片中造价较高、容量一般较小。高速缓存处于CPU和物理内存之间，一般由内存管理单元（MMU）管理，访问速度快于内存、低于寄存器，利用程序<span class=""blank"">______</span>使高速指令处理和低速内存访问得以匹配，大大提高CPU效率。处理器内通常有两类寄存器：一类是用户可见寄存器（包括数据寄存器/通用寄存器、地址寄存器、条件码寄存器，对所有程序可用，由机器语言直接引用）；另一类是控制和状态寄存器（用于控制处理器操作，一般由具有特权的操作系统代码使用），最常见的有<span class=""blank"">______</span>PC（记录将要取出指令的地址）、指令寄存器IR（包含最近取出的指令）、<span class=""blank"">______</span>PSW（记录处理器运行模式信息）等。</div>"	"<div class=""top""><span class=""chip c1"">章节：操作系统运行环境与运行机制</span><span class=""chip c2"">领会</span><span class=""chip c3"">CPU的构成与基本工作方式</span></div><h1>CPU的结构</h1><div class=""a"">CPU一般由运算器、控制器、一系列的寄存器以及高速缓存构成。运算器实现指令中的算术和逻辑运算，是计算机的计算核心。控制器负责控制程序的运行流程，包括取指令、维护CPU状态、CPU与内存的交互等。寄存器是一种暂时存储器件，用于在CPU执行指令过程中暂存数据、地址以及指令信息；在存储系统中寄存器具有最快的访问速度，比内存快得多，但因集成在微处理器芯片中造价较高、容量一般较小。高速缓存处于CPU和物理内存之间，一般由内存管理单元（MMU）管理，访问速度快于内存、低于寄存器，利用程序<span class=""hit"">局部性原理</span>使高速指令处理和低速内存访问得以匹配，大大提高CPU效率。处理器内通常有两类寄存器：一类是用户可见寄存器（包括数据寄存器/通用寄存器、地址寄存器、条件码寄存器，对所有程序可用，由机器语言直接引用）；另一类是控制和状态寄存器（用于控制处理器操作，一般由具有特权的操作系统代码使用），最常见的有<span class=""hit"">程序计数器</span>PC（记录将要取出指令的地址）、指令寄存器IR（包含最近取出的指令）、<span class=""hit"">程序状态字</span>PSW（记录处理器运行模式信息）等。</div><div class=""ansbox"">挖空答案：<b>局部性原理；程序计数器；程序状态字</b></div><div class=""pg"">教材页码：P59</div>"	操作系统运行环境与运行机制 领会 CPU的构成与基本工作方式 13180操作系统
"<div class=""top""><span class=""chip c1"">章节：操作系统运行环境与运行机制</span><span class=""chip c2"">领会</span><span class=""chip c3"">CPU的构成与基本工作方式</span></div><h1>特权指令和非特权指令</h1><div class=""q"">在多用户或多任务的多道程序设计环境中，指令系统中的指令必须区分成两部分：特权指令和非特权指令。特权指令是指指令系统中那些只能由操作系统使用的指令。特权指令是不允许一般用户使用的，因为如果允许用户随便使用这些指令（如设置<span class=""blank"">______</span>、启动某设备、设置中断屏蔽、设置时钟指令、清内存指令和建立<span class=""blank"">______</span>指令等），就有可能使系统陷入混乱。用户只能使用非特权指令，只有操作系统才能使用所有指令（包括特权指令和非特权指令）。如果一个用户程序需要使用特权指令，一般将引起一次处理器状态的切换，处理器通过特殊机制将处理器状态切换到操作系统运行的特权状态，然后将处理权移交给操作系统中的一段特殊代码，通常将这一过程形象地称为陷入（<span class=""blank"">______</span>）。如果某种计算机的指令系统中不能区分特权指令和非特权指令，那么在这样的硬件环境下要设计出一个具有多道程序运行的操作系统是相当困难的。至于CPU如何知道当前运行的是操作系统还是一般应用软件，则有赖于处理器状态的标识。</div>"	"<div class=""top""><span class=""chip c1"">章节：操作系统运行环境与运行机制</span><span class=""chip c2"">领会</span><span class=""chip c3"">CPU的构成与基本工作方式</span></div><h1>特权指令和非特权指令</h1><div class=""a"">在多用户或多任务的多道程序设计环境中，指令系统中的指令必须区分成两部分：特权指令和非特权指令。特权指令是指指令系统中那些只能由操作系统使用的指令。特权指令是不允许一般用户使用的，因为如果允许用户随便使用这些指令（如设置<span class=""hit"">程序状态字</span>、启动某设备、设置中断屏蔽、设置时钟指令、清内存指令和建立<span class=""hit"">存储保护</span>指令等），就有可能使系统陷入混乱。用户只能使用非特权指令，只有操作系统才能使用所有指令（包括特权指令和非特权指令）。如果一个用户程序需要使用特权指令，一般将引起一次处理器状态的切换，处理器通过特殊机制将处理器状态切换到操作系统运行的特权状态，然后将处理权移交给操作系统中的一段特殊代码，通常将这一过程形象地称为陷入（<span class=""hit"">Trap</span>）。如果某种计算机的指令系统中不能区分特权指令和非特权指令，那么在这样的硬件环境下要设计出一个具有多道程序运行的操作系统是相当困难的。至于CPU如何知道当前运行的是操作系统还是一般应用软件，则有赖于处理器状态的标识。</div><div class=""ansbox"">挖空答案：<b>程序状态字；存储保护；Trap</b></div><div class=""pg"">教材页码：P61</div>"	操作系统运行环境与运行机制 领会 CPU的构成与基本工作方式 13180操作系统
"<div class=""top""><span class=""chip c1"">章节：操作系统运行环境与运行机制</span><span class=""chip c2"">领会</span><span class=""chip c3"">CPU的构成与基本工作方式</span></div><h1>处理器的状态及其转换</h1><div class=""q"">多数系统将处理器工作状态划分为内核态和用户态。内核态一般指操作系统管理程序运行时的状态，具有较高特权级别，又称为管态、特权态、系统态或核心态；当处理器处于内核态时，全部指令（包括特权指令）可以执行，可使用所有资源，并具有改变处理器状态的能力。用户态一般指用户程序运行时的状态，具有较低特权级别，又称为目态、普通态；当处理器处于用户态时，只有<span class=""blank"">______</span>能执行。不同处理器状态的区别在于赋予运行程序的特权级别不同，可运行指令集合也不相同；一般特权级别越高可运行指令集合越大，高特权级对应的可运行指令集合包含低特权级的。CPU状态转换：（1）用户态到内核态的转换——其转换的唯一途径是中断，中断响应时交换中断向量，新中断向量中PSW的CPU状态位标记为内核态；（2）内核态到用户态的转换——可通过设置PSW指令（修改<span class=""blank"">______</span>）实现。在系统启动时CPU初始状态为内核态，然后装入操作系统程序；操作系统退出执行时让用户程序在用户态执行。用户程序中不能使用特权指令，若用户态下取到特权指令，CPU将拒绝执行并形成“<span class=""blank"">______</span>”事件，由操作系统处理。</div>"	"<div class=""top""><span class=""chip c1"">章节：操作系统运行环境与运行机制</span><span class=""chip c2"">领会</span><span class=""chip c3"">CPU的构成与基本工作方式</span></div><h1>处理器的状态及其转换</h1><div class=""a"">多数系统将处理器工作状态划分为内核态和用户态。内核态一般指操作系统管理程序运行时的状态，具有较高特权级别，又称为管态、特权态、系统态或核心态；当处理器处于内核态时，全部指令（包括特权指令）可以执行，可使用所有资源，并具有改变处理器状态的能力。用户态一般指用户程序运行时的状态，具有较低特权级别，又称为目态、普通态；当处理器处于用户态时，只有<span class=""hit"">非特权指令</span>能执行。不同处理器状态的区别在于赋予运行程序的特权级别不同，可运行指令集合也不相同；一般特权级别越高可运行指令集合越大，高特权级对应的可运行指令集合包含低特权级的。CPU状态转换：（1）用户态到内核态的转换——其转换的唯一途径是中断，中断响应时交换中断向量，新中断向量中PSW的CPU状态位标记为内核态；（2）内核态到用户态的转换——可通过设置PSW指令（修改<span class=""hit"">程序状态字</span>）实现。在系统启动时CPU初始状态为内核态，然后装入操作系统程序；操作系统退出执行时让用户程序在用户态执行。用户程序中不能使用特权指令，若用户态下取到特权指令，CPU将拒绝执行并形成“<span class=""hit"">非法操作</span>”事件，由操作系统处理。</div><div class=""ansbox"">挖空答案：<b>非特权指令；程序状态字；非法操作</b></div><div class=""pg"">教材页码：P62</div>"	操作系统运行环境与运行机制 领会 CPU的构成与基本工作方式 13180操作系统
"<div class=""top""><span class=""chip c1"">章节：操作系统运行环境与运行机制</span><span class=""chip c2"">领会</span><span class=""chip c3"">CPU的构成与基本工作方式</span></div><h1>程序状态字（PSW</h1><div class=""q"">为解决处理器当前工作状态问题，所有处理器都有一些特殊寄存器用以表明处理器当前的工作状态，其中最常见的控制和状态寄存器是<span class=""blank"">______</span>（PSW）。程序状态字的作用是指示处理器状态，用<span class=""blank"">______</span>这个专门的寄存器来指示下一条要执行的指令。处理器的状态字中通常包括以下状态代码：①CPU的工作状态代码——指明当前CPU工作状态是内核态还是用户态，用来说明当前在CPU上执行的是操作系统还是一般用户，从而决定其是否可以使用特权指令或拥有其他特殊权力；②条件码——反映指令执行后的结果特征；③中断屏蔽码——指出是否允许中断。不同机器的程序状态字格式及其包含信息都不同。以x86系列程序状态字寄存器（<span class=""blank"">______</span>）为例，包含CF进位标志位、ZF结果为零标志位、SF符号标志位、OF溢出标志位（合称标准条件位），以及TF陷阱标志位、IF中断使能（中断屏蔽）标志位、IOPL I/O特权级别等标志位。</div>"	"<div class=""top""><span class=""chip c1"">章节：操作系统运行环境与运行机制</span><span class=""chip c2"">领会</span><span class=""chip c3"">CPU的构成与基本工作方式</span></div><h1>程序状态字（PSW</h1><div class=""a"">为解决处理器当前工作状态问题，所有处理器都有一些特殊寄存器用以表明处理器当前的工作状态，其中最常见的控制和状态寄存器是<span class=""hit"">程序状态字</span>（PSW）。<span class=""hit"">程序状态字</span>的作用是指示处理器状态，用<span class=""hit"">程序计数器</span>这个专门的寄存器来指示下一条要执行的指令。处理器的状态字中通常包括以下状态代码：①CPU的工作状态代码——指明当前CPU工作状态是内核态还是用户态，用来说明当前在CPU上执行的是操作系统还是一般用户，从而决定其是否可以使用特权指令或拥有其他特殊权力；②条件码——反映指令执行后的结果特征；③中断屏蔽码——指出是否允许中断。不同机器的<span class=""hit"">程序状态字</span>格式及其包含信息都不同。以x86系列<span class=""hit"">程序状态字</span>寄存器（<span class=""hit"">EFLAGS</span>）为例，包含CF进位标志位、ZF结果为零标志位、SF符号标志位、OF溢出标志位（合称标准条件位），以及TF陷阱标志位、IF中断使能（中断屏蔽）标志位、IOPL I/O特权级别等标志位。</div><div class=""ansbox"">挖空答案：<b>程序状态字；程序计数器；EFLAGS</b></div><div class=""pg"">教材页码：P63</div>"	操作系统运行环境与运行机制 领会 CPU的构成与基本工作方式 13180操作系统
"<div class=""top""><span class=""chip c1"">章节：操作系统运行环境与运行机制</span><span class=""chip c2"">识记</span><span class=""chip c3"">存储系统</span></div><h1>存储器的类型和分块</h1><div class=""q"">（1）存储器类型：微型计算机中使用的半导体存储器基本上可划分为两类。一类是读写型存储器（随机访问存储器RAM）——可以把数据存入其中任一地址单元，并且可在以后任何时候把数据读出来或重新存入新数据，主要用作存放随机存取的程序的数据；另一类是只读型存储器（<span class=""blank"">______</span>）——只能从中读取数据，不能随意用普通方法写入数据，写入需用特殊方法，其变型有PROM（可编程只读存储器，由用户用特殊PROM写入器写入数据）和EPROM（用特殊紫外线照射“擦去”信息后再用特殊写入器写入数据），微型机中常把常驻内存模块以微程序形式固化在ROM中（如早期BIOS）。（2）存储分块：存储的最小单位称为“<span class=""blank"">______</span>”（信息为0或1），存储器最小编址单位是字节（一个字节一般含八个二进位），两个字节称一个字、4个字节称双字，1024字节为1K、1024K为1M、1024M为1G。为简化对存储器的分配和管理，不少计算机系统把存储器分成块，在为用户分配内存空间时以块为最小单位，这样的块有时称为物理页（<span class=""blank"">______</span>），块的大小随机器而异，512B、1KB、4KB、8KB的都有。</div>"	"<div class=""top""><span class=""chip c1"">章节：操作系统运行环境与运行机制</span><span class=""chip c2"">识记</span><span class=""chip c3"">存储系统</span></div><h1>存储器的类型和分块</h1><div class=""a"">（1）存储器类型：微型计算机中使用的半导体存储器基本上可划分为两类。一类是读写型存储器（随机访问存储器RAM）——可以把数据存入其中任一地址单元，并且可在以后任何时候把数据读出来或重新存入新数据，主要用作存放随机存取的程序的数据；另一类是只读型存储器（<span class=""hit"">ROM</span>）——只能从中读取数据，不能随意用普通方法写入数据，写入需用特殊方法，其变型有P<span class=""hit"">ROM</span>（可编程只读存储器，由用户用特殊P<span class=""hit"">ROM</span>写入器写入数据）和EP<span class=""hit"">ROM</span>（用特殊紫外线照射“擦去”信息后再用特殊写入器写入数据），微型机中常把常驻内存模块以微程序形式固化在<span class=""hit"">ROM</span>中（如早期BIOS）。（2）存储分块：存储的最小单位称为“<span class=""hit"">二进位</span>”（信息为0或1），存储器最小编址单位是字节（一个字节一般含八个<span class=""hit"">二进位</span>），两个字节称一个字、4个字节称双字，1024字节为1K、1024K为1M、1024M为1G。为简化对存储器的分配和管理，不少计算机系统把存储器分成块，在为用户分配内存空间时以块为最小单位，这样的块有时称为物理页（<span class=""hit"">Page</span>），块的大小随机器而异，512B、1KB、4KB、8KB的都有。</div><div class=""ansbox"">挖空答案：<b>ROM；二进位；Page</b></div><div class=""pg"">教材页码：P64</div>"	操作系统运行环境与运行机制 识记 存储系统 13180操作系统
"<div class=""top""><span class=""chip c1"">章节：操作系统运行环境与运行机制</span><span class=""chip c2"">识记</span><span class=""chip c3"">存储系统</span></div><h1>存储器的层次结构</h1><div class=""q"">对于计算机存储系统的设计，主要考虑三个问题：容量、速度和成本。一般来说这三个目标不可能同时达到最优，需要权衡——存取速度越快，平均每比特价格越高、容量越小；存取速度越慢，平均每比特价格越低、容量越大。解决方案就是采用层次化<span class=""blank"">______</span>结构：当沿着层次下降时，每比特价格下降、容量增大、速度变慢，<span class=""blank"">______</span>访问频率下降。计算机系统中的层次化存储体系由寄存器、高速缓存、内存、磁盘、磁带机和光盘等装置构成，较小、较贵而快速的存储设备以较大、较便宜而慢速的存储设备作为后盾，在整体上通过对访问频率的控制来提高存储系统效能。提高存储系统效能的关键在于程序的存储访问<span class=""blank"">______</span>：程序中很多循环和子程序调用会重复存取相同指令集合，数据存取也有类似局部性现象，在较短时间内使用的代码和数据集合比较稳定地保持在存储器的局部区域，处理器主要和这个局部打交道；基于这一原理设计多级存储体系，可使平均存取时间非常接近高速级存储器的存取时间。</div>"	"<div class=""top""><span class=""chip c1"">章节：操作系统运行环境与运行机制</span><span class=""chip c2"">识记</span><span class=""chip c3"">存储系统</span></div><h1>存储器的层次结构</h1><div class=""a"">对于计算机存储系统的设计，主要考虑三个问题：容量、速度和成本。一般来说这三个目标不可能同时达到最优，需要权衡——存取速度越快，平均每比特价格越高、容量越小；存取速度越慢，平均每比特价格越低、容量越大。解决方案就是采用层次化<span class=""hit"">存储体系</span>结构：当沿着层次下降时，每比特价格下降、容量增大、速度变慢，<span class=""hit"">处理器</span>访问频率下降。计算机系统中的层次化<span class=""hit"">存储体系</span>由寄存器、高速缓存、内存、磁盘、磁带机和光盘等装置构成，较小、较贵而快速的存储设备以较大、较便宜而慢速的存储设备作为后盾，在整体上通过对访问频率的控制来提高存储系统效能。提高存储系统效能的关键在于程序的存储访问<span class=""hit"">局部性原理</span>：程序中很多循环和子程序调用会重复存取相同指令集合，数据存取也有类似局部性现象，在较短时间内使用的代码和数据集合比较稳定地保持在存储器的局部区域，<span class=""hit"">处理器</span>主要和这个局部打交道；基于这一原理设计多级<span class=""hit"">存储体系</span>，可使平均存取时间非常接近高速级存储器的存取时间。</div><div class=""ansbox"">挖空答案：<b>存储体系；处理器；局部性原理</b></div><div class=""pg"">教材页码：P65</div>"	操作系统运行环境与运行机制 识记 存储系统 13180操作系统
"<div class=""top""><span class=""chip c1"">章节：操作系统运行环境与运行机制</span><span class=""chip c2"">识记</span><span class=""chip c3"">存储系统</span></div><h1>存储保护</h1><div class=""q"">存放在内存中的用户程序、<span class=""blank"">______</span>及它们的数据，有可能受到正在CPU上运行的某用户程序有意或无意的破坏，一旦有程序向操作系统区写入数据就可能造成系统崩溃。对内存中信息加以严格保护、使操作系统及其他程序不被破坏，是其正确运行的基本条件之一。要实现存储保护必须有硬件支持。常用存储保护机构有：（1）界地址<span class=""blank"">______</span>（界限寄存器）——广泛使用、比较简单、易于实现。方法是在CPU中设置一对界限寄存器存放该用户作业在内存中的下限和上限地址（下限寄存器和上限寄存器）；也可用一个寄存器作为基址寄存器、另一寄存器作为限长寄存器（指示存储区长度）来指出程序在内存的存放区域。每当CPU要访问内存时，硬件自动将被访问内存地址与界限寄存器内容比较，判断是否越界；未越界则按此地址访问内存，否则产生越界中断或存储保护中断。（2）存储保护键——每个存储块都有一个与其相关的由二进位组成的存储保护键附加在存储块上。当用户作业被允许进入内存时，操作系统分配给它一个唯一的、不与其他作业相同的存储保护键号，并将分配给该作业的各存储块的存储保护键设置成同样键号；操作系统挑选该作业到CPU运行时，同时将该作业的存储保护键号存放到PSW的存储保护键（“<span class=""blank"">______</span>”）域中。每当CPU访问内存时，将内存块的存储保护键与PSW中的“钥匙”比较，相匹配则允许访问，否则拒绝并报警。</div>"	"<div class=""top""><span class=""chip c1"">章节：操作系统运行环境与运行机制</span><span class=""chip c2"">识记</span><span class=""chip c3"">存储系统</span></div><h1>存储保护</h1><div class=""a"">存放在内存中的用户程序、<span class=""hit"">操作系统</span>及它们的数据，有可能受到正在CPU上运行的某用户程序有意或无意的破坏，一旦有程序向<span class=""hit"">操作系统</span>区写入数据就可能造成系统崩溃。对内存中信息加以严格保护、使<span class=""hit"">操作系统</span>及其他程序不被破坏，是其正确运行的基本条件之一。要实现存储保护必须有硬件支持。常用存储保护机构有：（1）界地址<span class=""hit"">寄存器</span>（界限<span class=""hit"">寄存器</span>）——广泛使用、比较简单、易于实现。方法是在CPU中设置一对界限<span class=""hit"">寄存器</span>存放该用户作业在内存中的下限和上限地址（下限<span class=""hit"">寄存器</span>和上限<span class=""hit"">寄存器</span>）；也可用一个<span class=""hit"">寄存器</span>作为基址<span class=""hit"">寄存器</span>、另一<span class=""hit"">寄存器</span>作为限长<span class=""hit"">寄存器</span>（指示存储区长度）来指出程序在内存的存放区域。每当CPU要访问内存时，硬件自动将被访问内存地址与界限<span class=""hit"">寄存器</span>内容比较，判断是否越界；未越界则按此地址访问内存，否则产生越界中断或存储保护中断。（2）存储保护键——每个存储块都有一个与其相关的由二进位组成的存储保护键附加在存储块上。当用户作业被允许进入内存时，<span class=""hit"">操作系统</span>分配给它一个唯一的、不与其他作业相同的存储保护键号，并将分配给该作业的各存储块的存储保护键设置成同样键号；<span class=""hit"">操作系统</span>挑选该作业到CPU运行时，同时将该作业的存储保护键号存放到PSW的存储保护键（“<span class=""hit"">钥匙</span>”）域中。每当CPU访问内存时，将内存块的存储保护键与PSW中的“<span class=""hit"">钥匙</span>”比较，相匹配则允许访问，否则拒绝并报警。</div><div class=""ansbox"">挖空答案：<b>操作系统；寄存器；钥匙</b></div><div class=""pg"">教材页码：P65</div>"	操作系统运行环境与运行机制 识记 存储系统 13180操作系统
"<div class=""top""><span class=""chip c1"">章节：操作系统运行环境与运行机制</span><span class=""chip c2"">识记</span><span class=""chip c3"">中断机制</span></div><h1>中断的基本概念</h1><div class=""q"">中断是指CPU对系统中或系统外发生的异步事件的响应。异步事件是指无一定时序关系的随机发生的事件，如外部设备完成了数据传输任务、某一实时控制设备出现异常情况等。当发生某个异步事件后，处理器会中断对当前程序的执行，转去处理该异步事件（执行该事件的<span class=""blank"">______</span>程序），处理完之后再转回原程序的中断点继续执行。相关概念：引起中断的事件称为中断事件或中断源；中断源向处理器发出的请求信号称为中断请求；处理中断事件的那段程序称为中断处理程序；发生中断时正在执行的程序的暂停点叫作中断断点；处理器暂停当前程序转而处理中断的过程称为<span class=""blank"">______</span>；中断处理结束之后恢复原来程序的执行称为中断返回；计算机系统提供的中断源的有序集合一般称为中断字。中断的作用：①能充分发挥处理器的使用效率——<span class=""blank"">______</span>用中断方式与CPU通信，避免CPU不断查询和等待；②提高系统的实时能力——具有较高实时处理要求的设备可通过中断使请求得到及时处理。</div>"	"<div class=""top""><span class=""chip c1"">章节：操作系统运行环境与运行机制</span><span class=""chip c2"">识记</span><span class=""chip c3"">中断机制</span></div><h1>中断的基本概念</h1><div class=""a"">中断是指CPU对系统中或系统外发生的异步事件的响应。异步事件是指无一定时序关系的随机发生的事件，如外部设备完成了数据传输任务、某一实时控制设备出现异常情况等。当发生某个异步事件后，处理器会中断对当前程序的执行，转去处理该异步事件（执行该事件的<span class=""hit"">中断处理</span>程序），处理完之后再转回原程序的中断点继续执行。相关概念：引起中断的事件称为中断事件或中断源；中断源向处理器发出的请求信号称为中断请求；处理中断事件的那段程序称为<span class=""hit"">中断处理</span>程序；发生中断时正在执行的程序的暂停点叫作中断断点；处理器暂停当前程序转而处理中断的过程称为<span class=""hit"">中断响应</span>；<span class=""hit"">中断处理</span>结束之后恢复原来程序的执行称为中断返回；计算机系统提供的中断源的有序集合一般称为中断字。中断的作用：①能充分发挥处理器的使用效率——<span class=""hit"">输入输出设备</span>用中断方式与CPU通信，避免CPU不断查询和等待；②提高系统的实时能力——具有较高实时处理要求的设备可通过中断使请求得到及时处理。</div><div class=""ansbox"">挖空答案：<b>中断处理；中断响应；输入输出设备</b></div><div class=""pg"">教材页码：P67</div>"	操作系统运行环境与运行机制 识记 中断机制 13180操作系统
"<div class=""top""><span class=""chip c1"">章节：操作系统运行环境与运行机制</span><span class=""chip c2"">识记</span><span class=""chip c3"">中断机制</span></div><h1>中断系统</h1><div class=""q"">中断系统是现代计算机系统的核心机制之一，它不是单纯的硬件或软件概念，而是硬件和软件相互配合、相互渗透而使计算机系统得以充分发挥能力的计算模式。中断系统分为两大组成部分：①硬件中断装置——负责捕获中断源发出的中断请求，并以一定方式响应中断源，然后将处理器控制权移交给特定的中断处理程序；它提供中断系统的基本框架，是中断系统的机制部分。②中断处理程序——针对中断事件的性质执行一系列相应操作，是中断系统的策略部分，利用中断机制实现对处理能力的扩展和对多种处理需求的适应。工作过程：（1）中断请求的接收——通过中断逻辑线路和中断寄存器实现，中断逻辑线路中每个专门接收中断信号的触发器称为一个中断位（值为1表示收到中断信号），各中断位全体组成中断寄存器；由于多个中断源可能同时请求，由中断逻辑线路按中断优先级判定响应哪个请求。（2）<span class=""blank"">______</span>——处理器控制部件中的中断信号扫描结构在每条指令执行周期最后时刻扫描中断寄存器；若无中断信号则继续执行下一条指令，若有中断则接收<span class=""blank"">______</span>代号，保存中断点程序执行上下文环境（保存现场，包括PSW、PC和一些寄存器值，一般存入专门系统堆栈），处理器状态切换到<span class=""blank"">______</span>，再根据中断向量代号查询中断向量表获得中断处理程序入口地址，将PC置成该地址，控制权转移到中断处理程序。（3）中断处理——中断处理程序检查I/O相关状态信息、操纵I/O设备或在设备与内存间传送数据；结束后检测到中断返回指令，把原先被中断程序的上下文环境从系统堆栈恢复，处理器状态恢复成被中断时状态，开始新指令周期继续执行原程序。</div>"	"<div class=""top""><span class=""chip c1"">章节：操作系统运行环境与运行机制</span><span class=""chip c2"">识记</span><span class=""chip c3"">中断机制</span></div><h1>中断系统</h1><div class=""a"">中断系统是现代计算机系统的核心机制之一，它不是单纯的硬件或软件概念，而是硬件和软件相互配合、相互渗透而使计算机系统得以充分发挥能力的计算模式。中断系统分为两大组成部分：①硬件中断装置——负责捕获中断源发出的中断请求，并以一定方式响应中断源，然后将处理器控制权移交给特定的中断处理程序；它提供中断系统的基本框架，是中断系统的机制部分。②中断处理程序——针对中断事件的性质执行一系列相应操作，是中断系统的策略部分，利用中断机制实现对处理能力的扩展和对多种处理需求的适应。工作过程：（1）中断请求的接收——通过中断逻辑线路和中断寄存器实现，中断逻辑线路中每个专门接收中断信号的触发器称为一个中断位（值为1表示收到中断信号），各中断位全体组成中断寄存器；由于多个中断源可能同时请求，由中断逻辑线路按中断优先级判定响应哪个请求。（2）<span class=""hit"">中断响应</span>——处理器控制部件中的中断信号扫描结构在每条指令执行周期最后时刻扫描中断寄存器；若无中断信号则继续执行下一条指令，若有中断则接收<span class=""hit"">中断向量</span>代号，保存中断点程序执行上下文环境（保存现场，包括PSW、PC和一些寄存器值，一般存入专门系统堆栈），处理器状态切换到<span class=""hit"">内核态</span>，再根据<span class=""hit"">中断向量</span>代号查询<span class=""hit"">中断向量</span>表获得中断处理程序入口地址，将PC置成该地址，控制权转移到中断处理程序。（3）中断处理——中断处理程序检查I/O相关状态信息、操纵I/O设备或在设备与内存间传送数据；结束后检测到中断返回指令，把原先被中断程序的上下文环境从系统堆栈恢复，处理器状态恢复成被中断时状态，开始新指令周期继续执行原程序。</div><div class=""ansbox"">挖空答案：<b>中断响应；中断向量；内核态</b></div><div class=""pg"">教材页码：P69</div>"	操作系统运行环境与运行机制 识记 中断机制 13180操作系统
"<div class=""top""><span class=""chip c1"">章节：操作系统运行环境与运行机制</span><span class=""chip c2"">识记</span><span class=""chip c3"">中断机制</span></div><h1>中断优先级、中断屏蔽与中断嵌套</h1><div class=""q"">（1）中断优先级：现代微处理器提供多级中断系统，连接在不同中断请求线上的中断信号有不同中断级别，代表该中断是否具有被优先处理的特权及特权大小，硬件决定各中断优先级别。多级中断的作用：①对各类中断信号依据紧急程度和重要性划分级别，同时有多个中断请求时CPU接收中断优先级最高的那个（假设其高于当前运行程序的中断优先级），忽略优先级较低的；②解决重要程度相当的多个中断信号同时到达时如何选择首个被处理者的问题——同一中断级的多个设备接口同时有请求时，可采用固定的优先级（给每个设备接口安排不同固定优先级，如按在总线中的位置，离CPU近的优先级高）或轮转法（用表格依次轮转响应，较为公平合理）。（2）<span class=""blank"">______</span>：在<span class=""blank"">______</span>中设计了中断屏蔽位，主机是否允许响应或禁止某些中断由屏蔽位决定；一旦某个I/O中断被屏蔽，即使有该中断信号处理器也不予响应，被屏蔽信号通常仍保存在中断寄存器中，有些可以后继续响应、有些被简单丢弃；有了中断屏蔽，原先由硬件事先给定的优先级就可能发生改变。还有一类不可屏蔽中断信号，一般属于机器故障中断（如内存奇偶校验错、掉电），不管屏蔽位是否建立处理器都要立即响应处理。（3）中断嵌套：对多个<span class=""blank"">______</span>的策略有两种——第一种是处理一个中断时禁止其他中断，新发生中断保持挂起，严格按发生顺序处理，但未考虑中断紧急程度；第二种是中断嵌套，即允许优先级较高的中断打断优先级较低的中断处理过程，引起中断处理嵌套。由于高优先级中断可打断低优先级处理过程，必须把低优先级处理过程的现场保存起来，保护现场次序与恢复现场次序正好相反，应采用堆栈（系统堆栈）作为现场保护区域；每发生一次嵌套就把被中断处理过程的PSW、PC及其他重要现场信息压栈一次，每结束一层嵌套就弹栈逐层恢复现场。</div>"	"<div class=""top""><span class=""chip c1"">章节：操作系统运行环境与运行机制</span><span class=""chip c2"">识记</span><span class=""chip c3"">中断机制</span></div><h1>中断优先级、中断屏蔽与中断嵌套</h1><div class=""a"">（1）中断优先级：现代微处理器提供多级中断系统，连接在不同中断请求线上的中断信号有不同中断级别，代表该中断是否具有被优先处理的特权及特权大小，硬件决定各中断优先级别。多级中断的作用：①对各类中断信号依据紧急程度和重要性划分级别，同时有多个中断请求时CPU接收中断优先级最高的那个（假设其高于当前运行程序的中断优先级），忽略优先级较低的；②解决重要程度相当的多个中断信号同时到达时如何选择首个被处理者的问题——同一中断级的多个设备接口同时有请求时，可采用固定的优先级（给每个设备接口安排不同固定优先级，如按在总线中的位置，离CPU近的优先级高）或轮转法（用表格依次轮转响应，较为公平合理）。（2）<span class=""hit"">中断屏蔽</span>：在<span class=""hit"">程序状态字</span>中设计了<span class=""hit"">中断屏蔽</span>位，主机是否允许响应或禁止某些中断由屏蔽位决定；一旦某个I/O中断被屏蔽，即使有该中断信号处理器也不予响应，被屏蔽信号通常仍保存在中断寄存器中，有些可以后继续响应、有些被简单丢弃；有了<span class=""hit"">中断屏蔽</span>，原先由硬件事先给定的优先级就可能发生改变。还有一类不可屏蔽中断信号，一般属于机器故障中断（如内存奇偶校验错、掉电），不管屏蔽位是否建立处理器都要立即响应处理。（3）中断嵌套：对多个<span class=""hit"">中断处理</span>的策略有两种——第一种是处理一个中断时禁止其他中断，新发生中断保持挂起，严格按发生顺序处理，但未考虑中断紧急程度；第二种是中断嵌套，即允许优先级较高的中断打断优先级较低的<span class=""hit"">中断处理</span>过程，引起<span class=""hit"">中断处理</span>嵌套。由于高优先级中断可打断低优先级处理过程，必须把低优先级处理过程的现场保存起来，保护现场次序与恢复现场次序正好相反，应采用堆栈（系统堆栈）作为现场保护区域；每发生一次嵌套就把被<span class=""hit"">中断处理</span>过程的PSW、PC及其他重要现场信息压栈一次，每结束一层嵌套就弹栈逐层恢复现场。</div><div class=""ansbox"">挖空答案：<b>中断屏蔽；程序状态字；中断处理</b></div><div class=""pg"">教材页码：P73</div>"	操作系统运行环境与运行机制 识记 中断机制 13180操作系统
"<div class=""top""><span class=""chip c1"">章节：操作系统运行环境与运行机制</span><span class=""chip c2"">识记</span><span class=""chip c3"">I/O技术</span></div><h1>I/O结构</h1><div class=""q"">在一台计算机系统中可能有大量外部设备，为满足对这些I/O设备的控制要求、提高<span class=""blank"">______</span>和外部设备的运行效率，出现了各种不同的I/O硬件结构。每台外部设备中都配有各自的<span class=""blank"">______</span>，由设备控制器分别控制各台外部设备的运行；在设备控制器与处理器之间的I/O硬件结构则有不同设计方案。在早期计算机系统中，外部设备的控制器通过I/O硬件结构与处理器连接，对设备控制器的操作由处理器直接发出的I/O指令实现；在这种方法中，处理器定期轮询各个I/O设备控制器的状态，如果有I/O处理请求，处理器就处理I/O操作直到该I/O处理完毕。这种<span class=""blank"">______</span>直接控制I/O方法的主要缺陷是：处理器为关注I/O设备控制器状态必须耗费大量时间轮询各个外部设备以获得这些信息，严重地降低了整个系统的性能。这种早期I/O结构由于效率太低已经淘汰。</div>"	"<div class=""top""><span class=""chip c1"">章节：操作系统运行环境与运行机制</span><span class=""chip c2"">识记</span><span class=""chip c3"">I/O技术</span></div><h1>I/O结构</h1><div class=""a"">在一台计算机系统中可能有大量外部设备，为满足对这些I/O设备的控制要求、提高<span class=""hit"">处理器</span>和外部设备的运行效率，出现了各种不同的I/O硬件结构。每台外部设备中都配有各自的<span class=""hit"">设备控制器</span>，由<span class=""hit"">设备控制器</span>分别控制各台外部设备的运行；在<span class=""hit"">设备控制器</span>与<span class=""hit"">处理器</span>之间的I/O硬件结构则有不同设计方案。在早期计算机系统中，外部设备的控制器通过I/O硬件结构与<span class=""hit"">处理器</span>连接，对<span class=""hit"">设备控制器</span>的操作由<span class=""hit"">处理器</span>直接发出的I/O指令实现；在这种方法中，<span class=""hit"">处理器</span>定期轮询各个I/O<span class=""hit"">设备控制器</span>的状态，如果有I/O处理请求，<span class=""hit"">处理器</span>就处理I/O操作直到该I/O处理完毕。这种<span class=""hit"">程序</span>直接控制I/O方法的主要缺陷是：<span class=""hit"">处理器</span>为关注I/O<span class=""hit"">设备控制器</span>状态必须耗费大量时间轮询各个外部设备以获得这些信息，严重地降低了整个系统的性能。这种早期I/O结构由于效率太低已经淘汰。</div><div class=""ansbox"">挖空答案：<b>处理器；设备控制器；程序</b></div><div class=""pg"">教材页码：P76</div>"	操作系统运行环境与运行机制 识记 I/O技术 13180操作系统
"<div class=""top""><span class=""chip c1"">章节：操作系统运行环境与运行机制</span><span class=""chip c2"">识记</span><span class=""chip c3"">I/O技术</span></div><h1>通道</h1><div class=""q"">通道是独立于处理器、专门负责数据I/O传输工作的处理单元。从现代计算机系统结构上看，各种外部设备均配有相应<span class=""blank"">______</span>，这些设备控制器通过通道连接到计算机系统的公共系统总线上。通道对外部设备实行统一管理，它代替CPU对I/O操作进行控制，从而使CPU和外部设备可以并行工作，所以通道又称为I/O处理机。工作原理：处理器按程序顺序执行指令，当执行到一条“启动外设”（“<span class=""blank"">______</span>”）指令时，按指令给定参数启动指定设备；设备启动后将该外部设备控制权转移到通道，由通道控制该外部设备有关操作；外部设备与内存之间发生的信息传送由通道控制，处理器继续执行程序，处理器与外部设备并行工作；设备工作结束后会产生“<span class=""blank"">______</span>”的I/O中断事件，由操作系统处理程序分析后即可知道外部设备具体工作情况。采用通道这种I/O结构的最大优点是可以实现处理器和各种外部设备并行工作；有了通道，利用处理器与外部设备之间以及各外部设备之间的并行工作能力，操作系统可让多个程序同时执行，在同一时刻让各个程序分别使用系统不同资源。通道技术一般用于大型机系统和对I/O处理能力要求比较高的系统，一般低档次微机中没有通道。</div>"	"<div class=""top""><span class=""chip c1"">章节：操作系统运行环境与运行机制</span><span class=""chip c2"">识记</span><span class=""chip c3"">I/O技术</span></div><h1>通道</h1><div class=""a"">通道是独立于处理器、专门负责数据I/O传输工作的处理单元。从现代计算机系统结构上看，各种外部设备均配有相应<span class=""hit"">设备控制器</span>，这些<span class=""hit"">设备控制器</span>通过通道连接到计算机系统的公共系统总线上。通道对外部设备实行统一管理，它代替CPU对I/O操作进行控制，从而使CPU和外部设备可以并行工作，所以通道又称为I/O处理机。工作原理：处理器按程序顺序执行指令，当执行到一条“启动外设”（“<span class=""hit"">启动I/O</span>”）指令时，按指令给定参数启动指定设备；设备启动后将该外部设备控制权转移到通道，由通道控制该外部设备有关操作；外部设备与内存之间发生的信息传送由通道控制，处理器继续执行程序，处理器与外部设备并行工作；设备工作结束后会产生“<span class=""hit"">输入输出操作结束</span>”的I/O中断事件，由操作系统处理程序分析后即可知道外部设备具体工作情况。采用通道这种I/O结构的最大优点是可以实现处理器和各种外部设备并行工作；有了通道，利用处理器与外部设备之间以及各外部设备之间的并行工作能力，操作系统可让多个程序同时执行，在同一时刻让各个程序分别使用系统不同资源。通道技术一般用于大型机系统和对I/O处理能力要求比较高的系统，一般低档次微机中没有通道。</div><div class=""ansbox"">挖空答案：<b>设备控制器；启动I/O；输入输出操作结束</b></div><div class=""pg"">教材页码：P76</div>"	操作系统运行环境与运行机制 识记 I/O技术 13180操作系统
"<div class=""top""><span class=""chip c1"">章节：操作系统运行环境与运行机制</span><span class=""chip c2"">识记</span><span class=""chip c3"">I/O技术</span></div><h1>DMA技术</h1><div class=""q"">直接存储器访问（Direct Memory Access, <span class=""blank"">______</span>）技术通过系统总线中的一个独立控制单元——DMA控制器，自动地控制成块数据在内存和I/O单元之间的传送。当<span class=""blank"">______</span>需要读写一整块数据时，它给DMA控制器发送一条命令，命令中通常包含I/O设备的编址、开始读或写的内存编址、需要传送的数据长度、是否请求一次读或写等信息。处理器给DMA控制器发送命令之后就可以处理其他事情，而DMA控制器自动管理整块数据的传送；当传送过程完成后，它会给处理器发送一个中断。这样处理器只需在整块数据开始传送和传送结束时关注一下，DMA技术大大提高了处理I/O的效能。不过处理器和DMA传送也不是完全并行的，它们之间会有总线竞争——总线上正在进行DMA传送而处理器也想使用总线时，这种总线竞争不会引起中断，也不会引起<span class=""blank"">______</span>上下文保存，通常只花费一个总线周期，处理器稍稍等待即可，即在DMA传送发生时处理器访问总线速度会有所变慢。尽管如此，对于有大量数据的I/O传送，DMA技术很有价值。</div>"	"<div class=""top""><span class=""chip c1"">章节：操作系统运行环境与运行机制</span><span class=""chip c2"">识记</span><span class=""chip c3"">I/O技术</span></div><h1>DMA技术</h1><div class=""a"">直接存储器访问（Direct Memory Access, <span class=""hit"">DMA</span>）技术通过系统总线中的一个独立控制单元——<span class=""hit"">DMA</span>控制器，自动地控制成块数据在内存和I/O单元之间的传送。当<span class=""hit"">处理器</span>需要读写一整块数据时，它给<span class=""hit"">DMA</span>控制器发送一条命令，命令中通常包含I/O设备的编址、开始读或写的内存编址、需要传送的数据长度、是否请求一次读或写等信息。<span class=""hit"">处理器</span>给<span class=""hit"">DMA</span>控制器发送命令之后就可以处理其他事情，而<span class=""hit"">DMA</span>控制器自动管理整块数据的传送；当传送过程完成后，它会给<span class=""hit"">处理器</span>发送一个中断。这样<span class=""hit"">处理器</span>只需在整块数据开始传送和传送结束时关注一下，<span class=""hit"">DMA</span>技术大大提高了处理I/O的效能。不过<span class=""hit"">处理器</span>和<span class=""hit"">DMA</span>传送也不是完全并行的，它们之间会有总线竞争——总线上正在进行<span class=""hit"">DMA</span>传送而<span class=""hit"">处理器</span>也想使用总线时，这种总线竞争不会引起中断，也不会引起<span class=""hit"">程序</span>上下文保存，通常只花费一个总线周期，<span class=""hit"">处理器</span>稍稍等待即可，即在<span class=""hit"">DMA</span>传送发生时<span class=""hit"">处理器</span>访问总线速度会有所变慢。尽管如此，对于有大量数据的I/O传送，<span class=""hit"">DMA</span>技术很有价值。</div><div class=""ansbox"">挖空答案：<b>DMA；处理器；程序</b></div><div class=""pg"">教材页码：P76</div>"	操作系统运行环境与运行机制 识记 I/O技术 13180操作系统
"<div class=""top""><span class=""chip c1"">章节：操作系统运行环境与运行机制</span><span class=""chip c2"">识记</span><span class=""chip c3"">I/O技术</span></div><h1>缓冲技术</h1><div class=""q"">缓冲区是硬件设备之间进行数据传输时专门用来暂存这些数据的一个存储区域。缓冲技术一般在三种情况下采用：在<span class=""blank"">______</span>与内存之间、在处理器和其他外部设备之间、在设备与设备之间的通信上，无论哪一种都是为了解决部件之间速度不匹配的问题。例如向某输入设备输入数据时，通常先把数据送入缓冲区，然后CPU把数据从缓冲区读入用户工作区进行处理和计算。不直接把数据送入用户工作区而设缓冲区暂存的根本原因是CPU处理数据速度与设备传输数据速度不匹配，用缓冲区缓解速度矛盾；具体原因：①若把用户工作区直接作为缓冲区，工作区被长期占用而使用户无法使用；②缓冲区往往与设备相联系而不直接与用户联系，方便管理；③为减少输入输出次数，减轻对<span class=""blank"">______</span>和I/O设备的压力，缓冲区信息可供多个用户共同使用和反复使用。为提高设备利用率，通常使用单个缓冲区不够（<span class=""blank"">______</span>时设备装满后必须等CPU取完才能继续输入），有两个缓冲区设备利用率可大为提高，目前许多系统广泛使用多缓冲区技术。Cache（高速缓存）是离CPU最近的高速内存，CPU先到一级Cache找数据，没有再到二级Cache，还找不到再到系统内存（有三级Cache则继续找）。</div>"	"<div class=""top""><span class=""chip c1"">章节：操作系统运行环境与运行机制</span><span class=""chip c2"">识记</span><span class=""chip c3"">I/O技术</span></div><h1>缓冲技术</h1><div class=""a"">缓冲区是硬件设备之间进行数据传输时专门用来暂存这些数据的一个存储区域。缓冲技术一般在三种情况下采用：在<span class=""hit"">处理器</span>与内存之间、在<span class=""hit"">处理器</span>和其他外部设备之间、在设备与设备之间的通信上，无论哪一种都是为了解决部件之间速度不匹配的问题。例如向某输入设备输入数据时，通常先把数据送入缓冲区，然后CPU把数据从缓冲区读入用户工作区进行处理和计算。不直接把数据送入用户工作区而设缓冲区暂存的根本原因是CPU处理数据速度与设备传输数据速度不匹配，用缓冲区缓解速度矛盾；具体原因：①若把用户工作区直接作为缓冲区，工作区被长期占用而使用户无法使用；②缓冲区往往与设备相联系而不直接与用户联系，方便管理；③为减少输入输出次数，减轻对<span class=""hit"">通道</span>和I/O设备的压力，缓冲区信息可供多个用户共同使用和反复使用。为提高设备利用率，通常使用单个缓冲区不够（<span class=""hit"">单缓冲</span>时设备装满后必须等CPU取完才能继续输入），有两个缓冲区设备利用率可大为提高，目前许多系统广泛使用多缓冲区技术。Cache（高速缓存）是离CPU最近的高速内存，CPU先到一级Cache找数据，没有再到二级Cache，还找不到再到系统内存（有三级Cache则继续找）。</div><div class=""ansbox"">挖空答案：<b>处理器；通道；单缓冲</b></div><div class=""pg"">教材页码：P77</div>"	操作系统运行环境与运行机制 识记 I/O技术 13180操作系统
"<div class=""top""><span class=""chip c1"">章节：操作系统运行环境与运行机制</span><span class=""chip c2"">识记</span><span class=""chip c3"">时钟</span></div><h1>时钟</h1><div class=""q"">在计算机系统中设置时钟十分必要，时钟可为计算机完成以下必不可少的工作：①在多道程序运行环境中，为系统发现陷入死循环（由编程错误引起）的作业，从而防止机时浪费；②在分时系统中，用时钟间隔来实现各个作业按<span class=""blank"">______</span>运行；③在<span class=""blank"">______</span>中，按要求的时间间隔输出正确的时间信号给相关实时控制设备；④定时唤醒那些要求按事先给定时间执行的各个外部事件（如定时为各进程计算优先级、银行系统定时运行某类结账程序等）；⑤记录用户使用各种设备的时间和记录某外部事件发生的时间间隔；⑥记录用户和系统所需的绝对时间，即年、月、日。时钟一般分成硬件时钟和软件时钟：硬件时钟由电路中的晶体振荡器每隔一定间隔产生固定脉冲频率，时钟寄存器依据脉冲数加1；软件时钟利用内存单元模拟时钟寄存器，用一段程序计算相应脉冲数对内存时钟寄存器加1或减1，软件时钟与硬件时钟的同步由操作系统负责。时钟按用途可分为绝对时钟和相对时钟：绝对时钟不受外界干扰、独立运行、很准确，关机时仍保持运行，提供公元日历时间（年月日时分秒）；相对时钟又称间隔时钟，只计算从某时间初值开始的一段时间间隔，操作人员设置时间间隔初值后每经过一个单位时间时钟值自动减1，直到为负时触发<span class=""blank"">______</span>并进行相应处理。</div>"	"<div class=""top""><span class=""chip c1"">章节：操作系统运行环境与运行机制</span><span class=""chip c2"">识记</span><span class=""chip c3"">时钟</span></div><h1>时钟</h1><div class=""a"">在计算机系统中设置时钟十分必要，时钟可为计算机完成以下必不可少的工作：①在多道程序运行环境中，为系统发现陷入死循环（由编程错误引起）的作业，从而防止机时浪费；②在分时系统中，用时钟间隔来实现各个作业按<span class=""hit"">时间片轮转</span>运行；③在<span class=""hit"">实时系统</span>中，按要求的时间间隔输出正确的时间信号给相关实时控制设备；④定时唤醒那些要求按事先给定时间执行的各个外部事件（如定时为各进程计算优先级、银行系统定时运行某类结账程序等）；⑤记录用户使用各种设备的时间和记录某外部事件发生的时间间隔；⑥记录用户和系统所需的绝对时间，即年、月、日。时钟一般分成硬件时钟和软件时钟：硬件时钟由电路中的晶体振荡器每隔一定间隔产生固定脉冲频率，时钟寄存器依据脉冲数加1；软件时钟利用内存单元模拟时钟寄存器，用一段程序计算相应脉冲数对内存时钟寄存器加1或减1，软件时钟与硬件时钟的同步由操作系统负责。时钟按用途可分为绝对时钟和相对时钟：绝对时钟不受外界干扰、独立运行、很准确，关机时仍保持运行，提供公元日历时间（年月日时分秒）；相对时钟又称间隔时钟，只计算从某时间初值开始的一段时间间隔，操作人员设置时间间隔初值后每经过一个单位时间时钟值自动减1，直到为负时触发<span class=""hit"">时钟中断</span>并进行相应处理。</div><div class=""ansbox"">挖空答案：<b>时间片轮转；实时系统；时钟中断</b></div><div class=""pg"">教材页码：P78</div>"	操作系统运行环境与运行机制 识记 时钟 13180操作系统
"<div class=""top""><span class=""chip c1"">章节：操作系统运行环境与运行机制</span><span class=""chip c2"">领会</span><span class=""chip c3"">系统调用</span></div><h1>系统调用的概念，要求达到“领会”层次</h1><div class=""q"">所谓系统调用，就是用户在程序中调用操作系统所提供的一些子功能。这是一种特殊的过程调用，这种调用通常由特殊的机器指令实现。除了提供对操作系统子程序的调用以外，这条指令还将系统转入特权方式。因此系统调用程序被看成一个低级的过程，只能由汇编语言直接访问。系统调用是操作系统提供给编程人员的唯一接口：编程人员利用系统调用，动态请求和释放系统资源，调用系统中已有的系统功能来完成与计算机硬件部分相关的工作以及控制程序的执行速度等。系统调用像黑箱子那样，对用户屏蔽了操作系统的具体动作而只提供有关功能。不同系统提供不同的系统调用，一般系统会为用户提供几十到几百条系统调用。系统调用命令是为扩充机器指令、增强系统功能、方便用户使用而提供的，在一些计算机系统中称为“<span class=""blank"">______</span>”；但广义指令和机器指令性质不同——机器指令由硬件线路直接实现，广义指令由操作系统提供的一个或多个子程序模块（软件）实现，从用户角度看如同扩大了机器指令系统、为用户提供一台功能更强的“<span class=""blank"">______</span>”。一般<span class=""blank"">______</span>的系统调用可分为：进程控制类、文件操作类、进程通信类、设备管理类和信息维护类。</div>"	"<div class=""top""><span class=""chip c1"">章节：操作系统运行环境与运行机制</span><span class=""chip c2"">领会</span><span class=""chip c3"">系统调用</span></div><h1>系统调用的概念，要求达到“领会”层次</h1><div class=""a"">所谓系统调用，就是用户在程序中调用操作系统所提供的一些子功能。这是一种特殊的过程调用，这种调用通常由特殊的机器指令实现。除了提供对操作系统子程序的调用以外，这条指令还将系统转入特权方式。因此系统调用程序被看成一个低级的过程，只能由汇编语言直接访问。系统调用是操作系统提供给编程人员的唯一接口：编程人员利用系统调用，动态请求和释放系统资源，调用系统中已有的系统功能来完成与计算机硬件部分相关的工作以及控制程序的执行速度等。系统调用像黑箱子那样，对用户屏蔽了操作系统的具体动作而只提供有关功能。不同系统提供不同的系统调用，一般系统会为用户提供几十到几百条系统调用。系统调用命令是为扩充机器指令、增强系统功能、方便用户使用而提供的，在一些计算机系统中称为“<span class=""hit"">广义指令</span>”；但<span class=""hit"">广义指令</span>和机器指令性质不同——机器指令由硬件线路直接实现，<span class=""hit"">广义指令</span>由操作系统提供的一个或多个子程序模块（软件）实现，从用户角度看如同扩大了机器指令系统、为用户提供一台功能更强的“<span class=""hit"">虚处理机</span>”。一般<span class=""hit"">通用操作系统</span>的系统调用可分为：进程控制类、文件操作类、进程通信类、设备管理类和信息维护类。</div><div class=""ansbox"">挖空答案：<b>广义指令；虚处理机；通用操作系统</b></div><div class=""pg"">教材页码：P79</div>"	操作系统运行环境与运行机制 领会 系统调用 13180操作系统
"<div class=""top""><span class=""chip c1"">章节：操作系统运行环境与运行机制</span><span class=""chip c2"">领会</span><span class=""chip c3"">系统调用</span></div><h1>系统调用与一般过程调用的关系，要求达到“领会”层次</h1><div class=""q""><span class=""blank"">______</span>在本质上是一种应用程序请求<span class=""blank"">______</span>核心完成某一特定功能的过程调用，是一种特殊的过程调用。它与一般过程调用有以下几方面区别：（1）运行在不同的系统状态：一般过程调用的调用程序和被调用程序都运行在相同状态（<span class=""blank"">______</span>或用户态）；系统调用与一般调用的最大区别在于调用程序运行在用户态，而被调用程序则运行在内核态。（2）状态的转换：一般过程调用不涉及系统状态转换，可直接由调用过程转向被调用过程；但运行系统调用时，由于调用和被调用过程工作在不同系统状态，不允许由调用过程直接转向被调用过程，通常都是通过软中断机制先由用户态转换为内核态，再经操作系统核心分析之后转向相应的系统调用处理子程序。（3）返回问题：一般过程调用在被调用过程执行完后返回到调用过程继续执行；但在采用抢占式调度方式的系统中，被调用过程执行完后系统将对所有要求运行的进程进行优先级分析，如果调用进程仍具有最高优先级则返回到调用进程继续执行，否则将引起重新调度以便让优先级最高的进程优先执行，此时把调用进程放入就绪队列。（4）嵌套调用：与一般过程调用一样，系统调用也允许嵌套调用，即在一个被调用过程执行期间还可再利用系统调用命令去调用另一个系统调用，一般每个系统对嵌套调用深度都有一定限制。</div>"	"<div class=""top""><span class=""chip c1"">章节：操作系统运行环境与运行机制</span><span class=""chip c2"">领会</span><span class=""chip c3"">系统调用</span></div><h1>系统调用与一般过程调用的关系，要求达到“领会”层次</h1><div class=""a""><span class=""hit"">系统调用</span>在本质上是一种应用程序请求<span class=""hit"">操作系统</span>核心完成某一特定功能的过程调用，是一种特殊的过程调用。它与一般过程调用有以下几方面区别：（1）运行在不同的系统状态：一般过程调用的调用程序和被调用程序都运行在相同状态（<span class=""hit"">内核态</span>或用户态）；<span class=""hit"">系统调用</span>与一般调用的最大区别在于调用程序运行在用户态，而被调用程序则运行在<span class=""hit"">内核态</span>。（2）状态的转换：一般过程调用不涉及系统状态转换，可直接由调用过程转向被调用过程；但运行<span class=""hit"">系统调用</span>时，由于调用和被调用过程工作在不同系统状态，不允许由调用过程直接转向被调用过程，通常都是通过软中断机制先由用户态转换为<span class=""hit"">内核态</span>，再经<span class=""hit"">操作系统</span>核心分析之后转向相应的<span class=""hit"">系统调用</span>处理子程序。（3）返回问题：一般过程调用在被调用过程执行完后返回到调用过程继续执行；但在采用抢占式调度方式的系统中，被调用过程执行完后系统将对所有要求运行的进程进行优先级分析，如果调用进程仍具有最高优先级则返回到调用进程继续执行，否则将引起重新调度以便让优先级最高的进程优先执行，此时把调用进程放入就绪队列。（4）嵌套调用：与一般过程调用一样，<span class=""hit"">系统调用</span>也允许嵌套调用，即在一个被调用过程执行期间还可再利用<span class=""hit"">系统调用</span>命令去调用另一个<span class=""hit"">系统调用</span>，一般每个系统对嵌套调用深度都有一定限制。</div><div class=""ansbox"">挖空答案：<b>系统调用；操作系统；内核态</b></div><div class=""pg"">教材页码：P80</div>"	操作系统运行环境与运行机制 领会 系统调用 13180操作系统
"<div class=""top""><span class=""chip c1"">章节：操作系统运行环境与运行机制</span><span class=""chip c2"">领会</span><span class=""chip c3"">系统调用</span></div><h1>系统调用处理过程，要求达到“综合应用”层次</h1><div class=""q"">为提供<span class=""blank"">______</span>功能，<span class=""blank"">______</span>内必须有事先编制好的实现这些功能的子程序或过程，它们是操作系统程序模块的一部分，不能直接被用户程序调用。系统调用处理过程如下：（1）当用户使用系统调用时产生一条相应的指令（陷入指令/异常指令，或称访管指令），处理机执行到该指令时发生相应中断，并发出有关信号给处理机构（称为陷入处理机构或异常处理机构）。（2）陷入处理机构收到信号后启动相关处理程序。操作系统中每个系统调用都对应一个事先给定的功能号（如0、1、2、3），陷入指令中必须包括对应系统调用的功能号，有些陷入指令还带有传给陷入处理机构和内部处理程序的有关参数。（3）系统设计人员为实现各种系统调用功能的子程序编写入口地址表，使每个入口地址与相应系统程序名对应；陷入处理程序把陷入指令所包含的功能号与入口地址表中有关项对应起来，由系统调用功能号驱动有关子程序执行。（4）由于系统调用处理结束后用户程序还需利用返回结果继续执行，因此进入系统调用处理之前陷入处理机构需保存处理机现场，处理结束后还要恢复处理机现场；处理机现场一般保存在特定内存区或<span class=""blank"">______</span>中。（5）参数传递常用方法：由陷入指令自带参数（指令长度有限，只能自带有限几个参数）；通过有关通用寄存器传递参数（寄存器应是系统程序和用户程序都能访问的，但寄存器长度较短无法传递较多参数）；较多系统会在内存中开辟专用堆栈区来传递参数。（6）发生访管中断或陷入中断时，不让用户程序直接访问系统程序，反映处理机硬件状态的处理机状态字中相应位要从用户执行模式转换为系统执行模式，这一转换在发生访管中断时由硬件自动实现；当有关工作完成之后，系统调用后面的指令会把控制权交还用户程序。</div>"	"<div class=""top""><span class=""chip c1"">章节：操作系统运行环境与运行机制</span><span class=""chip c2"">领会</span><span class=""chip c3"">系统调用</span></div><h1>系统调用处理过程，要求达到“综合应用”层次</h1><div class=""a"">为提供<span class=""hit"">系统调用</span>功能，<span class=""hit"">操作系统</span>内必须有事先编制好的实现这些功能的子程序或过程，它们是<span class=""hit"">操作系统</span>程序模块的一部分，不能直接被用户程序调用。<span class=""hit"">系统调用</span>处理过程如下：（1）当用户使用<span class=""hit"">系统调用</span>时产生一条相应的指令（陷入指令/异常指令，或称访管指令），处理机执行到该指令时发生相应中断，并发出有关信号给处理机构（称为陷入处理机构或异常处理机构）。（2）陷入处理机构收到信号后启动相关处理程序。<span class=""hit"">操作系统</span>中每个<span class=""hit"">系统调用</span>都对应一个事先给定的功能号（如0、1、2、3），陷入指令中必须包括对应<span class=""hit"">系统调用</span>的功能号，有些陷入指令还带有传给陷入处理机构和内部处理程序的有关参数。（3）系统设计人员为实现各种<span class=""hit"">系统调用</span>功能的子程序编写入口地址表，使每个入口地址与相应系统程序名对应；陷入处理程序把陷入指令所包含的功能号与入口地址表中有关项对应起来，由<span class=""hit"">系统调用</span>功能号驱动有关子程序执行。（4）由于<span class=""hit"">系统调用</span>处理结束后用户程序还需利用返回结果继续执行，因此进入<span class=""hit"">系统调用</span>处理之前陷入处理机构需保存处理机现场，处理结束后还要恢复处理机现场；处理机现场一般保存在特定内存区或<span class=""hit"">寄存器</span>中。（5）参数传递常用方法：由陷入指令自带参数（指令长度有限，只能自带有限几个参数）；通过有关通用<span class=""hit"">寄存器</span>传递参数（<span class=""hit"">寄存器</span>应是系统程序和用户程序都能访问的，但<span class=""hit"">寄存器</span>长度较短无法传递较多参数）；较多系统会在内存中开辟专用堆栈区来传递参数。（6）发生访管中断或陷入中断时，不让用户程序直接访问系统程序，反映处理机硬件状态的处理机状态字中相应位要从用户执行模式转换为系统执行模式，这一转换在发生访管中断时由硬件自动实现；当有关工作完成之后，<span class=""hit"">系统调用</span>后面的指令会把控制权交还用户程序。</div><div class=""ansbox"">挖空答案：<b>系统调用；操作系统；寄存器</b></div><div class=""pg"">教材页码：P81</div>"	操作系统运行环境与运行机制 领会 系统调用 13180操作系统
"<div class=""top""><span class=""chip c1"">章节：进程/线程模型</span><span class=""chip c2"">识记</span><span class=""chip c3"">进程的基本概念</span></div><h1>进程的定义</h1><div class=""q"">进程是具有一定独立功能的程序在某个数据集合上的运行活动，是<span class=""blank"">______</span>进行资源分配和调度的独立单位。从操作系统角度来看，可将进程分为系统进程和用户进程两类：系统进程执行操作系统程序，完成操作系统的某些功能；用户进程运行用户程序，直接为用户服务。系统进程的优先级通常高于一般用户进程的优先级。进程与程序既有联系又有区别：程序是进程的组成部分之一，从静态角度看，进程由程序、数据和<span class=""blank"">______</span>（<span class=""blank"">______</span>）三部分组成；程序是静态的，而进程是动态的，进程是程序的一个执行过程，程序的存在是永久的，而进程是为程序的一次执行而暂时存在的，有生命周期，有诞生亦有消亡。一个进程可以包括若干程序的执行，一个程序也可以产生多个进程。进程具有并发性、动态性、独立性、交互性、异步性和结构性六个基本特性。</div>"	"<div class=""top""><span class=""chip c1"">章节：进程/线程模型</span><span class=""chip c2"">识记</span><span class=""chip c3"">进程的基本概念</span></div><h1>进程的定义</h1><div class=""a"">进程是具有一定独立功能的程序在某个数据集合上的运行活动，是<span class=""hit"">操作系统</span>进行资源分配和调度的独立单位。从<span class=""hit"">操作系统</span>角度来看，可将进程分为系统进程和用户进程两类：系统进程执行<span class=""hit"">操作系统</span>程序，完成<span class=""hit"">操作系统</span>的某些功能；用户进程运行用户程序，直接为用户服务。系统进程的优先级通常高于一般用户进程的优先级。进程与程序既有联系又有区别：程序是进程的组成部分之一，从静态角度看，进程由程序、数据和<span class=""hit"">进程控制块</span>（<span class=""hit"">PCB</span>）三部分组成；程序是静态的，而进程是动态的，进程是程序的一个执行过程，程序的存在是永久的，而进程是为程序的一次执行而暂时存在的，有生命周期，有诞生亦有消亡。一个进程可以包括若干程序的执行，一个程序也可以产生多个进程。进程具有并发性、动态性、独立性、交互性、异步性和结构性六个基本特性。</div><div class=""ansbox"">挖空答案：<b>操作系统；进程控制块；PCB</b></div><div class=""pg"">教材页码：P86</div>"	进程/线程模型 识记 进程的基本概念 13180操作系统
"<div class=""top""><span class=""chip c1"">章节：进程/线程模型</span><span class=""chip c2"">识记</span><span class=""chip c3"">进程的基本概念</span></div><h1>进程状态及其转换</h1><div class=""q"">进程在从创建到终止的整个过程中一直在变化，<span class=""blank"">______</span>把进程分成若干种状态并约定状态间的转换条件。教材介绍了三种状态模型：（1）三状态进程模型：运行（Running，进程已获得CPU并在CPU上执行，单CPU系统中最多一个）、就绪（Ready，已具备运行条件但未获得CPU）、阻塞（Blocked，因等待某事件发生而暂时不能运行，也称等待状态）。典型转换：就绪→运行（调度程序按算法把CPU分配给某就绪进程）；运行→就绪（<span class=""blank"">______</span>用完发出超时中断）；运行→阻塞（等待I/O或某事件，标记等待原因并保留现场）；阻塞→就绪（等待事件解除后仅转成就绪，待调度再次分配CPU）。（2）五状态进程模型：在三状态基础上增加创建（New，正在创建、建立PCB和资源）和退出（Exit，已结束运行、回收资源）两种状态，并定义提交、调度运行、释放、超时、事件等待、事件出现等转换。（3）七状态进程模型：引入<span class=""blank"">______</span>后，在五状态基础上再增加就绪挂起（进程在外存、调入内存即可运行）和阻塞挂起（进程在外存并等待某事件）两种状态，并增加挂起（内存→外存）和激活（外存→内存）两类新转换。</div>"	"<div class=""top""><span class=""chip c1"">章节：进程/线程模型</span><span class=""chip c2"">识记</span><span class=""chip c3"">进程的基本概念</span></div><h1>进程状态及其转换</h1><div class=""a"">进程在从创建到终止的整个过程中一直在变化，<span class=""hit"">操作系统</span>把进程分成若干种状态并约定状态间的转换条件。教材介绍了三种状态模型：（1）三状态进程模型：运行（Running，进程已获得CPU并在CPU上执行，单CPU系统中最多一个）、就绪（Ready，已具备运行条件但未获得CPU）、阻塞（Blocked，因等待某事件发生而暂时不能运行，也称等待状态）。典型转换：就绪→运行（调度程序按算法把CPU分配给某就绪进程）；运行→就绪（<span class=""hit"">时间片</span>用完发出超时中断）；运行→阻塞（等待I/O或某事件，标记等待原因并保留现场）；阻塞→就绪（等待事件解除后仅转成就绪，待调度再次分配CPU）。（2）五状态进程模型：在三状态基础上增加创建（New，正在创建、建立PCB和资源）和退出（Exit，已结束运行、回收资源）两种状态，并定义提交、调度运行、释放、超时、事件等待、事件出现等转换。（3）七状态进程模型：引入<span class=""hit"">虚拟存储</span>后，在五状态基础上再增加就绪挂起（进程在外存、调入内存即可运行）和阻塞挂起（进程在外存并等待某事件）两种状态，并增加挂起（内存→外存）和激活（外存→内存）两类新转换。</div><div class=""ansbox"">挖空答案：<b>操作系统；时间片；虚拟存储</b></div><div class=""pg"">教材页码：P88</div>"	进程/线程模型 识记 进程的基本概念 13180操作系统
"<div class=""top""><span class=""chip c1"">章节：进程/线程模型</span><span class=""chip c2"">识记</span><span class=""chip c3"">进程的基本概念</span></div><h1>进程控制块</h1><div class=""q"">为了便于系统控制和描述进程的活动过程，<span class=""blank"">______</span>内核中定义了专门的数据结构，称为进程控制块（Process Control Block，PCB）。操作系统利用PCB来描述进程的基本情况以及进程的运行变化过程。PCB是进程存在的唯一标志：系统创建进程时为其设置PCB，再利用PCB对进程进行控制和管理；撤销进程时收回PCB，进程随之消亡。PCB的内容分成调度信息和现场信息两大部分：调度信息供<span class=""blank"">______</span>时使用，描述进程当前状况，包括进程名、进程号、存储信息、优先级、当前状态、资源清单、家族关系、消息队列指针、进程队列指针和当前打开文件等；现场信息刻画进程运行情况，只记录可能被其他进程改变的寄存器，如<span class=""blank"">______</span>、时钟、界限寄存器等。PCB有三种组织方式：线性方式（所有PCB组织在一个连续表中，简单但需扫描全表）、索引方式（按状态分别建立就绪索引表和等待索引表）、链接方式（按相同状态用PCB中的链接字构成就绪队列和等待队列）。</div>"	"<div class=""top""><span class=""chip c1"">章节：进程/线程模型</span><span class=""chip c2"">识记</span><span class=""chip c3"">进程的基本概念</span></div><h1>进程控制块</h1><div class=""a"">为了便于系统控制和描述进程的活动过程，<span class=""hit"">操作系统</span>内核中定义了专门的数据结构，称为进程控制块（Process Control Block，PCB）。<span class=""hit"">操作系统</span>利用PCB来描述进程的基本情况以及进程的运行变化过程。PCB是进程存在的唯一标志：系统创建进程时为其设置PCB，再利用PCB对进程进行控制和管理；撤销进程时收回PCB，进程随之消亡。PCB的内容分成调度信息和现场信息两大部分：调度信息供<span class=""hit"">进程调度</span>时使用，描述进程当前状况，包括进程名、进程号、存储信息、优先级、当前状态、资源清单、家族关系、消息队列指针、进程队列指针和当前打开文件等；现场信息刻画进程运行情况，只记录可能被其他进程改变的寄存器，如<span class=""hit"">程序状态字</span>、时钟、界限寄存器等。PCB有三种组织方式：线性方式（所有PCB组织在一个连续表中，简单但需扫描全表）、索引方式（按状态分别建立就绪索引表和等待索引表）、链接方式（按相同状态用PCB中的链接字构成就绪队列和等待队列）。</div><div class=""ansbox"">挖空答案：<b>操作系统；进程调度；程序状态字</b></div><div class=""pg"">教材页码：P92</div>"	进程/线程模型 识记 进程的基本概念 13180操作系统
"<div class=""top""><span class=""chip c1"">章节：进程/线程模型</span><span class=""chip c2"">简单应用</span><span class=""chip c3"">进程控制</span></div><h1>进程控制方式：原语</h1><div class=""q"">进程控制是对进程整个生命周期中各种状态之间的转换进行有效控制，它通过进程控制<span class=""blank"">______</span>来实现。所谓原语，是由若干条指令组成的一个指令序列，用来实现某个特定的操作功能；该指令序列的执行是连续的、具有不可分割性，执行时不可间断，直至该指令序列执行结束。原语是<span class=""blank"">______</span>内核的一个组成部分，必须在管态下执行并常驻内存。原语和<span class=""blank"">______</span>都可被进程调用，差别在于原语有不可中断性，是通过在其执行过程中关闭中断实现的，且原语往往被系统进程所调用。用于进程控制的原语一般有：创建原语（先申请空闲PCB、填入信息、置为就绪态、插入就绪队列）、撤销原语（找到PCB、从队列消去、撤销子孙进程、释放资源、消去PCB）、挂起原语、激活原语、阻塞原语（保存CPU现场、置阻塞态、插入事件等待队列）、唤醒原语（在等待队列找到进程、置就绪态、撤出并插入就绪队列）以及改变进程优先级原语等。</div>"	"<div class=""top""><span class=""chip c1"">章节：进程/线程模型</span><span class=""chip c2"">简单应用</span><span class=""chip c3"">进程控制</span></div><h1>进程控制方式：原语</h1><div class=""a"">进程控制是对进程整个生命周期中各种状态之间的转换进行有效控制，它通过进程控制<span class=""hit"">原语</span>来实现。所谓<span class=""hit"">原语</span>，是由若干条指令组成的一个指令序列，用来实现某个特定的操作功能；该指令序列的执行是连续的、具有不可分割性，执行时不可间断，直至该指令序列执行结束。<span class=""hit"">原语</span>是<span class=""hit"">操作系统</span>内核的一个组成部分，必须在管态下执行并常驻内存。<span class=""hit"">原语</span>和<span class=""hit"">系统调用</span>都可被进程调用，差别在于<span class=""hit"">原语</span>有不可中断性，是通过在其执行过程中关闭中断实现的，且<span class=""hit"">原语</span>往往被系统进程所调用。用于进程控制的<span class=""hit"">原语</span>一般有：创建<span class=""hit"">原语</span>（先申请空闲PCB、填入信息、置为就绪态、插入就绪队列）、撤销<span class=""hit"">原语</span>（找到PCB、从队列消去、撤销子孙进程、释放资源、消去PCB）、挂起<span class=""hit"">原语</span>、激活<span class=""hit"">原语</span>、阻塞<span class=""hit"">原语</span>（保存CPU现场、置阻塞态、插入事件等待队列）、唤醒<span class=""hit"">原语</span>（在等待队列找到进程、置就绪态、撤出并插入就绪队列）以及改变进程优先级<span class=""hit"">原语</span>等。</div><div class=""ansbox"">挖空答案：<b>原语；操作系统；系统调用</b></div><div class=""pg"">教材页码：P96</div>"	进程/线程模型 简单应用 进程控制 13180操作系统
"<div class=""top""><span class=""chip c1"">章节：进程/线程模型</span><span class=""chip c2"">简单应用</span><span class=""chip c3"">进程控制</span></div><h1>Linux操作系统有关进程控制的系统调用</h1><div class=""q"">Linux操作系统中常用的有关进程控制的系统调用包括：（1）fork()：创建一个子进程；成功时在父进程中返回子进程的PID（正值），在子进程中返回0，出错返回-1。子进程拥有与父进程相同的进程映像。（2）getpid()/getppid()：分别返回当前进程PID和父进程PID。（3）exec系列函数（execve、execl、execlp、execle、execv、execvp）：更换进程映像，根据指定文件名找到可执行文件并用它取代调用进程的内容，即在调用进程内部执行一个可执行文件；只有execve是真正的系统调用，其他均为包装的库函数。（4）_exit(<span class=""blank"">______</span>)/exit(<span class=""blank"">______</span>)：终止调用程序，status为退出状态；_exit使进程立即终止，exit在退出前检查文件打开情况、执行清理I/O缓冲的工作。（5）wait(status)/waitpid(pid,status,option)：wait()等待任一要僵死的子进程退出并保存其退出状态；waitpid()等待指定pid的子进程，option可取WNOHANG（无子进程退出立即返回0）或WUNTRACED（返回已停止但未退出的子进程信息）。（6）sleep(<span class=""blank"">______</span>)：使进程挂起指定时间，直至时间用完或收到信号。（7）nice(inc)：改变进程优先级，普通用户调用时只能增加优先数（降低优先级），超级用户才能减少优先数（提高优先级）。典型模式：父进程fork()创建子进程，子进程调用exec更换映像，父进程调用wait()等待子进程终止。</div>"	"<div class=""top""><span class=""chip c1"">章节：进程/线程模型</span><span class=""chip c2"">简单应用</span><span class=""chip c3"">进程控制</span></div><h1>Linux操作系统有关进程控制的系统调用</h1><div class=""a"">Linux操作系统中常用的有关进程控制的系统调用包括：（1）fork()：创建一个子进程；成功时在父进程中返回子进程的PID（正值），在子进程中返回0，出错返回-1。子进程拥有与父进程相同的进程映像。（2）getpid()/getppid()：分别返回当前进程PID和父进程PID。（3）exec系列函数（execve、execl、execlp、execle、execv、execvp）：更换进程映像，根据指定文件名找到可执行文件并用它取代调用进程的内容，即在调用进程内部执行一个可执行文件；只有execve是真正的系统调用，其他均为包装的库函数。（4）_exit(<span class=""hit"">status</span>)/exit(<span class=""hit"">status</span>)：终止调用程序，<span class=""hit"">status</span>为退出状态；_exit使进程立即终止，exit在退出前检查文件打开情况、执行清理I/O缓冲的工作。（5）wait(<span class=""hit"">status</span>)/waitpid(pid,<span class=""hit"">status</span>,option)：wait()等待任一要僵死的子进程退出并保存其退出状态；waitpid()等待指定pid的子进程，option可取WNOHANG（无子进程退出立即返回0）或WUNTRACED（返回已停止但未退出的子进程信息）。（6）sleep(<span class=""hit"">seconds</span>)：使进程挂起指定时间，直至时间用完或收到信号。（7）nice(inc)：改变进程优先级，普通用户调用时只能增加优先数（降低优先级），超级用户才能减少优先数（提高优先级）。典型模式：父进程fork()创建子进程，子进程调用exec更换映像，父进程调用wait()等待子进程终止。</div><div class=""ansbox"">挖空答案：<b>status；status；seconds</b></div><div class=""pg"">教材页码：P97</div>"	进程/线程模型 简单应用 进程控制 13180操作系统
"<div class=""top""><span class=""chip c1"">章节：进程/线程模型</span><span class=""chip c2"">领会</span><span class=""chip c3"">线程的引入及基本概念</span></div><h1>线程的引入及基本属性</h1><div class=""q"">进程是资源拥有者，在进程创建、撤销和切换中系统必须付出时间和空间开销，进程数目不宜太多、切换频率不宜过高，限制了并发程度的进一步提高。把调度分派单位和资源分配单位分开——让调度分派单位轻装运行、不频繁切换拥有资源的单位——便产生了线程的概念。线程是进程中的一个实体，是CPU调度和分派的基本单位；线程自己基本上不拥有系统资源，只拥有少量运行中必不可少的资源（如<span class=""blank"">______</span>、一组<span class=""blank"">______</span>和栈等），但可与同属一个进程的其他线程共享进程所拥有的全部资源。线程属性：①每个线程有唯一标识符和一张记录寄存器及栈现场的线程描述表；②不同线程可执行相同程序；③同一进程中各线程共享该进程的内存地址空间；④线程是<span class=""blank"">______</span>的独立调度单位，多线程可并发执行；⑤线程有从创建到终止的生命周期，经历阻塞、就绪、运行等状态变化。引入线程的好处：①创建新线程花费时间少、结束亦快，创建线程不需另行分配资源；②线程之间切换花费时间少；③同一进程内线程共享内存和文件，线程间通信无需调用内核，更简便且传输快；④线程能独立执行，充分利用处理器与外部设备并行工作能力。</div>"	"<div class=""top""><span class=""chip c1"">章节：进程/线程模型</span><span class=""chip c2"">领会</span><span class=""chip c3"">线程的引入及基本概念</span></div><h1>线程的引入及基本属性</h1><div class=""a"">进程是资源拥有者，在进程创建、撤销和切换中系统必须付出时间和空间开销，进程数目不宜太多、切换频率不宜过高，限制了并发程度的进一步提高。把调度分派单位和资源分配单位分开——让调度分派单位轻装运行、不频繁切换拥有资源的单位——便产生了线程的概念。线程是进程中的一个实体，是CPU调度和分派的基本单位；线程自己基本上不拥有系统资源，只拥有少量运行中必不可少的资源（如<span class=""hit"">程序计数器</span>、一组<span class=""hit"">寄存器</span>和栈等），但可与同属一个进程的其他线程共享进程所拥有的全部资源。线程属性：①每个线程有唯一标识符和一张记录<span class=""hit"">寄存器</span>及栈现场的线程描述表；②不同线程可执行相同程序；③同一进程中各线程共享该进程的内存地址空间；④线程是<span class=""hit"">处理器</span>的独立调度单位，多线程可并发执行；⑤线程有从创建到终止的生命周期，经历阻塞、就绪、运行等状态变化。引入线程的好处：①创建新线程花费时间少、结束亦快，创建线程不需另行分配资源；②线程之间切换花费时间少；③同一进程内线程共享内存和文件，线程间通信无需调用内核，更简便且传输快；④线程能独立执行，充分利用<span class=""hit"">处理器</span>与外部设备并行工作能力。</div><div class=""ansbox"">挖空答案：<b>程序计数器；寄存器；处理器</b></div><div class=""pg"">教材页码：P99</div>"	进程/线程模型 领会 线程的引入及基本概念 13180操作系统
"<div class=""top""><span class=""chip c1"">章节：进程/线程模型</span><span class=""chip c2"">领会</span><span class=""chip c3"">线程的引入及基本概念</span></div><h1>线程的组成</h1><div class=""q"">每个线程都有一个thread结构（即线程控制块），用于保存自己的私有信息，主要由四个基本部分组成：①一个唯一的线程标识符；②描述处理器工作情况的一组寄存器（如<span class=""blank"">______</span>、状态寄存器、通用寄存器等）的内容；③每个thread结构都有两个栈指针，一个指向内核栈、另一个指向用户栈——当用户线程转变到<span class=""blank"">______</span>方式运行时使用内核栈，当线程在用户态下执行时使用自己的用户栈；④一个私有存储区，用来存放现场保护信息和其他与该线程相关的统计信息等。线程必须在某个进程内执行，它所需的其他资源（如代码段、数据段、打开的文件和信号等）都由所属进程拥有，<span class=""blank"">______</span>分配这些资源时以进程为单位。一个进程可以包含一个或多个线程，除各自私有少量资源外，还要共享所属进程的全部资源。</div>"	"<div class=""top""><span class=""chip c1"">章节：进程/线程模型</span><span class=""chip c2"">领会</span><span class=""chip c3"">线程的引入及基本概念</span></div><h1>线程的组成</h1><div class=""a"">每个线程都有一个thread结构（即线程控制块），用于保存自己的私有信息，主要由四个基本部分组成：①一个唯一的线程标识符；②描述处理器工作情况的一组寄存器（如<span class=""hit"">程序计数器</span>、状态寄存器、通用寄存器等）的内容；③每个thread结构都有两个栈指针，一个指向内核栈、另一个指向用户栈——当用户线程转变到<span class=""hit"">内核态</span>方式运行时使用内核栈，当线程在用户态下执行时使用自己的用户栈；④一个私有存储区，用来存放现场保护信息和其他与该线程相关的统计信息等。线程必须在某个进程内执行，它所需的其他资源（如代码段、数据段、打开的文件和信号等）都由所属进程拥有，<span class=""hit"">操作系统</span>分配这些资源时以进程为单位。一个进程可以包含一个或多个线程，除各自私有少量资源外，还要共享所属进程的全部资源。</div><div class=""ansbox"">挖空答案：<b>程序计数器；内核态；操作系统</b></div><div class=""pg"">教材页码：P100</div>"	进程/线程模型 领会 线程的引入及基本概念 13180操作系统
"<div class=""top""><span class=""chip c1"">章节：进程/线程模型</span><span class=""chip c2"">领会</span><span class=""chip c3"">线程的引入及基本概念</span></div><h1>线程与进程的关系</h1><div class=""q"">线程具有许多传统进程所具有的特征，故线程又称为轻量级进程或进程元；传统进程称为重量级进程，相当于只有一个线程的任务。从四个主要方面比较线程与进程：①调度：线程是CPU调度的基本单位，进程是资源分配的基本单位；引入线程后把两个属性分开，线程可轻装运行，同一进程中线程切换不会引起进程切换，而由一个进程中的线程切换到另一进程中的线程时才会引起进程切换。②并发性：引入线程后<span class=""blank"">______</span>并发性更强，不仅进程间可并发，一个进程中的多个线程之间也可并发，能更有效使用系统资源、提高吞吐量（如文件服务进程中可设置多个服务线程，一个线程等待时其他线程可继续运行）。③拥有资源：只有进程才拥有资源，一个进程中的所有线程共享进程拥有的资源；线程一般不拥有系统资源，但可访问其隶属进程的代码段、数据段及已打开文件、I/O设备等。④系统开销：线程调度的系统开销远小于<span class=""blank"">______</span>；创建/撤销进程时系统要分配或回收内存、I/O设备等资源，进程切换涉及整个CPU环境的保存与新进程CPU环境的设置，而线程切换只需保存和设置少量寄存器内容，不涉及存储器管理操作；同一进程内线程<span class=""blank"">______</span>相同，同步和通信较容易，有些系统中线程切换、同步和通信都无须内核干预。</div>"	"<div class=""top""><span class=""chip c1"">章节：进程/线程模型</span><span class=""chip c2"">领会</span><span class=""chip c3"">线程的引入及基本概念</span></div><h1>线程与进程的关系</h1><div class=""a"">线程具有许多传统进程所具有的特征，故线程又称为轻量级进程或进程元；传统进程称为重量级进程，相当于只有一个线程的任务。从四个主要方面比较线程与进程：①调度：线程是CPU调度的基本单位，进程是资源分配的基本单位；引入线程后把两个属性分开，线程可轻装运行，同一进程中线程切换不会引起进程切换，而由一个进程中的线程切换到另一进程中的线程时才会引起进程切换。②并发性：引入线程后<span class=""hit"">操作系统</span>并发性更强，不仅进程间可并发，一个进程中的多个线程之间也可并发，能更有效使用系统资源、提高吞吐量（如文件服务进程中可设置多个服务线程，一个线程等待时其他线程可继续运行）。③拥有资源：只有进程才拥有资源，一个进程中的所有线程共享进程拥有的资源；线程一般不拥有系统资源，但可访问其隶属进程的代码段、数据段及已打开文件、I/O设备等。④系统开销：线程调度的系统开销远小于<span class=""hit"">进程调度</span>；创建/撤销进程时系统要分配或回收内存、I/O设备等资源，进程切换涉及整个CPU环境的保存与新进程CPU环境的设置，而线程切换只需保存和设置少量寄存器内容，不涉及存储器管理操作；同一进程内线程<span class=""hit"">地址空间</span>相同，同步和通信较容易，有些系统中线程切换、同步和通信都无须内核干预。</div><div class=""ansbox"">挖空答案：<b>操作系统；进程调度；地址空间</b></div><div class=""pg"">教材页码：P101</div>"	进程/线程模型 领会 线程的引入及基本概念 13180操作系统
"<div class=""top""><span class=""chip c1"">章节：进程/线程模型</span><span class=""chip c2"">综合应用</span><span class=""chip c3"">线程的实现和实例</span></div><h1>线程的实现方式：用户级线程、内核级线程和混合方式</h1><div class=""q"">线程的实现方式分为三类：（1）用户级线程（<span class=""blank"">______</span>）：只存在于用户级中，对它的创建、撤销和切换都不利用<span class=""blank"">______</span>，与内核无关，内核对其一无所知；管理线程的线程库放在用户空间，管理工作全部由应用程序完成，每个进程有一个私有线程表，核心空间只有进程表。优点：线程切换速度很快，无须陷入内核做系统调度；调度算法可由应用程序专用、互不干扰；可运行在任何操作系统上（包括不支持线程机制的系统）。缺点：系统调用阻塞问题——一个线程执行阻塞式系统调用时整个进程内所有线程都被阻塞；单纯用户级线程不具有多处理器并行优点，因为内核一次只为每个进程分配一个处理器。常见线程库有Pthreads、Mach C-threads、Solaris 2 UI-threads。（2）内核级线程（<span class=""blank"">______</span>）：依赖于内核，用户进程和系统进程中线程的创建、撤销和切换都由内核实现，内核中保留线程控制块、维护核心空间中的线程表，内核调度时以线程为基本单位。优点：多处理器系统中内核可同时调度同一进程中的多个线程真正实现并行；一个线程阻塞时内核可调度同进程中另一线程；内核级线程本身也可以是多线程的。缺点：控制转移开销大（同进程内线程切换需切换到内核态，整体时间比用户级线程高一个数量级）；调度算法由内核确定，应用进程无法影响线程切换。（3）混合方式：如Solaris 2把用户级线程和内核级线程结合起来，取长补短——线程创建在用户空间完成，线程调度等在核心空间完成；同一进程内多个线程可在多个处理器上并行运行，且阻塞式系统调用不必把整个进程阻塞。</div>"	"<div class=""top""><span class=""chip c1"">章节：进程/线程模型</span><span class=""chip c2"">综合应用</span><span class=""chip c3"">线程的实现和实例</span></div><h1>线程的实现方式：用户级线程、内核级线程和混合方式</h1><div class=""a"">线程的实现方式分为三类：（1）用户级线程（<span class=""hit"">User-Level Threads</span>）：只存在于用户级中，对它的创建、撤销和切换都不利用<span class=""hit"">系统调用</span>，与内核无关，内核对其一无所知；管理线程的线程库放在用户空间，管理工作全部由应用程序完成，每个进程有一个私有线程表，核心空间只有进程表。优点：线程切换速度很快，无须陷入内核做系统调度；调度算法可由应用程序专用、互不干扰；可运行在任何操作系统上（包括不支持线程机制的系统）。缺点：<span class=""hit"">系统调用</span>阻塞问题——一个线程执行阻塞式<span class=""hit"">系统调用</span>时整个进程内所有线程都被阻塞；单纯用户级线程不具有多处理器并行优点，因为内核一次只为每个进程分配一个处理器。常见线程库有Pthreads、Mach C-threads、Solaris 2 UI-threads。（2）内核级线程（<span class=""hit"">Kernel-Supported Threads</span>）：依赖于内核，用户进程和系统进程中线程的创建、撤销和切换都由内核实现，内核中保留线程控制块、维护核心空间中的线程表，内核调度时以线程为基本单位。优点：多处理器系统中内核可同时调度同一进程中的多个线程真正实现并行；一个线程阻塞时内核可调度同进程中另一线程；内核级线程本身也可以是多线程的。缺点：控制转移开销大（同进程内线程切换需切换到内核态，整体时间比用户级线程高一个数量级）；调度算法由内核确定，应用进程无法影响线程切换。（3）混合方式：如Solaris 2把用户级线程和内核级线程结合起来，取长补短——线程创建在用户空间完成，线程调度等在核心空间完成；同一进程内多个线程可在多个处理器上并行运行，且阻塞式<span class=""hit"">系统调用</span>不必把整个进程阻塞。</div><div class=""ansbox"">挖空答案：<b>User-Level Threads；系统调用；Kernel-Supported Threads</b></div><div class=""pg"">教材页码：P102</div>"	进程/线程模型 综合应用 线程的实现和实例 13180操作系统
"<div class=""top""><span class=""chip c1"">章节：进程/线程模型</span><span class=""chip c2"">综合应用</span><span class=""chip c3"">线程的实现和实例</span></div><h1>Pthreads线程库</h1><div class=""q"">多线程应用程序需要用一组用户级程序库来编写，以便将所有线程映射到一个单独的内核级进程中，最著名的是Pthreads（<span class=""blank"">______</span>）库。POSIX（Portable Operating System Interface）是IEEE标准1003.1c定义的线程标准，实现了POSIX标准的线程库通常命名为Pthreads，在类UNIX的POSIX标准系统（如Linux和Solaris）中普遍使用，Windows也实现了POSIX标准的线程库。每个Pthreads线程都有某些特性：含有一个标识符、一组<span class=""blank"">______</span>（包括<span class=""blank"">______</span>）和一组存储在结构中的属性（栈大小、调度参数等）。主要函数调用包括：pthread_create()创建一个新线程，新线程的线程标识符作为函数值返回；pthread_join()等待一个特定线程的退出；pthread_exit()结束调用的线程并释放其栈；pthread_yield()在不阻塞的情况下主动放弃CPU、给其他线程运行机会；pthread_attr_init()创建并初始化一个线程的属性结构并置为默认值（如优先级）；pthread_attr_destroy()删除一个线程的属性结构、释放其所占内存，但不影响已存在的线程。</div>"	"<div class=""top""><span class=""chip c1"">章节：进程/线程模型</span><span class=""chip c2"">综合应用</span><span class=""chip c3"">线程的实现和实例</span></div><h1>Pthreads线程库</h1><div class=""a"">多线程应用程序需要用一组用户级程序库来编写，以便将所有线程映射到一个单独的内核级进程中，最著名的是Pthreads（<span class=""hit"">POSIX threads</span>）库。POSIX（Portable Operating System Interface）是IEEE标准1003.1c定义的线程标准，实现了POSIX标准的线程库通常命名为Pthreads，在类UNIX的POSIX标准系统（如Linux和Solaris）中普遍使用，Windows也实现了POSIX标准的线程库。每个Pthreads线程都有某些特性：含有一个标识符、一组<span class=""hit"">寄存器</span>（包括<span class=""hit"">程序计数器</span>）和一组存储在结构中的属性（栈大小、调度参数等）。主要函数调用包括：pthread_create()创建一个新线程，新线程的线程标识符作为函数值返回；pthread_join()等待一个特定线程的退出；pthread_exit()结束调用的线程并释放其栈；pthread_yield()在不阻塞的情况下主动放弃CPU、给其他线程运行机会；pthread_attr_init()创建并初始化一个线程的属性结构并置为默认值（如优先级）；pthread_attr_destroy()删除一个线程的属性结构、释放其所占内存，但不影响已存在的线程。</div><div class=""ansbox"">挖空答案：<b>POSIX threads；寄存器；程序计数器</b></div><div class=""pg"">教材页码：P105</div>"	进程/线程模型 综合应用 线程的实现和实例 13180操作系统
"<div class=""top""><span class=""chip c1"">章节：进程/线程模型</span><span class=""chip c2"">综合应用</span><span class=""chip c3"">线程的实现和实例</span></div><h1>协程</h1><div class=""q"">当线程数量非常大时，系统线程会占用非常多的<span class=""blank"">______</span>空间，过多的线程切换会占用大量系统时间。为解决这两个问题，许多编程语言（如C++、Python、Go语言）提出了协程机制。协程是运行在线程之上的轻量级线程：当一个协程执行完成后，可以选择主动退出，让另一个协程运行在当前线程之上。协程并没有增加线程数量，只是在线程的基础之上通过分时复用的方式运行多个协程；而且协程的切换在<span class=""blank"">______</span>完成，切换的代价比线程从用户态到<span class=""blank"">______</span>的代价小很多。</div>"	"<div class=""top""><span class=""chip c1"">章节：进程/线程模型</span><span class=""chip c2"">综合应用</span><span class=""chip c3"">线程的实现和实例</span></div><h1>协程</h1><div class=""a"">当线程数量非常大时，系统线程会占用非常多的<span class=""hit"">内存</span>空间，过多的线程切换会占用大量系统时间。为解决这两个问题，许多编程语言（如C++、Python、Go语言）提出了协程机制。协程是运行在线程之上的轻量级线程：当一个协程执行完成后，可以选择主动退出，让另一个协程运行在当前线程之上。协程并没有增加线程数量，只是在线程的基础之上通过分时复用的方式运行多个协程；而且协程的切换在<span class=""hit"">用户态</span>完成，切换的代价比线程从<span class=""hit"">用户态</span>到<span class=""hit"">内核态</span>的代价小很多。</div><div class=""ansbox"">挖空答案：<b>内存；用户态；内核态</b></div><div class=""pg"">教材页码：P107</div>"	进程/线程模型 综合应用 线程的实现和实例 13180操作系统
"<div class=""top""><span class=""chip c1"">章节：进程/线程调度</span><span class=""chip c2"">领会</span><span class=""chip c3"">进程调度的基本概念</span></div><h1>进程调度的主要功能</h1><div class=""q""><span class=""blank"">______</span>即处理机调度，也叫<span class=""blank"">______</span>，其任务是控制、协调进程对CPU的竞争，按照一定的调度算法使某一就绪进程获得CPU控制权、转换成运行状态；实际上进程调度完成把一个物理CPU转变成多个虚拟（逻辑）CPU的工作。进程调度程序是操作系统的真正核心，直接负责CPU分配。进程调度的主要功能有三项：①保存现场——当前运行进程调用调度程序要求放弃CPU（因时间片用完或等待I/O等）时，调度程序把它的现场信息（如<span class=""blank"">______</span>和通用寄存器内容等）保留在该进程PCB的现场信息区中；②挑选进程——根据一定的调度算法（如优先级算法）从就绪队列中选出一个进程，把它的状态改为运行态，准备把CPU分配给它；③恢复现场——为选中的进程恢复现场信息，并把CPU控制权交给该进程，使其接着上次间断的地方继续运行。</div>"	"<div class=""top""><span class=""chip c1"">章节：进程/线程调度</span><span class=""chip c2"">领会</span><span class=""chip c3"">进程调度的基本概念</span></div><h1>进程调度的主要功能</h1><div class=""a""><span class=""hit"">进程调度</span>即处理机调度，也叫<span class=""hit"">低级调度</span>，其任务是控制、协调进程对CPU的竞争，按照一定的调度算法使某一就绪进程获得CPU控制权、转换成运行状态；实际上<span class=""hit"">进程调度</span>完成把一个物理CPU转变成多个虚拟（逻辑）CPU的工作。<span class=""hit"">进程调度</span>程序是操作系统的真正核心，直接负责CPU分配。<span class=""hit"">进程调度</span>的主要功能有三项：①保存现场——当前运行进程调用调度程序要求放弃CPU（因时间片用完或等待I/O等）时，调度程序把它的现场信息（如<span class=""hit"">程序计数器</span>和通用寄存器内容等）保留在该进程PCB的现场信息区中；②挑选进程——根据一定的调度算法（如优先级算法）从就绪队列中选出一个进程，把它的状态改为运行态，准备把CPU分配给它；③恢复现场——为选中的进程恢复现场信息，并把CPU控制权交给该进程，使其接着上次间断的地方继续运行。</div><div class=""ansbox"">挖空答案：<b>进程调度；低级调度；程序计数器</b></div><div class=""pg"">教材页码：P112</div>"	进程/线程调度 领会 进程调度的基本概念 13180操作系统
"<div class=""top""><span class=""chip c1"">章节：进程/线程调度</span><span class=""chip c2"">领会</span><span class=""chip c3"">进程调度的基本概念</span></div><h1>进程调度的时机</h1><div class=""q"">在系统中发生的某些事件会导致当前进程挂起，或为另外的进程提供抢占CPU运行的机会；每当出现此类事件时就要执行<span class=""blank"">______</span>。一般在以下事件发生后要执行进程调度：①创建进程——创建新进程时，要决定是运行父进程还是子进程；②任务完成——正在运行的进程完成其任务后主动释放对CPU的控制；③等待资源——由于等待某些资源或事件，正在运行的进程不得不放弃CPU；④中断发生——I/O设备完成工作后发出I/O中断，原先等待该I/O的进程从阻塞态变为就绪态，调度要决定是让新就绪进程投入运行、还是让当前进程继续运行；⑤运行到时——<span class=""blank"">______</span>中当前进程用完规定时间片产生<span class=""blank"">______</span>，让出CPU，调度程序选择另一个就绪进程运行。</div>"	"<div class=""top""><span class=""chip c1"">章节：进程/线程调度</span><span class=""chip c2"">领会</span><span class=""chip c3"">进程调度的基本概念</span></div><h1>进程调度的时机</h1><div class=""a"">在系统中发生的某些事件会导致当前进程挂起，或为另外的进程提供抢占CPU运行的机会；每当出现此类事件时就要执行<span class=""hit"">进程调度</span>。一般在以下事件发生后要执行<span class=""hit"">进程调度</span>：①创建进程——创建新进程时，要决定是运行父进程还是子进程；②任务完成——正在运行的进程完成其任务后主动释放对CPU的控制；③等待资源——由于等待某些资源或事件，正在运行的进程不得不放弃CPU；④中断发生——I/O设备完成工作后发出I/O中断，原先等待该I/O的进程从阻塞态变为就绪态，调度要决定是让新就绪进程投入运行、还是让当前进程继续运行；⑤运行到时——<span class=""hit"">分时系统</span>中当前进程用完规定时间片产生<span class=""hit"">时钟中断</span>，让出CPU，调度程序选择另一个就绪进程运行。</div><div class=""ansbox"">挖空答案：<b>进程调度；分时系统；时钟中断</b></div><div class=""pg"">教材页码：P112</div>"	进程/线程调度 领会 进程调度的基本概念 13180操作系统
"<div class=""top""><span class=""chip c1"">章节：进程/线程调度</span><span class=""chip c2"">领会</span><span class=""chip c3"">进程调度的基本概念</span></div><h1>两级调度模型</h1><div class=""q""><span class=""blank"">______</span>和<span class=""blank"">______</span>是CPU主要的两级调度。作业调度的主要任务是完成作业从后备状态到执行状态、以及从执行状态到完成状态的转换。作业调度是宏观调度，它所选择的作业只是获得了获得处理机的资格，但尚未占有处理机、不能立即在其上实际运行；进程调度是微观调度，它根据一定的算法把处理机动态、实际地分配给所选择的进程，使之真正活动起来。二者的一个基本区别是执行频率不同：进程调度必须相当频繁地为CPU选择进程，一个进程在等待I/O请求之前往往只执行几毫秒，进程调度可能每10毫秒执行一次，且必须非常快；作业调度执行次数很少，新作业到达系统的间隔可以是几分钟，作业调度控制着程序的道数（内存中进程数目），因为时间间隔较长，作业调度可以花费较多时间来决定哪个作业被选去执行。在<span class=""blank"">______</span>中往往没有作业调度程序，而是简单地把每个新进程装入内存供进程调度使用。</div>"	"<div class=""top""><span class=""chip c1"">章节：进程/线程调度</span><span class=""chip c2"">领会</span><span class=""chip c3"">进程调度的基本概念</span></div><h1>两级调度模型</h1><div class=""a""><span class=""hit"">进程调度</span>和<span class=""hit"">作业调度</span>是CPU主要的两级调度。<span class=""hit"">作业调度</span>的主要任务是完成作业从后备状态到执行状态、以及从执行状态到完成状态的转换。<span class=""hit"">作业调度</span>是宏观调度，它所选择的作业只是获得了获得处理机的资格，但尚未占有处理机、不能立即在其上实际运行；<span class=""hit"">进程调度</span>是微观调度，它根据一定的算法把处理机动态、实际地分配给所选择的进程，使之真正活动起来。二者的一个基本区别是执行频率不同：<span class=""hit"">进程调度</span>必须相当频繁地为CPU选择进程，一个进程在等待I/O请求之前往往只执行几毫秒，<span class=""hit"">进程调度</span>可能每10毫秒执行一次，且必须非常快；<span class=""hit"">作业调度</span>执行次数很少，新作业到达系统的间隔可以是几分钟，<span class=""hit"">作业调度</span>控制着程序的道数（内存中进程数目），因为时间间隔较长，<span class=""hit"">作业调度</span>可以花费较多时间来决定哪个作业被选去执行。在<span class=""hit"">分时操作系统</span>中往往没有<span class=""hit"">作业调度</span>程序，而是简单地把每个新进程装入内存供<span class=""hit"">进程调度</span>使用。</div><div class=""ansbox"">挖空答案：<b>进程调度；作业调度；分时操作系统</b></div><div class=""pg"">教材页码：P112</div>"	进程/线程调度 领会 进程调度的基本概念 13180操作系统
"<div class=""top""><span class=""chip c1"">章节：进程/线程调度</span><span class=""chip c2"">领会</span><span class=""chip c3"">进程调度的基本概念</span></div><h1>三级调度模型</h1><div class=""q"">当一个系统中同时存在三级调度时：作业调度从后备作业中选择一批合适的作业放入内存并创建相应进程；<span class=""blank"">______</span>从就绪队列中选择一个最佳进程让它投入运行；<span class=""blank"">______</span>把在内存中驻留时间较长的进程换到磁盘上，即从就绪队列转到就绪/挂起队列，或从阻塞队列转到阻塞/挂起队列；当内存中有足够可用空间时，中级调度就从就绪/挂起队列中选择一些合适的进程放入内存，使它们进入就绪队列。三级调度分别对应宏观的作业调度（高级调度）、内存与外存之间交换的中级调度（中程调度），以及把CPU实际分配给进程的进程调度（<span class=""blank"">______</span>）。</div>"	"<div class=""top""><span class=""chip c1"">章节：进程/线程调度</span><span class=""chip c2"">领会</span><span class=""chip c3"">进程调度的基本概念</span></div><h1>三级调度模型</h1><div class=""a"">当一个系统中同时存在三级调度时：作业调度从后备作业中选择一批合适的作业放入内存并创建相应进程；<span class=""hit"">进程调度</span>从就绪队列中选择一个最佳进程让它投入运行；<span class=""hit"">中级调度</span>把在内存中驻留时间较长的进程换到磁盘上，即从就绪队列转到就绪/挂起队列，或从阻塞队列转到阻塞/挂起队列；当内存中有足够可用空间时，<span class=""hit"">中级调度</span>就从就绪/挂起队列中选择一些合适的进程放入内存，使它们进入就绪队列。三级调度分别对应宏观的作业调度（高级调度）、内存与外存之间交换的<span class=""hit"">中级调度</span>（中程调度），以及把CPU实际分配给进程的<span class=""hit"">进程调度</span>（<span class=""hit"">低级调度</span>）。</div><div class=""ansbox"">挖空答案：<b>进程调度；中级调度；低级调度</b></div><div class=""pg"">教材页码：P113</div>"	进程/线程调度 领会 进程调度的基本概念 13180操作系统
"<div class=""top""><span class=""chip c1"">章节：进程/线程调度</span><span class=""chip c2"">识记</span><span class=""chip c3"">进程调度算法的设计思路</span></div><h1>调度策略的选择</h1><div class=""q"">在实际系统中，确定调度策略往往采取统筹兼顾的办法，既保证主要目标实现，又不使相关指标变得太差。确定调度策略时应考虑的主要因素有：①设计目标——所用算法应保证实现系统的设计目标（这是主要矛盾）：<span class=""blank"">______</span>应尽量提高资源利用率和平均吞吐量，分时系统应保证对用户的均衡<span class=""blank"">______</span>，实时系统必须实现对事件及时、可靠的处理，网络系统应使用户和程序方便有效地利用分布式资源；②公平性——应公平对待所有作业或进程，使每个进程公平地共享CPU；③均衡性——均衡使用资源，尽量使系统中各种资源同时得到利用，提高资源利用率；④统筹兼顾——兼顾响应时间和资源利用率，对分时系统尤其要在用户输入命令后很短时间内给出响应；⑤优先级——基于相对优先级，但应避免无限期推迟某些进程，随<span class=""blank"">______</span>延长应提升低优先级进程的优先级；⑥开销——系统开销不应太大。实际系统中往往采用较简单的算法，以避免复杂算法带来的额外负担。</div>"	"<div class=""top""><span class=""chip c1"">章节：进程/线程调度</span><span class=""chip c2"">识记</span><span class=""chip c3"">进程调度算法的设计思路</span></div><h1>调度策略的选择</h1><div class=""a"">在实际系统中，确定调度策略往往采取统筹兼顾的办法，既保证主要目标实现，又不使相关指标变得太差。确定调度策略时应考虑的主要因素有：①设计目标——所用算法应保证实现系统的设计目标（这是主要矛盾）：<span class=""hit"">批处理系统</span>应尽量提高资源利用率和平均吞吐量，分时系统应保证对用户的均衡<span class=""hit"">响应时间</span>，实时系统必须实现对事件及时、可靠的处理，网络系统应使用户和程序方便有效地利用分布式资源；②公平性——应公平对待所有作业或进程，使每个进程公平地共享CPU；③均衡性——均衡使用资源，尽量使系统中各种资源同时得到利用，提高资源利用率；④统筹兼顾——兼顾<span class=""hit"">响应时间</span>和资源利用率，对分时系统尤其要在用户输入命令后很短时间内给出响应；⑤优先级——基于相对优先级，但应避免无限期推迟某些进程，随<span class=""hit"">等待时间</span>延长应提升低优先级进程的优先级；⑥开销——系统开销不应太大。实际系统中往往采用较简单的算法，以避免复杂算法带来的额外负担。</div><div class=""ansbox"">挖空答案：<b>批处理系统；响应时间；等待时间</b></div><div class=""pg"">教材页码：P114</div>"	进程/线程调度 识记 进程调度算法的设计思路 13180操作系统
"<div class=""top""><span class=""chip c1"">章节：进程/线程调度</span><span class=""chip c2"">识记</span><span class=""chip c3"">进程调度算法的设计思路</span></div><h1>性能评价标准：CPU利用率、系统吞吐量和平均周转时间</h1><div class=""q"">为比较CPU调度算法，常用评价标准包括：①CPU利用率——CPU价格昂贵时希望它得到充分利用，利用率可从0到100%，实际系统中一般为40%（轻负荷）~90%（重负荷），在一定I/O等待时间百分比下，运行程序道数越多CPU空闲百分比越低；②吞吐量——单位时间内CPU完成作业的数量，长作业可能每小时一个，短作业可达每秒10个；③<span class=""blank"">______</span>——从作业提交到作业完成的时间间隔，是作业等待进入内存、在就绪队列等待、在CPU执行和完成I/O操作所花时间的总和，<span class=""blank"">______</span>可衡量不同算法对相同作业流的调度性能；为区分长短作业又定义了<span class=""blank"">______</span>w=T/R（T为周转时间、R为实际运行时间），平均带权周转时间可比较算法对不同作业流的调度性能；④就绪等待时间——CPU调度算法不影响作业执行或I/O时间，只影响作业在就绪队列中所花的时间，较短等待时间意味着更快得到响应，缩短就绪等待时间可提高吞吐量和CPU利用率；⑤响应时间——交互式系统中从提交第一个请求到产生第一个响应所用的时间，它是刚开始响应的时间而不是用于输出响应的时间。</div>"	"<div class=""top""><span class=""chip c1"">章节：进程/线程调度</span><span class=""chip c2"">识记</span><span class=""chip c3"">进程调度算法的设计思路</span></div><h1>性能评价标准：CPU利用率、系统吞吐量和平均周转时间</h1><div class=""a"">为比较CPU调度算法，常用评价标准包括：①CPU利用率——CPU价格昂贵时希望它得到充分利用，利用率可从0到100%，实际系统中一般为40%（轻负荷）~90%（重负荷），在一定I/O等待时间百分比下，运行程序道数越多CPU空闲百分比越低；②吞吐量——单位时间内CPU完成作业的数量，长作业可能每小时一个，短作业可达每秒10个；③<span class=""hit"">周转时间</span>——从作业提交到作业完成的时间间隔，是作业等待进入内存、在就绪队列等待、在CPU执行和完成I/O操作所花时间的总和，<span class=""hit"">平均周转时间</span>可衡量不同算法对相同作业流的调度性能；为区分长短作业又定义了<span class=""hit"">带权周转时间</span>w=T/R（T为<span class=""hit"">周转时间</span>、R为实际运行时间），平均<span class=""hit"">带权周转时间</span>可比较算法对不同作业流的调度性能；④就绪等待时间——CPU调度算法不影响作业执行或I/O时间，只影响作业在就绪队列中所花的时间，较短等待时间意味着更快得到响应，缩短就绪等待时间可提高吞吐量和CPU利用率；⑤响应时间——交互式系统中从提交第一个请求到产生第一个响应所用的时间，它是刚开始响应的时间而不是用于输出响应的时间。</div><div class=""ansbox"">挖空答案：<b>周转时间；平均周转时间；带权周转时间</b></div><div class=""pg"">教材页码：P114</div>"	进程/线程调度 识记 进程调度算法的设计思路 13180操作系统
"<div class=""top""><span class=""chip c1"">章节：进程/线程调度</span><span class=""chip c2"">简单应用</span><span class=""chip c3"">经典进程调度算法</span></div><h1>先来先服务调度算法</h1><div class=""q""><span class=""blank"">______</span>（First-Come First-Served，FCFS）调度算法是最简单的一种调度算法，实现思想就是排队买票的办法。对于作业调度，每次调度从后备作业队列（按进入时间先后为序）中选择队头的一个或几个作业调入内存，分配资源、创建进程并放入就绪队列。对于<span class=""blank"">______</span>，每次从就绪队列中选择最先进入该队列的进程，把CPU分给它令其投入运行；该进程一直运行，直至完成或因某些原因阻塞才放弃CPU。一个进程进入就绪队列时其PCB链接到就绪队列末尾，调度时把队头进程摘下分给CPU。FCFS比较有利于长作业（进程）而不利于短作业，短作业若等待较长时间才得到服务则<span class=""blank"">______</span>很长；对CPU繁忙型作业较有利，而不利于I/O繁忙型作业（I/O操作时要放弃CPU，操作完成后要重新排队等待较长时间，导致周转时间和带权周转时间都很长）。FCFS容易实现，但效率较低。</div>"	"<div class=""top""><span class=""chip c1"">章节：进程/线程调度</span><span class=""chip c2"">简单应用</span><span class=""chip c3"">经典进程调度算法</span></div><h1>先来先服务调度算法</h1><div class=""a""><span class=""hit"">先来先服务</span>（First-Come First-Served，FCFS）调度算法是最简单的一种调度算法，实现思想就是排队买票的办法。对于作业调度，每次调度从后备作业队列（按进入时间先后为序）中选择队头的一个或几个作业调入内存，分配资源、创建进程并放入就绪队列。对于<span class=""hit"">进程调度</span>，每次从就绪队列中选择最先进入该队列的进程，把CPU分给它令其投入运行；该进程一直运行，直至完成或因某些原因阻塞才放弃CPU。一个进程进入就绪队列时其PCB链接到就绪队列末尾，调度时把队头进程摘下分给CPU。FCFS比较有利于长作业（进程）而不利于短作业，短作业若等待较长时间才得到服务则<span class=""hit"">带权周转时间</span>很长；对CPU繁忙型作业较有利，而不利于I/O繁忙型作业（I/O操作时要放弃CPU，操作完成后要重新排队等待较长时间，导致周转时间和<span class=""hit"">带权周转时间</span>都很长）。FCFS容易实现，但效率较低。</div><div class=""ansbox"">挖空答案：<b>先来先服务；进程调度；带权周转时间</b></div><div class=""pg"">教材页码：P115</div>"	进程/线程调度 简单应用 经典进程调度算法 13180操作系统
"<div class=""top""><span class=""chip c1"">章节：进程/线程调度</span><span class=""chip c2"">简单应用</span><span class=""chip c3"">经典进程调度算法</span></div><h1>时间片轮转调度算法</h1><div class=""q""><span class=""blank"">______</span>（Round-Robin，RR）主要用于分时系统中的<span class=""blank"">______</span>。实现思想：系统把所有就绪进程按先入先出原则排成一个队列，新来进程加到就绪队列末尾；每次调度时进程调度程序总是选出就绪队列队首进程，让它在CPU上运行一个时间片（通常为10~100毫秒）；当进程用完分给它的时间片后，计时器发出<span class=""blank"">______</span>，调度程序停止该进程运行并把它放入就绪队列末尾，然后把CPU分给就绪队列队首进程，同样让它运行一个时间片，如此往复。时间片大小对性能影响很大：时间片太长，每个进程都在这段时间内运行完毕，RR就退化为FCFS，对用户响应时间必然加长；时间片太短，CPU在进程间切换过于频繁，时钟中断处理、保存老进程寄存器、装配新进程寄存器等工作会加大系统开销。时间片长短通常由四个因素决定：①系统的响应时间（进程数一定时，时间片与响应时间成正比）；②就绪队列进程数目（响应时间一定时，时间片与进程数成反比）；③进程转换时间（应使转换时间s与时间片q之比不大于某一数值，如1/10）；④CPU运行指令速度（CPU快则时间片可取短些，反之取长些）。</div>"	"<div class=""top""><span class=""chip c1"">章节：进程/线程调度</span><span class=""chip c2"">简单应用</span><span class=""chip c3"">经典进程调度算法</span></div><h1>时间片轮转调度算法</h1><div class=""a""><span class=""hit"">时间片轮转调度</span>（Round-Robin，RR）主要用于分时系统中的<span class=""hit"">进程调度</span>。实现思想：系统把所有就绪进程按先入先出原则排成一个队列，新来进程加到就绪队列末尾；每次调度时<span class=""hit"">进程调度</span>程序总是选出就绪队列队首进程，让它在CPU上运行一个时间片（通常为10~100毫秒）；当进程用完分给它的时间片后，计时器发出<span class=""hit"">时钟中断</span>，调度程序停止该进程运行并把它放入就绪队列末尾，然后把CPU分给就绪队列队首进程，同样让它运行一个时间片，如此往复。时间片大小对性能影响很大：时间片太长，每个进程都在这段时间内运行完毕，RR就退化为FCFS，对用户响应时间必然加长；时间片太短，CPU在进程间切换过于频繁，<span class=""hit"">时钟中断</span>处理、保存老进程寄存器、装配新进程寄存器等工作会加大系统开销。时间片长短通常由四个因素决定：①系统的响应时间（进程数一定时，时间片与响应时间成正比）；②就绪队列进程数目（响应时间一定时，时间片与进程数成反比）；③进程转换时间（应使转换时间s与时间片q之比不大于某一数值，如1/10）；④CPU运行指令速度（CPU快则时间片可取短些，反之取长些）。</div><div class=""ansbox"">挖空答案：<b>时间片轮转调度；进程调度；时钟中断</b></div><div class=""pg"">教材页码：P116</div>"	进程/线程调度 简单应用 经典进程调度算法 13180操作系统
"<div class=""top""><span class=""chip c1"">章节：进程/线程调度</span><span class=""chip c2"">简单应用</span><span class=""chip c3"">经典进程调度算法</span></div><h1>优先级调度算法</h1><div class=""q"">优先级调度算法：从就绪队列中选出优先级最高的进程把CPU分给它使用。按是否抢占分为两种方式：非抢占式优先级法——当前占用CPU的进程一直运行，直到完成任务或因等待某事件主动让出CPU时，系统才让另一个高优先级进程占用CPU；抢占式优先级法——当前进程运行过程中一旦就绪队列中出现更高优先级进程，调度程序就停止当前进程运行，强行把CPU分给更高优先级进程。优先级确定：可由系统内部定义（利用进程类型、对资源的需求等可度量的量计算）或由外部指定（用户设置、应用程序要求、系统管理员设定等）。按优先级是否变化分为静态方式和动态方式：<span class=""blank"">______</span>在创建进程时确定、整个运行期间保持不变，用某个范围内的整数（优先数）表示，易于实现、系统开销小，但会出现饥饿现象——某些低优先级进程无限期等待CPU；<span class=""blank"">______</span>随进程推进不断改变，典型办法是论年头——等待CPU很长时间的进程逐渐提升其优先级（如UNIX中运行进程随占用CPU时间加长优先数增加、就绪进程随<span class=""blank"">______</span>加长优先数递减），形成负反馈，防止一个进程长期占用CPU、也避免饥饿。本书采用优先数越小优先级越高的表示。</div>"	"<div class=""top""><span class=""chip c1"">章节：进程/线程调度</span><span class=""chip c2"">简单应用</span><span class=""chip c3"">经典进程调度算法</span></div><h1>优先级调度算法</h1><div class=""a"">优先级调度算法：从就绪队列中选出优先级最高的进程把CPU分给它使用。按是否抢占分为两种方式：非抢占式优先级法——当前占用CPU的进程一直运行，直到完成任务或因等待某事件主动让出CPU时，系统才让另一个高优先级进程占用CPU；抢占式优先级法——当前进程运行过程中一旦就绪队列中出现更高优先级进程，调度程序就停止当前进程运行，强行把CPU分给更高优先级进程。优先级确定：可由系统内部定义（利用进程类型、对资源的需求等可度量的量计算）或由外部指定（用户设置、应用程序要求、系统管理员设定等）。按优先级是否变化分为静态方式和动态方式：<span class=""hit"">静态优先级</span>在创建进程时确定、整个运行期间保持不变，用某个范围内的整数（优先数）表示，易于实现、系统开销小，但会出现饥饿现象——某些低优先级进程无限期等待CPU；<span class=""hit"">动态优先级</span>随进程推进不断改变，典型办法是论年头——等待CPU很长时间的进程逐渐提升其优先级（如UNIX中运行进程随占用CPU时间加长优先数增加、就绪进程随<span class=""hit"">等待时间</span>加长优先数递减），形成负反馈，防止一个进程长期占用CPU、也避免饥饿。本书采用优先数越小优先级越高的表示。</div><div class=""ansbox"">挖空答案：<b>静态优先级；动态优先级；等待时间</b></div><div class=""pg"">教材页码：P118</div>"	进程/线程调度 简单应用 经典进程调度算法 13180操作系统
"<div class=""top""><span class=""chip c1"">章节：进程/线程调度</span><span class=""chip c2"">简单应用</span><span class=""chip c3"">经典进程调度算法</span></div><h1>最短作业优先调度算法。^</h1><div class=""q"">最<span class=""blank"">______</span>（Shortest Job First，SJF）调度主要用于<span class=""blank"">______</span>。实现思想：从作业的后备队列中挑选那些需要运行时间（估计值）最短的作业放入内存，这是一种非抢占策略；系统一旦选中某个短作业就让该作业投入执行，直到完成并退出系统为止。例如预计运行时间分别为6、3、15、8的作业A、B、C、D，执行顺序为B、A、D、C。SJF能有效降低作业的平均<span class=""blank"">______</span>、提高系统吞吐量；可以证明SJF是最优的——对给定一组进程，SJF的平均等待时间最小，把短进程移到长进程之前，短进程等待时间的减少大于长进程等待时间的增加。但该算法对长作业很不利，且不能保证紧迫性作业被及时处理。SJF的真正困难是如何知道下次CPU执行的长度：对批处理长期调度可用用户提交作业时指定的进程时限作为长度；短期CPU调度无法知道下次CPU执行长度，只能近似——认为下一个CPU执行长度与以前相似，通过计算其近似值来选择预测最短的进程。</div>"	"<div class=""top""><span class=""chip c1"">章节：进程/线程调度</span><span class=""chip c2"">简单应用</span><span class=""chip c3"">经典进程调度算法</span></div><h1>最短作业优先调度算法。^</h1><div class=""a"">最<span class=""hit"">短作业优先</span>（Shortest Job First，SJF）调度主要用于<span class=""hit"">作业调度</span>。实现思想：从作业的后备队列中挑选那些需要运行时间（估计值）最短的作业放入内存，这是一种非抢占策略；系统一旦选中某个短作业就让该作业投入执行，直到完成并退出系统为止。例如预计运行时间分别为6、3、15、8的作业A、B、C、D，执行顺序为B、A、D、C。SJF能有效降低作业的平均<span class=""hit"">等待时间</span>、提高系统吞吐量；可以证明SJF是最优的——对给定一组进程，SJF的平均<span class=""hit"">等待时间</span>最小，把短进程移到长进程之前，短进程<span class=""hit"">等待时间</span>的减少大于长进程<span class=""hit"">等待时间</span>的增加。但该算法对长作业很不利，且不能保证紧迫性作业被及时处理。SJF的真正困难是如何知道下次CPU执行的长度：对批处理长期调度可用用户提交作业时指定的进程时限作为长度；短期CPU调度无法知道下次CPU执行长度，只能近似——认为下一个CPU执行长度与以前相似，通过计算其近似值来选择预测最短的进程。</div><div class=""ansbox"">挖空答案：<b>短作业优先；作业调度；等待时间</b></div><div class=""pg"">教材页码：P119</div>"	进程/线程调度 简单应用 经典进程调度算法 13180操作系统
"<div class=""top""><span class=""chip c1"">章节：进程/线程调度</span><span class=""chip c2"">简单应用</span><span class=""chip c3"">经典进程调度算法</span></div><h1>最短剩余时间优先调度算法</h1><div class=""q"">最短剩余时间优先（Shortest Remaining Time First，SRTF/SRTN）调度是最<span class=""blank"">______</span>调度的变形，它采用抢占式策略。实现思想：当新进程加入<span class=""blank"">______</span>队列时，如果它需要的运行时间比当前运行进程所需的剩余时间还短，则运行进程被强行剥夺CPU控制权，把那个新<span class=""blank"">______</span>去运行。这种算法总能保证新的短作业一进入系统就很快得到服务。但实现这种算法要增加系统开销，如保存进程断点现场和统计进程剩余时间等。举例：P1、P2、P3分别需要5、3、4个单位时间、同在时刻0到达——时刻0选最短的P2执行；时刻3 P2运行完毕，P1、P3剩余时间分别为2和4，选P1执行；时刻8 P1运行完毕，选P3执行；时刻12 P3运行完毕。执行顺序为P2、P1、P3。</div>"	"<div class=""top""><span class=""chip c1"">章节：进程/线程调度</span><span class=""chip c2"">简单应用</span><span class=""chip c3"">经典进程调度算法</span></div><h1>最短剩余时间优先调度算法</h1><div class=""a"">最短剩余时间优先（Shortest Remaining Time First，SRTF/SRTN）调度是最<span class=""hit"">短作业优先</span>调度的变形，它采用抢占式策略。实现思想：当新进程加入<span class=""hit"">就绪</span>队列时，如果它需要的运行时间比当前运行进程所需的剩余时间还短，则运行进程被强行剥夺CPU控制权，把那个新<span class=""hit"">进程调度</span>去运行。这种算法总能保证新的短作业一进入系统就很快得到服务。但实现这种算法要增加系统开销，如保存进程断点现场和统计进程剩余时间等。举例：P1、P2、P3分别需要5、3、4个单位时间、同在时刻0到达——时刻0选最短的P2执行；时刻3 P2运行完毕，P1、P3剩余时间分别为2和4，选P1执行；时刻8 P1运行完毕，选P3执行；时刻12 P3运行完毕。执行顺序为P2、P1、P3。</div><div class=""ansbox"">挖空答案：<b>短作业优先；就绪；进程调度</b></div><div class=""pg"">教材页码：P120</div>"	进程/线程调度 简单应用 经典进程调度算法 13180操作系统
"<div class=""top""><span class=""chip c1"">章节：进程/线程调度</span><span class=""chip c2"">简单应用</span><span class=""chip c3"">经典进程调度算法</span></div><h1>多级队列调度算法</h1><div class=""q"">多级队列（<span class=""blank"">______</span>）调度是根据作业的某些特性（如占用内存大小和作业类型等），永久性地把各个作业分别链接到不同的队列，每个队列都有自己的调度算法。例如把前台作业（交互型作业）和后台作业各设一个队列，前台作业进程可用<span class=""blank"">______</span>，后台作业进程可用FCFS调度算法。此外在各队列之间也要进行调度，通常采用固定优先级的抢占式调度，例如前台队列优先级高于后台队列，仅当前台队列中的进程都运行完之后才调度后台队列中的进程。例如三个进程P1、P2、P3分别属于最高优先级队列Q1、Q2和最低优先级队列Q3：Q1中的P1使用抢占式<span class=""blank"">______</span>，有更高优先级进程到达时被暂停；Q2中的P2使用时间片轮转调度，按顺序轮流运行、时间片结束放回队尾；Q3中的P3使用FCFS调度，按到达顺序运行直到完成。这种方法可根据进程的优先级和特点灵活调度，提高系统性能。</div>"	"<div class=""top""><span class=""chip c1"">章节：进程/线程调度</span><span class=""chip c2"">简单应用</span><span class=""chip c3"">经典进程调度算法</span></div><h1>多级队列调度算法</h1><div class=""a"">多级队列（<span class=""hit"">Multilevel Queue</span>）调度是根据作业的某些特性（如占用内存大小和作业类型等），永久性地把各个作业分别链接到不同的队列，每个队列都有自己的调度算法。例如把前台作业（交互型作业）和后台作业各设一个队列，前台作业进程可用<span class=""hit"">时间片轮转调度算法</span>，后台作业进程可用FCFS调度算法。此外在各队列之间也要进行调度，通常采用固定优先级的抢占式调度，例如前台队列优先级高于后台队列，仅当前台队列中的进程都运行完之后才调度后台队列中的进程。例如三个进程P1、P2、P3分别属于最高优先级队列Q1、Q2和最低优先级队列Q3：Q1中的P1使用抢占式<span class=""hit"">优先级调度</span>，有更高优先级进程到达时被暂停；Q2中的P2使用时间片轮转调度，按顺序轮流运行、时间片结束放回队尾；Q3中的P3使用FCFS调度，按到达顺序运行直到完成。这种方法可根据进程的优先级和特点灵活调度，提高系统性能。</div><div class=""ansbox"">挖空答案：<b>Multilevel Queue；时间片轮转调度算法；优先级调度</b></div><div class=""pg"">教材页码：P120</div>"	进程/线程调度 简单应用 经典进程调度算法 13180操作系统
"<div class=""top""><span class=""chip c1"">章节：进程/线程调度</span><span class=""chip c2"">简单应用</span><span class=""chip c3"">经典进程调度算法</span></div><h1>多级反馈队列调度算法</h1><div class=""q""><span class=""blank"">______</span>（Multilevel Feedback Queue）调度是在<span class=""blank"">______</span>的基础上加入反馈措施。实现思想：系统中设置多个就绪队列，每个队列对应一个优先级，第一个队列优先级最高、第二个次之、以下逐个降低；各就绪队列中进程的运行时间片不同，高优先级队列时间片小、低优先级队列时间片大（如从高到低依次加倍）；新进程进入系统后先放到第一个队列末尾，各队列按FCFS方式排队；如果某进程在相应时间片内没有完成工作，则把它转到下一个队列末尾；系统先运行第一个队列中的进程，第一个队列为空后才运行第二个，依次类推，最后一个（最低级）队列中的进程采用<span class=""blank"">______</span>方式调度。此外，当进程在某队列等待超过一定时间片后，会被提升到更高优先级队列（如在Q2中等待3个时间片后移到Q1）。这种算法可适应不同类型的进程，保证良好的响应时间和高吞吐量；虽然比较复杂，但性能较好，在UNIX、BSD OS/2等系统中都采用了类似调度算法。</div>"	"<div class=""top""><span class=""chip c1"">章节：进程/线程调度</span><span class=""chip c2"">简单应用</span><span class=""chip c3"">经典进程调度算法</span></div><h1>多级反馈队列调度算法</h1><div class=""a""><span class=""hit"">多级反馈队列</span>（Multilevel Feedback Queue）调度是在<span class=""hit"">多级队列调度算法</span>的基础上加入反馈措施。实现思想：系统中设置多个就绪队列，每个队列对应一个优先级，第一个队列优先级最高、第二个次之、以下逐个降低；各就绪队列中进程的运行时间片不同，高优先级队列时间片小、低优先级队列时间片大（如从高到低依次加倍）；新进程进入系统后先放到第一个队列末尾，各队列按FCFS方式排队；如果某进程在相应时间片内没有完成工作，则把它转到下一个队列末尾；系统先运行第一个队列中的进程，第一个队列为空后才运行第二个，依次类推，最后一个（最低级）队列中的进程采用<span class=""hit"">时间片轮转</span>方式调度。此外，当进程在某队列等待超过一定时间片后，会被提升到更高优先级队列（如在Q2中等待3个时间片后移到Q1）。这种算法可适应不同类型的进程，保证良好的响应时间和高吞吐量；虽然比较复杂，但性能较好，在UNIX、BSD OS/2等系统中都采用了类似调度算法。</div><div class=""ansbox"">挖空答案：<b>多级反馈队列；多级队列调度算法；时间片轮转</b></div><div class=""pg"">教材页码：P121</div>"	进程/线程调度 简单应用 经典进程调度算法 13180操作系统
"<div class=""top""><span class=""chip c1"">章节：进程/线程调度</span><span class=""chip c2"">识记</span><span class=""chip c3"">其他进程调度算法</span></div><h1>公平共享调度算法</h1><div class=""q"">之前讲述的<span class=""blank"">______</span>都把就绪进程集合看作单一进程池（即使按优先级划分也是同构的）。但在多用户系统中，如果单个用户的应用程序或作业可以组成多个进程（或线程），传统调度器就不认识这种进程集合结构；从用户角度关心的是构成应用程序的一组进程如何执行，因此基于进程组的调度决策很有吸引力，称为公平共享调度（<span class=""blank"">______</span>），该概念还可扩展到用户组（如把某部门所有用户看作同组）。其基本原则是公平共享：每个用户被指定某种类型的权值，该权值定义了该用户对系统资源的共享，以其在所有使用资源中所占比例体现；特别地每个用户被分配了<span class=""blank"">______</span>的共享，若用户A权值是用户B的2倍，则从长期结果看用户A完成的工作应是用户B的2倍。公平共享调度器监视使用情况：对相对公平共享占有较多资源的用户分配较少资源，对占有较少资源的用户分配较多资源。</div>"	"<div class=""top""><span class=""chip c1"">章节：进程/线程调度</span><span class=""chip c2"">识记</span><span class=""chip c3"">其他进程调度算法</span></div><h1>公平共享调度算法</h1><div class=""a"">之前讲述的<span class=""hit"">调度算法</span>都把就绪进程集合看作单一进程池（即使按优先级划分也是同构的）。但在多用户系统中，如果单个用户的应用程序或作业可以组成多个进程（或线程），传统调度器就不认识这种进程集合结构；从用户角度关心的是构成应用程序的一组进程如何执行，因此基于进程组的调度决策很有吸引力，称为公平共享调度（<span class=""hit"">Fair-share Scheduling</span>），该概念还可扩展到用户组（如把某部门所有用户看作同组）。其基本原则是公平共享：每个用户被指定某种类型的权值，该权值定义了该用户对系统资源的共享，以其在所有使用资源中所占比例体现；特别地每个用户被分配了<span class=""hit"">处理器</span>的共享，若用户A权值是用户B的2倍，则从长期结果看用户A完成的工作应是用户B的2倍。公平共享调度器监视使用情况：对相对公平共享占有较多资源的用户分配较少资源，对占有较少资源的用户分配较多资源。</div><div class=""ansbox"">挖空答案：<b>调度算法；Fair-share Scheduling；处理器</b></div><div class=""pg"">教材页码：P122</div>"	进程/线程调度 识记 其他进程调度算法 13180操作系统
"<div class=""top""><span class=""chip c1"">章节：进程/线程调度</span><span class=""chip c2"">识记</span><span class=""chip c3"">其他进程调度算法</span></div><h1>保证调度算法</h1><div class=""q"">保证调度算法是一种完全不同的调度算法，它向用户做出明确的性能保证然后去实现。例如系统中有n个用户登录，则每个用户将获得CPU处理能力的1/n；类似地在有n个<span class=""blank"">______</span>运行的单用户系统中，若所有进程等价，则每个进程将获得1/n的CPU时间。为实现所做的保证，系统必须跟踪各个进程自<span class=""blank"">______</span>以来已使用的CPU时间，计算各个进程应获得的CPU时间（自创建以来的时间除以n）；由于各进程实际获得的CPU时间已知，可计算真正获得的CPU时间和应获得的CPU时间之比——比例为0.5说明只获得应得时间的一半，比例为2.0说明获得了2倍；于是<span class=""blank"">______</span>随后转向比例最低的进程，直到该进程的比例超过其最接近的竞争者为止。</div>"	"<div class=""top""><span class=""chip c1"">章节：进程/线程调度</span><span class=""chip c2"">识记</span><span class=""chip c3"">其他进程调度算法</span></div><h1>保证调度算法</h1><div class=""a"">保证调度算法是一种完全不同的调度算法，它向用户做出明确的性能保证然后去实现。例如系统中有n个用户登录，则每个用户将获得CPU处理能力的1/n；类似地在有n个<span class=""hit"">进程</span>运行的单用户系统中，若所有<span class=""hit"">进程</span>等价，则每个<span class=""hit"">进程</span>将获得1/n的CPU时间。为实现所做的保证，系统必须跟踪各个<span class=""hit"">进程</span>自<span class=""hit"">创建</span>以来已使用的CPU时间，计算各个<span class=""hit"">进程</span>应获得的CPU时间（自<span class=""hit"">创建</span>以来的时间除以n）；由于各<span class=""hit"">进程</span>实际获得的CPU时间已知，可计算真正获得的CPU时间和应获得的CPU时间之比——比例为0.5说明只获得应得时间的一半，比例为2.0说明获得了2倍；于是<span class=""hit"">操作系统</span>随后转向比例最低的<span class=""hit"">进程</span>，直到该<span class=""hit"">进程</span>的比例超过其最接近的竞争者为止。</div><div class=""ansbox"">挖空答案：<b>进程；创建；操作系统</b></div><div class=""pg"">教材页码：P122</div>"	进程/线程调度 识记 其他进程调度算法 13180操作系统
"<div class=""top""><span class=""chip c1"">章节：进程/线程调度</span><span class=""chip c2"">识记</span><span class=""chip c3"">其他进程调度算法</span></div><h1>彩票调度算法</h1><div class=""q"">彩票调度算法是一种概率调度算法。在该算法里，给每个<span class=""blank"">______</span>分发一定数量的彩票，调度器则从所有彩票里随机抽取一张彩票，持有该彩票的进程就获得CPU。这样，如果想让某个进程获得更多CPU时间，就可以给该进程多发几张彩票。彩票调度算法的优势是显而易见的：通过给每个进程至少一张彩票就可以防止<span class=""blank"">______</span>问题，因为该进程获得CPU的概率将大于0。</div>"	"<div class=""top""><span class=""chip c1"">章节：进程/线程调度</span><span class=""chip c2"">识记</span><span class=""chip c3"">其他进程调度算法</span></div><h1>彩票调度算法</h1><div class=""a"">彩票调度算法是一种概率调度算法。在该算法里，给每个<span class=""hit"">进程</span>分发一定数量的彩票，调度器则从所有彩票里随机抽取一张彩票，持有该彩票的<span class=""hit"">进程</span>就获得CPU。这样，如果想让某个<span class=""hit"">进程</span>获得更多CPU时间，就可以给该<span class=""hit"">进程</span>多发几张彩票。彩票调度算法的优势是显而易见的：通过给每个<span class=""hit"">进程</span>至少一张彩票就可以防止<span class=""hit"">饥饿</span>问题，因为该<span class=""hit"">进程</span>获得CPU的概率将大于0。</div><div class=""ansbox"">挖空答案：<b>进程；饥饿</b></div><div class=""pg"">教材页码：P122</div>"	进程/线程调度 识记 其他进程调度算法 13180操作系统
"<div class=""top""><span class=""chip c1"">章节：进程/线程调度</span><span class=""chip c2"">简单应用</span><span class=""chip c3"">操作系统调度算法实例</span></div><h1>BSD多级反馈队列调度算法</h1><div class=""q"">BSD UNIX系统主要用于分时交互环境，<span class=""blank"">______</span>设计为给交互用户提供好的响应时间，同时保证低优先级<span class=""blank"">______</span>不会饿死，是分时调度算法的代表（尽管现代UNIX中已被取代）。BSD UNIX采用<span class=""blank"">______</span>法，在每个优先级队列中采用轮转方法；系统使用1秒抢占方式，即一个正在运行的进程在1秒内没有被阻塞或完成就将被抢占。优先级基于进程类型和执行历史，公式为Pj(i)=Basej+CPUj(i)/某个因子+nicej：其中CPUj(i)为进程j在区间i中处理器使用情况的度量，Pj(i)为进程j在区间i开始处的优先级（值越小优先级越高），Basej为进程j的基本优先级，nicej为用户可控制的调节因子。每秒重新计算每个进程的优先级并进行一次新的调度决策。按优先级递减划分的区为：交换程序、块I/O设备控制、文件操作、字符I/O设备控制、用户进程；这个层次提供对I/O设备最有效的使用，在用户进程区根据执行历史可用受I/O限制的进程来处罚受处理器限制的进程，与轮转抢占方案一起满足通用分时要求。</div>"	"<div class=""top""><span class=""chip c1"">章节：进程/线程调度</span><span class=""chip c2"">简单应用</span><span class=""chip c3"">操作系统调度算法实例</span></div><h1>BSD多级反馈队列调度算法</h1><div class=""a"">BSD UNIX系统主要用于分时交互环境，<span class=""hit"">调度算法</span>设计为给交互用户提供好的响应时间，同时保证低优先级<span class=""hit"">后台作业</span>不会饿死，是分时<span class=""hit"">调度算法</span>的代表（尽管现代UNIX中已被取代）。BSD UNIX采用<span class=""hit"">多级反馈队列</span>法，在每个优先级队列中采用轮转方法；系统使用1秒抢占方式，即一个正在运行的进程在1秒内没有被阻塞或完成就将被抢占。优先级基于进程类型和执行历史，公式为Pj(i)=Basej+CPUj(i)/某个因子+nicej：其中CPUj(i)为进程j在区间i中处理器使用情况的度量，Pj(i)为进程j在区间i开始处的优先级（值越小优先级越高），Basej为进程j的基本优先级，nicej为用户可控制的调节因子。每秒重新计算每个进程的优先级并进行一次新的调度决策。按优先级递减划分的区为：交换程序、块I/O设备控制、文件操作、字符I/O设备控制、用户进程；这个层次提供对I/O设备最有效的使用，在用户进程区根据执行历史可用受I/O限制的进程来处罚受处理器限制的进程，与轮转抢占方案一起满足通用分时要求。</div><div class=""ansbox"">挖空答案：<b>调度算法；后台作业；多级反馈队列</b></div><div class=""pg"">教材页码：P123</div>"	进程/线程调度 简单应用 操作系统调度算法实例 13180操作系统
"<div class=""top""><span class=""chip c1"">章节：进程/线程调度</span><span class=""chip c2"">简单应用</span><span class=""chip c3"">操作系统调度算法实例</span></div><h1>UNDCSVR4调度算法</h1><div class=""q"">UNIX SVR4使用的<span class=""blank"">______</span>是对早期UNIX调度算法的全面改进，新算法设计为给实时进程最高优先权、给内核模式进程次高优先权、给其他用户模式进程（分时进程）最低优先权。SVR4实现了两个重要修改：①增加了可抢占的<span class=""blank"">______</span>调度器，引入160个优先级并划分到三个优先级类中——实时（159~100）：可保证在任何内核进程或分时进程之前被选择运行，还可通过可抢占点抢占内核进程和用户进程；内核（99~60）：可保证在任何分时进程之前被选择运行，但必须服从实时进程；分时（59~0）：低优先级的普通用户应用进程。②插入可抢占点：由于基本内核不能被抢占，只能划分成许多处理步骤、每步一直运行到完成；在处理步骤之间设有称作可抢占点的安全位置（所有内核数据结构或已更新一致、或通过信号量锁定），内核可在此安全地<span class=""blank"">______</span>并调度新进程。每个优先级关联一个调度队列，同优先级进程按循环方式执行；位映像向量dqactmap每一位对应一个优先级，某优先级队列非空则相应位置1；运行进程离开运行状态时调度器检查dqactmap，从最高优先级非空队列中选一个就绪进程。在分时类中进程优先级可变：用完时间片则降低优先级，在事件或资源上阻塞则提高优先级；分配给分时进程的时间量取决于优先级，范围从优先级0的100ms到优先级59的50ms；实时进程则有固定优先级和固定时间量。</div>"	"<div class=""top""><span class=""chip c1"">章节：进程/线程调度</span><span class=""chip c2"">简单应用</span><span class=""chip c3"">操作系统调度算法实例</span></div><h1>UNDCSVR4调度算法</h1><div class=""a"">UNIX SVR4使用的<span class=""hit"">调度算法</span>是对早期UNIX<span class=""hit"">调度算法</span>的全面改进，新算法设计为给实时进程最高优先权、给内核模式进程次高优先权、给其他用户模式进程（分时进程）最低优先权。SVR4实现了两个重要修改：①增加了可抢占的<span class=""hit"">静态优先级</span>调度器，引入160个优先级并划分到三个优先级类中——实时（159~100）：可保证在任何内核进程或分时进程之前被选择运行，还可通过可抢占点抢占内核进程和用户进程；内核（99~60）：可保证在任何分时进程之前被选择运行，但必须服从实时进程；分时（59~0）：低优先级的普通用户应用进程。②插入可抢占点：由于基本内核不能被抢占，只能划分成许多处理步骤、每步一直运行到完成；在处理步骤之间设有称作可抢占点的安全位置（所有内核数据结构或已更新一致、或通过信号量锁定），内核可在此安全地<span class=""hit"">中断处理</span>并调度新进程。每个优先级关联一个调度队列，同优先级进程按循环方式执行；位映像向量dqactmap每一位对应一个优先级，某优先级队列非空则相应位置1；运行进程离开运行状态时调度器检查dqactmap，从最高优先级非空队列中选一个就绪进程。在分时类中进程优先级可变：用完时间片则降低优先级，在事件或资源上阻塞则提高优先级；分配给分时进程的时间量取决于优先级，范围从优先级0的100ms到优先级59的50ms；实时进程则有固定优先级和固定时间量。</div><div class=""ansbox"">挖空答案：<b>调度算法；静态优先级；中断处理</b></div><div class=""pg"">教材页码：P123</div>"	进程/线程调度 简单应用 操作系统调度算法实例 13180操作系统
"<div class=""top""><span class=""chip c1"">章节：进程/线程调度</span><span class=""chip c2"">简单应用</span><span class=""chip c3"">操作系统调度算法实例</span></div><h1>口口以抢占式调度算法</h1><div class=""q"">Linux系统中的进程既可以在用户态运行又可以在内核态运行，内核态权限高于用户态，进程每次执行系统调用时从用户态切换到内核态。Linux进程调度机制主要涉及调度方式、调度策略、调度时机和调度算法（以Linux内核4.0为例）。①调度方式：基本采用抢占式优先级方式；进程在用户模式下运行时，不管是否自愿，内核在一定条件下（时间片用完或等待I/O）可暂时其中止而调度其他进程；一旦进程切换到内核态运行就不受以上条件限制而一直运行，仅在重新回到用户态之前才会发生进程调度。Linux继承UNIX以优先级为基础的调度：内核为每个进程计算优先级、反映其获得CPU的资格，从就绪队列中选优先级最高的进程并分配一个时间片；运行中当前进程优先级随时间递减，实现负反馈——运行较久的进程相对降级别，等待较久的低优先级进程相对提升级别；当所有进程优先级都变为最低时重新计算所有进程优先级。②调度策略：SCHED_FIFO适合短实时进程，一旦被调度就一直运行到自愿让出CPU或被更高优先级进程抢占；SCHED_RR对应<span class=""blank"">______</span>，适合每次运行需较长时间的实时进程，分配200ms时间片，用完后送回相同优先级队列末尾；SCHED_OTHER是传统UNIX分时调度策略，进程优先级取决于剩余时间配额和nice值（取值范围-20~19，优先数越小优先级越高，普通用户只能设正值降低优先级、特权用户才能设负值）。后台进程优先级低于任何交互进程，按批处理方式调度。③调度时机：当前进程调用nanosleep()/pause()主动让出CPU；进程终止永久放弃CPU；<span class=""blank"">______</span>处理中发现当前进程连续运行过长；唤醒睡眠进程时发现被唤醒进程比当前进程更有资格运行；进程通过系统调用改变调度策略或降低自身优先级而引起立即调度。④调度算法：较简单，先在就绪队列中选出优先级最高且在内存的进程，有实时进程则实时进程优先；若最该运行的不是当前进程，则保存当前进程现场（<span class=""blank"">______</span>、CPU寄存器等），为选中进程恢复现场。</div>"	"<div class=""top""><span class=""chip c1"">章节：进程/线程调度</span><span class=""chip c2"">简单应用</span><span class=""chip c3"">操作系统调度算法实例</span></div><h1>口口以抢占式调度算法</h1><div class=""a"">Linux系统中的进程既可以在用户态运行又可以在内核态运行，内核态权限高于用户态，进程每次执行系统调用时从用户态切换到内核态。Linux进程调度机制主要涉及调度方式、调度策略、调度时机和调度算法（以Linux内核4.0为例）。①调度方式：基本采用抢占式优先级方式；进程在用户模式下运行时，不管是否自愿，内核在一定条件下（时间片用完或等待I/O）可暂时其中止而调度其他进程；一旦进程切换到内核态运行就不受以上条件限制而一直运行，仅在重新回到用户态之前才会发生进程调度。Linux继承UNIX以优先级为基础的调度：内核为每个进程计算优先级、反映其获得CPU的资格，从就绪队列中选优先级最高的进程并分配一个时间片；运行中当前进程优先级随时间递减，实现负反馈——运行较久的进程相对降级别，等待较久的低优先级进程相对提升级别；当所有进程优先级都变为最低时重新计算所有进程优先级。②调度策略：SCHED_FIFO适合短实时进程，一旦被调度就一直运行到自愿让出CPU或被更高优先级进程抢占；SCHED_RR对应<span class=""hit"">时间片轮转</span>，适合每次运行需较长时间的实时进程，分配200ms时间片，用完后送回相同优先级队列末尾；SCHED_OTHER是传统UNIX分时调度策略，进程优先级取决于剩余时间配额和nice值（取值范围-20~19，优先数越小优先级越高，普通用户只能设正值降低优先级、特权用户才能设负值）。后台进程优先级低于任何交互进程，按批处理方式调度。③调度时机：当前进程调用nanosleep()/pause()主动让出CPU；进程终止永久放弃CPU；<span class=""hit"">时钟中断</span>处理中发现当前进程连续运行过长；唤醒睡眠进程时发现被唤醒进程比当前进程更有资格运行；进程通过系统调用改变调度策略或降低自身优先级而引起立即调度。④调度算法：较简单，先在就绪队列中选出优先级最高且在内存的进程，有实时进程则实时进程优先；若最该运行的不是当前进程，则保存当前进程现场（<span class=""hit"">程序计数器</span>、CPU寄存器等），为选中进程恢复现场。</div><div class=""ansbox"">挖空答案：<b>时间片轮转；时钟中断；程序计数器</b></div><div class=""pg"">教材页码：P124</div>"	进程/线程调度 简单应用 操作系统调度算法实例 13180操作系统
"<div class=""top""><span class=""chip c1"">章节：进程/线程调度</span><span class=""chip c2"">简单应用</span><span class=""chip c3"">操作系统调度算法实例</span></div><h1>Windows调度算法</h1><div class=""q"">Windows被设计为在高度交互环境中或作为服务器尽可能响应单个用户需求；Windows实现了抢占式调度器，具有灵活的优先级系统，每一级都包括轮转调度方法，某些级上优先级可基于当前线程活动动态变化。Windows中的优先级被组织成两段（两类）：实时和可变，每段包括16个优先级；需要立即关注的线程在实时类中（如通信功能和实时任务）。大致由于Windows使用优先级驱动的抢占式调度器，具有实时优先级的线程优先于其他线程；单<span class=""blank"">______</span>中当一个线程就绪且其优先级高于当前正在执行的线程时，低优先级线程被抢占、高优先级线程占用处理器。实时优先级类中所有线程具有固定优先级、永远不变，某给定优先级的所有活动线程在一个轮转队列中；可变优先级类中线程优先级在生命周期中可能上升或下降，每个优先级上有一个FIFO队列，进程可能在可变优先级类中从一个队列迁移到另一个队列，但优先级15的线程不能升到16级实时类。可变优先级线程最初优先级由进程基本优先级（0~15）和线程基本优先级决定（线程基本优先级可等于进程基本优先级，或高2级、低2级）；激活后的实际优先级称为<span class=""blank"">______</span>，在给定范围内波动——线程用完时间片被中断则降低优先级，为等待I/O事件被中断则提高优先级；受处理器限制的线程趋向较低优先级，受I/O限制的线程趋向较高优先级，交互式等待（键盘、显示）提升的幅度比磁盘D I O等其他I/O更大，因此交互式线程往往具有最高优先级。多处理器中n-1个高优先级线程在n-1个处理器上独占运行，其余低优先级线程共享剩下的一个处理器；该原则还受线程的处理器关联（<span class=""blank"">______</span>）属性影响。</div>"	"<div class=""top""><span class=""chip c1"">章节：进程/线程调度</span><span class=""chip c2"">简单应用</span><span class=""chip c3"">操作系统调度算法实例</span></div><h1>Windows调度算法</h1><div class=""a"">Windows被设计为在高度交互环境中或作为服务器尽可能响应单个用户需求；Windows实现了抢占式调度器，具有灵活的优先级系统，每一级都包括轮转调度方法，某些级上优先级可基于当前线程活动动态变化。Windows中的优先级被组织成两段（两类）：实时和可变，每段包括16个优先级；需要立即关注的线程在实时类中（如通信功能和实时任务）。大致由于Windows使用优先级驱动的抢占式调度器，具有实时优先级的线程优先于其他线程；单<span class=""hit"">处理器</span>中当一个线程就绪且其优先级高于当前正在执行的线程时，低优先级线程被抢占、高优先级线程占用<span class=""hit"">处理器</span>。实时优先级类中所有线程具有固定优先级、永远不变，某给定优先级的所有活动线程在一个轮转队列中；可变优先级类中线程优先级在生命周期中可能上升或下降，每个优先级上有一个FIFO队列，进程可能在可变优先级类中从一个队列迁移到另一个队列，但优先级15的线程不能升到16级实时类。可变优先级线程最初优先级由进程基本优先级（0~15）和线程基本优先级决定（线程基本优先级可等于进程基本优先级，或高2级、低2级）；激活后的实际优先级称为<span class=""hit"">动态优先级</span>，在给定范围内波动——线程用完时间片被中断则降低优先级，为等待I/O事件被中断则提高优先级；受<span class=""hit"">处理器</span>限制的线程趋向较低优先级，受I/O限制的线程趋向较高优先级，交互式等待（键盘、显示）提升的幅度比磁盘D I O等其他I/O更大，因此交互式线程往往具有最高优先级。多<span class=""hit"">处理器</span>中n-1个高优先级线程在n-1个<span class=""hit"">处理器</span>上独占运行，其余低优先级线程共享剩下的一个<span class=""hit"">处理器</span>；该原则还受线程的<span class=""hit"">处理器</span>关联（<span class=""hit"">Processor Affinity</span>）属性影响。</div><div class=""ansbox"">挖空答案：<b>处理器；动态优先级；Processor Affinity</b></div><div class=""pg"">教材页码：P126</div>"	进程/线程调度 简单应用 操作系统调度算法实例 13180操作系统
"<div class=""top""><span class=""chip c1"">章节：进程/线程调度</span><span class=""chip c2"">识记</span><span class=""chip c3"">多处理器调度算法</span></div><h1>多处理器调度算法的设计问题</h1><div class=""q"">多处理器（紧耦合、共享主存）系统调度设计涉及以下问题：①同步粒度——按进程间同步频率区分并行性：无约束并行性（进程间无显式同步，各代表独立应用，典型为分时系统）、粗粒度和非常粗粒度并行性（进程间有同步但粒度很粗，可按<span class=""blank"">______</span>单处理器处理）、中等粒度并行性（应用通过一组线程实现，线程间需较高程度合作与交互）、细粒度并行性（比线程内并行更复杂的特殊领域）。②把进程分配到处理器——若结构对称则把处理器看作资源池，分配可静态（一个进程从激活到完成一直绑定一个处理器，每处理器维护专门短程队列，优点是调度开销小并允许组调度，但可能出现一个处理器空闲而另一个积压）或动态（公共全局队列，进程生命周期内可在不同处理器上执行，紧耦合共享存储下调度开销与被调度到哪个处理器无关；另一种是动态负载平衡，线程可在不同处理器队列间转移，Linux即采用此策略）。分配方法有主从式结构（主要核心功能总在某个特定处理器上运行，简单但主处理器失败会导致整个系统失败、可能成为性能瓶颈）和对等式结构（<span class=""blank"">______</span>可在任一处理器执行、各处理器自调度，需解决竞争与同步）。③在单个处理器上使用多道程序设计——静态分配下若进程频繁等待I/O或同步会浪费处理器；粗粒度/无约束系统中单处理器在多进程间切换可提高使用率，但中等粒度多线程应用要求所有线程同时运行才性能好。④进程分派——多处理器下用简单方法可能更有效，相对较简单的FCFS或<span class=""blank"">______</span>+FCFS就足够，不必使用复杂算法。</div>"	"<div class=""top""><span class=""chip c1"">章节：进程/线程调度</span><span class=""chip c2"">识记</span><span class=""chip c3"">多处理器调度算法</span></div><h1>多处理器调度算法的设计问题</h1><div class=""a"">多处理器（紧耦合、共享主存）系统调度设计涉及以下问题：①同步粒度——按进程间同步频率区分并行性：无约束并行性（进程间无显式同步，各代表独立应用，典型为分时系统）、粗粒度和非常粗粒度并行性（进程间有同步但粒度很粗，可按<span class=""hit"">多道程序</span>单处理器处理）、中等粒度并行性（应用通过一组线程实现，线程间需较高程度合作与交互）、细粒度并行性（比线程内并行更复杂的特殊领域）。②把进程分配到处理器——若结构对称则把处理器看作资源池，分配可静态（一个进程从激活到完成一直绑定一个处理器，每处理器维护专门短程队列，优点是调度开销小并允许组调度，但可能出现一个处理器空闲而另一个积压）或动态（公共全局队列，进程生命周期内可在不同处理器上执行，紧耦合共享存储下调度开销与被调度到哪个处理器无关；另一种是动态负载平衡，线程可在不同处理器队列间转移，Linux即采用此策略）。分配方法有主从式结构（主要核心功能总在某个特定处理器上运行，简单但主处理器失败会导致整个系统失败、可能成为性能瓶颈）和对等式结构（<span class=""hit"">操作系统</span>可在任一处理器执行、各处理器自调度，需解决竞争与同步）。③在单个处理器上使用<span class=""hit"">多道程序</span>设计——静态分配下若进程频繁等待I/O或同步会浪费处理器；粗粒度/无约束系统中单处理器在多进程间切换可提高使用率，但中等粒度多线程应用要求所有线程同时运行才性能好。④进程分派——多处理器下用简单方法可能更有效，相对较简单的FCFS或<span class=""hit"">静态优先级</span>+FCFS就足够，不必使用复杂算法。</div><div class=""ansbox"">挖空答案：<b>多道程序；操作系统；静态优先级</b></div><div class=""pg"">教材页码：P127</div>"	进程/线程调度 识记 多处理器调度算法 13180操作系统
"<div class=""top""><span class=""chip c1"">章节：进程/线程调度</span><span class=""chip c2"">识记</span><span class=""chip c3"">多处理器调度算法</span></div><h1>多处理器调度的进程调度</h1><div class=""q"">在大多数传统多处理器系统中，进程并不被指定到专门处理器，而是有多个基于优先级的队列并送入相同的处理器池中，整个系统可看作多服务器排队结构。以双处理器系统（每个处理器处理率为单处理器系统的一半）为例，按进程服务时间比较FCFS、<span class=""blank"">______</span>和最短剩余时间优先算法：服务时间变化用变化系数c度量，c=0对应所有进程服务时间相等，c越大变化越大（实际中通常不超过5）。在双处理器情况下<span class=""blank"">______</span>间的差别很小；FCFS下一个需要长服务时间的进程很少被中断，其他进程可使用其他处理器。对于双处理器，调度原则的选择没有单处理器中那么重要，当处理器数目增加时这一结论更加确定；因此在多处理器系统中使用简单的FCFS原则、或在<span class=""blank"">______</span>方案中使用FCFS就足够了。</div>"	"<div class=""top""><span class=""chip c1"">章节：进程/线程调度</span><span class=""chip c2"">识记</span><span class=""chip c3"">多处理器调度算法</span></div><h1>多处理器调度的进程调度</h1><div class=""a"">在大多数传统多处理器系统中，进程并不被指定到专门处理器，而是有多个基于优先级的队列并送入相同的处理器池中，整个系统可看作多服务器排队结构。以双处理器系统（每个处理器处理率为单处理器系统的一半）为例，按进程服务时间比较FCFS、<span class=""hit"">时间片轮转</span>和最短剩余时间优先算法：服务时间变化用变化系数c度量，c=0对应所有进程服务时间相等，c越大变化越大（实际中通常不超过5）。在双处理器情况下<span class=""hit"">调度算法</span>间的差别很小；FCFS下一个需要长服务时间的进程很少被中断，其他进程可使用其他处理器。对于双处理器，调度原则的选择没有单处理器中那么重要，当处理器数目增加时这一结论更加确定；因此在多处理器系统中使用简单的FCFS原则、或在<span class=""hit"">静态优先级</span>方案中使用FCFS就足够了。</div><div class=""ansbox"">挖空答案：<b>时间片轮转；调度算法；静态优先级</b></div><div class=""pg"">教材页码：P129</div>"	进程/线程调度 识记 多处理器调度算法 13180操作系统
"<div class=""top""><span class=""chip c1"">章节：进程/线程调度</span><span class=""chip c2"">识记</span><span class=""chip c3"">多处理器调度算法</span></div><h1>多处理器调度的线程调度</h1><div class=""q"">在多处理器系统中线程能开发应用程序真正的并行性，线程管理和调度中很小的变化就会对性能产生重大影响。多处理器线程调度有四种突出方法：①负载分配（<span class=""blank"">______</span>）——不把进程分配到特定处理器，维护一个就绪进程全局队列，每个处理器空闲时从队列中选一个线程。优点：负载均匀分布、有工作时没有处理器空闲；不需要集中调度器；可组织基于优先级和执行历史的方案。缺点：中心队列占据必须互斥访问的存储区域，处理器很多时可能成为瓶颈；被抢占线程可能不在同一处理器恢复，导致本地Cache效率低；公共线程池下一个程序的所有线程不可能同时获得处理器，线程间高度合作时切换严重影响性能。负载分配是当前使用最多的方案，Linux采用了改进版本——为每个处理器维护本地运行队列和共享全局运行队列，绑定线程绝对优先。②组调度（<span class=""blank"">______</span>）——一组相关线程基于一对一原则同时调度到一组处理器上运行，可减少同步阻塞、减少进程切换、降低调度开销，对中等粒度到细粒度并行应用非常必要。③专用处理器分配——组调度的极端形式，应用执行期间把一组处理器专门分配给它、每个线程一个处理器直到应用结束；看似浪费，但在数百个处理器的系统中处理器使用率不再是关键指标，且避免进程切换会加快程序执行。④动态调度——执行期间进程中线程数目可以改变，<span class=""blank"">______</span>与应用程序共同决策：操作系统负责把处理器分配给作业，应用程序通过把可运行任务映射到线程来使用当前划分的处理器；这种方法对可动态调整线程数的应用优于组调度和专用处理器分配，但开销可能抵消部分性能优势。</div>"	"<div class=""top""><span class=""chip c1"">章节：进程/线程调度</span><span class=""chip c2"">识记</span><span class=""chip c3"">多处理器调度算法</span></div><h1>多处理器调度的线程调度</h1><div class=""a"">在多处理器系统中线程能开发应用程序真正的并行性，线程管理和调度中很小的变化就会对性能产生重大影响。多处理器线程调度有四种突出方法：①负载分配（<span class=""hit"">Load Sharing</span>）——不把进程分配到特定处理器，维护一个就绪进程全局队列，每个处理器空闲时从队列中选一个线程。优点：负载均匀分布、有工作时没有处理器空闲；不需要集中调度器；可组织基于优先级和执行历史的方案。缺点：中心队列占据必须互斥访问的存储区域，处理器很多时可能成为瓶颈；被抢占线程可能不在同一处理器恢复，导致本地Cache效率低；公共线程池下一个程序的所有线程不可能同时获得处理器，线程间高度合作时切换严重影响性能。负载分配是当前使用最多的方案，Linux采用了改进版本——为每个处理器维护本地运行队列和共享全局运行队列，绑定线程绝对优先。②组调度（<span class=""hit"">Gang Scheduling</span>）——一组相关线程基于一对一原则同时调度到一组处理器上运行，可减少同步阻塞、减少进程切换、降低调度开销，对中等粒度到细粒度并行应用非常必要。③专用处理器分配——组调度的极端形式，应用执行期间把一组处理器专门分配给它、每个线程一个处理器直到应用结束；看似浪费，但在数百个处理器的系统中处理器使用率不再是关键指标，且避免进程切换会加快程序执行。④动态调度——执行期间进程中线程数目可以改变，<span class=""hit"">操作系统</span>与应用程序共同决策：<span class=""hit"">操作系统</span>负责把处理器分配给作业，应用程序通过把可运行任务映射到线程来使用当前划分的处理器；这种方法对可动态调整线程数的应用优于组调度和专用处理器分配，但开销可能抵消部分性能优势。</div><div class=""ansbox"">挖空答案：<b>Load Sharing；Gang Scheduling；操作系统</b></div><div class=""pg"">教材页码：P130</div>"	进程/线程调度 识记 多处理器调度算法 13180操作系统
"<div class=""top""><span class=""chip c1"">章节：进程/线程调度</span><span class=""chip c2"">领会</span><span class=""chip c3"">实时调度算法</span></div><h1>实时调度算法概述</h1><div class=""q""><span class=""blank"">______</span>算法的设计取决于：系统是否执行可调度性分析；若执行，是静态的还是动态的；分析结果自身是否根据运行时分派的任务产生调度或计划。基于这些考虑分为四类：①静态表驱动调度算法——执行关于可行调度的静态分析，分析结果是一个调度，用于确定运行时一个任务何时必须开始执行；适用于周期性任务，输入为周期性到达时间、执行时间、最后期限和相对优先级，最早最后期限优先等技术属于此类，可预测但不灵活，任务要求变化需重做调度。②<span class=""blank"">______</span>驱动抢占调度算法——同样执行静态分析，但不指定调度，而是给任务指定优先级，使其可使用传统优先级驱动的抢占式调度器；实时系统中优先级分配与每个任务的时间约束相关，<span class=""blank"">______</span>即属此类。③基于动态规划调度算法——运行时动态确定可行性而非运行前离线确定，一个到达任务只有在能满足其时间约束时才被接受执行，可行性分析结果是一个调度或规划，用于确定何时分派该任务。④动态尽力调度算法——不执行可行性分析，系统试图满足所有最后期限，并终止任何已开始运行但错过最后期限的进程；是当前许多商用实时系统所用方法，任务通常为非周期性、无法做静态分析，直到到达最后期限或任务完成都无法确定是否满足时间约束，这是其主要缺点，优点是易于实现。</div>"	"<div class=""top""><span class=""chip c1"">章节：进程/线程调度</span><span class=""chip c2"">领会</span><span class=""chip c3"">实时调度算法</span></div><h1>实时调度算法概述</h1><div class=""a""><span class=""hit"">实时调度</span>算法的设计取决于：系统是否执行可调度性分析；若执行，是静态的还是动态的；分析结果自身是否根据运行时分派的任务产生调度或计划。基于这些考虑分为四类：①静态表驱动调度算法——执行关于可行调度的静态分析，分析结果是一个调度，用于确定运行时一个任务何时必须开始执行；适用于周期性任务，输入为周期性到达时间、执行时间、最后期限和相对优先级，最早最后期限优先等技术属于此类，可预测但不灵活，任务要求变化需重做调度。②<span class=""hit"">静态优先级</span>驱动抢占调度算法——同样执行静态分析，但不指定调度，而是给任务指定优先级，使其可使用传统优先级驱动的抢占式调度器；实时系统中优先级分配与每个任务的时间约束相关，<span class=""hit"">速率单调调度算法</span>即属此类。③基于动态规划调度算法——运行时动态确定可行性而非运行前离线确定，一个到达任务只有在能满足其时间约束时才被接受执行，可行性分析结果是一个调度或规划，用于确定何时分派该任务。④动态尽力调度算法——不执行可行性分析，系统试图满足所有最后期限，并终止任何已开始运行但错过最后期限的进程；是当前许多商用实时系统所用方法，任务通常为非周期性、无法做静态分析，直到到达最后期限或任务完成都无法确定是否满足时间约束，这是其主要缺点，优点是易于实现。</div><div class=""ansbox"">挖空答案：<b>实时调度；静态优先级；速率单调调度算法</b></div><div class=""pg"">教材页码：P132</div>"	进程/线程调度 领会 实时调度算法 13180操作系统
"<div class=""top""><span class=""chip c1"">章节：进程/线程调度</span><span class=""chip c2"">领会</span><span class=""chip c3"">实时调度算法</span></div><h1>限期调度算法</h1><div class=""q"">现代<span class=""blank"">______</span>设计目标是尽可能快速启动实时任务，强调快速<span class=""blank"">______</span>和任务分派；实时应用并不关注绝对速度，而关注在最有价值的时间完成（或启动）任务，既不要太早又不要太晚。实时任务调度基于每个任务的额外信息，常见信息包括：就绪时间（任务开始准备执行的时间）、启动最后期限（任务必须开始的时间）、完成最后期限（任务必须完成的时间，典型应用或有启动最后期限、或有完成最后期限）、处理时间、资源需求、优先级（度量相对重要性，<span class=""blank"">______</span>任务错过最后期限会导致系统失败）、子任务结构（任务可分解为必须执行和可选子任务，只有必须执行的子任务有硬最后期限）。当考虑最后期限时，对给定的抢占策略，采用最早最后期限优先（Earliest Deadline First，EDF）策略调度可使超过最后期限的任务数最少，该结论既适用于单处理器也适用于多处理器。确定了启动最后期限后可使用非抢占式调度器（任务完成关键部分后自己阻塞，使别的实时启动最后期限得到满足）；对于具有完成最后期限的系统，抢占策略最适合（如抢占正在运行的X、运行Y直到完成，然后恢复X运行到完成，使两者都满足完成最后期限）。</div>"	"<div class=""top""><span class=""chip c1"">章节：进程/线程调度</span><span class=""chip c2"">领会</span><span class=""chip c3"">实时调度算法</span></div><h1>限期调度算法</h1><div class=""a"">现代<span class=""hit"">实时操作系统</span>设计目标是尽可能快速启动实时任务，强调快速<span class=""hit"">中断处理</span>和任务分派；实时应用并不关注绝对速度，而关注在最有价值的时间完成（或启动）任务，既不要太早又不要太晚。实时任务调度基于每个任务的额外信息，常见信息包括：就绪时间（任务开始准备执行的时间）、启动最后期限（任务必须开始的时间）、完成最后期限（任务必须完成的时间，典型应用或有启动最后期限、或有完成最后期限）、处理时间、资源需求、优先级（度量相对重要性，<span class=""hit"">硬实时</span>任务错过最后期限会导致系统失败）、子任务结构（任务可分解为必须执行和可选子任务，只有必须执行的子任务有硬最后期限）。当考虑最后期限时，对给定的抢占策略，采用最早最后期限优先（Earliest Deadline First，EDF）策略调度可使超过最后期限的任务数最少，该结论既适用于单处理器也适用于多处理器。确定了启动最后期限后可使用非抢占式调度器（任务完成关键部分后自己阻塞，使别的实时启动最后期限得到满足）；对于具有完成最后期限的系统，抢占策略最适合（如抢占正在运行的X、运行Y直到完成，然后恢复X运行到完成，使两者都满足完成最后期限）。</div><div class=""ansbox"">挖空答案：<b>实时操作系统；中断处理；硬实时</b></div><div class=""pg"">教材页码：P133</div>"	进程/线程调度 领会 实时调度算法 13180操作系统
"<div class=""top""><span class=""chip c1"">章节：进程/线程调度</span><span class=""chip c2"">领会</span><span class=""chip c3"">实时调度算法</span></div><h1>速率单调调度算法</h1><div class=""q"">速率单调调度（Rate Monotonic Scheduling，RMS）是为周期性任务解决多任务调度冲突的一个非常好的方法。RMS基于任务的周期给它们指定优先级：最短周期的任务具有最高优先级，次短周期的任务具有次高优先级，依次类推；当同时有多个任务被执行时，最短周期的任务被优先执行。若将任务优先级看作速率的函数，则它是一个单调递增函数，速率单调调度因此得名。任务周期T指从该任务一个实例到达到下一个实例到达之间的时间总量，任务速率（<span class=""blank"">______</span>）为周期（s）的倒数（如周期50ms则以20Hz速率发生）；任务周期末端通常也是该任务的硬最后期限。执行时间C是每个任务实例所需的处理时间总量，单<span class=""blank"">______</span>系统中必须保证C不大于周期T；任务的处理器使用率为u=C/T（如周期80ms、执行时间55ms则使用率为0.6875）。RMS是<span class=""blank"">______</span>驱动抢占调度的典型代表：周期最短的任务优先级最高，多个任务可执行时周期最短的先服务。</div>"	"<div class=""top""><span class=""chip c1"">章节：进程/线程调度</span><span class=""chip c2"">领会</span><span class=""chip c3"">实时调度算法</span></div><h1>速率单调调度算法</h1><div class=""a"">速率单调调度（Rate Monotonic Scheduling，RMS）是为周期性任务解决多任务调度冲突的一个非常好的方法。RMS基于任务的周期给它们指定优先级：最短周期的任务具有最高优先级，次短周期的任务具有次高优先级，依次类推；当同时有多个任务被执行时，最短周期的任务被优先执行。若将任务优先级看作速率的函数，则它是一个单调递增函数，速率单调调度因此得名。任务周期T指从该任务一个实例到达到下一个实例到达之间的时间总量，任务速率（<span class=""hit"">Hz</span>）为周期（s）的倒数（如周期50ms则以20<span class=""hit"">Hz</span>速率发生）；任务周期末端通常也是该任务的硬最后期限。执行时间C是每个任务实例所需的处理时间总量，单<span class=""hit"">处理器</span>系统中必须保证C不大于周期T；任务的<span class=""hit"">处理器</span>使用率为u=C/T（如周期80ms、执行时间55ms则使用率为0.6875）。RMS是<span class=""hit"">静态优先级</span>驱动抢占调度的典型代表：周期最短的任务优先级最高，多个任务可执行时周期最短的先服务。</div><div class=""ansbox"">挖空答案：<b>Hz；处理器；静态优先级</b></div><div class=""pg"">教材页码：P134</div>"	进程/线程调度 领会 实时调度算法 13180操作系统
"<div class=""top""><span class=""chip c1"">章节：进程/线程调度</span><span class=""chip c2"">领会</span><span class=""chip c3"">实时调度算法</span></div><h1>优先级反转问题</h1><div class=""q"">优先级反转（<span class=""blank"">______</span>）是在任何基于优先级的可抢占调度方案中都能发生的现象，与<span class=""blank"">______</span>上下文关联特别大，最著名的例子是1997年火星探路者任务中着陆器软件反复系统重启的问题。在任何<span class=""blank"">______</span>方案中系统应不停地执行最高优先级任务；当系统环境迫使一个较高优先级任务去等待一个较低优先级任务时，优先级反转就会发生——高优先级任务被置为阻塞状态，直到能够得到需要的资源为止。若低优先级任务迅速使用完资源并释放，高优先级任务可能迅速返回、不背离实时限制。更严重的情况称为无界限优先级反转（Unbounded Priority Inversion）：优先级反转的持续时间不仅依赖于处理共享资源的时间，而且依赖于其他不相关任务的不可预测行为（火星探路者软件即属此类，其任务T1检查系统状况、T2处理图片数据、T3临时检测设备状态，T1和T3共享被二元信号量S保护的数据结构）。解决办法是优先级继承协议：基本思想是优先级较低的任务继承任何与它共享同一资源的优先级较高任务的优先级；当高优先级任务在资源上阻塞时优先级立即更改，当低优先级任务释放资源时这个改变结束。在优先级反转中，优先级与每个资源相关联，赋给资源的优先级比具有最高优先级的用户的优先级要高一级，调度器动态地把这个优先级分配给任何访问该资源的任务，一旦任务使用完资源，优先级就返回以前的值。</div>"	"<div class=""top""><span class=""chip c1"">章节：进程/线程调度</span><span class=""chip c2"">领会</span><span class=""chip c3"">实时调度算法</span></div><h1>优先级反转问题</h1><div class=""a"">优先级反转（<span class=""hit"">Priority Inversion</span>）是在任何基于优先级的可抢占调度方案中都能发生的现象，与<span class=""hit"">实时调度</span>上下文关联特别大，最著名的例子是1997年火星探路者任务中着陆器软件反复系统重启的问题。在任何<span class=""hit"">优先级调度</span>方案中系统应不停地执行最高优先级任务；当系统环境迫使一个较高优先级任务去等待一个较低优先级任务时，优先级反转就会发生——高优先级任务被置为阻塞状态，直到能够得到需要的资源为止。若低优先级任务迅速使用完资源并释放，高优先级任务可能迅速返回、不背离实时限制。更严重的情况称为无界限优先级反转（Unbounded <span class=""hit"">Priority Inversion</span>）：优先级反转的持续时间不仅依赖于处理共享资源的时间，而且依赖于其他不相关任务的不可预测行为（火星探路者软件即属此类，其任务T1检查系统状况、T2处理图片数据、T3临时检测设备状态，T1和T3共享被二元信号量S保护的数据结构）。解决办法是优先级继承协议：基本思想是优先级较低的任务继承任何与它共享同一资源的优先级较高任务的优先级；当高优先级任务在资源上阻塞时优先级立即更改，当低优先级任务释放资源时这个改变结束。在优先级反转中，优先级与每个资源相关联，赋给资源的优先级比具有最高优先级的用户的优先级要高一级，调度器动态地把这个优先级分配给任何访问该资源的任务，一旦任务使用完资源，优先级就返回以前的值。</div><div class=""ansbox"">挖空答案：<b>Priority Inversion；实时调度；优先级调度</b></div><div class=""pg"">教材页码：P134</div>"	进程/线程调度 领会 实时调度算法 13180操作系统
"<div class=""top""><span class=""chip c1"">章节：存储管理</span><span class=""chip c2"">识记</span><span class=""chip c3"">存储管理概述</span></div><h1>存储体系</h1><div class=""q"">由于任何一种存储部件都无法同时具有高速、海量、非易失三个特性，且任何一种存储部件都无法在速度与容量两方面同时满足用户需求，计算机采用层次化的存储体系。由快到慢、由小容量到大容量、由高成本到低成本依次为：处理器中暂存信息的寄存器（<span class=""blank"">______</span>）；少量、非常快速、昂贵、内容易变的高速缓存（Cache，KB级）；中等速度、中等价格、内容易变的内存（Primary Storage，GB级）；低速、价廉、内容不易变的外存（Secondary Storage，含磁盘或闪存组成的固态硬盘、光盘、磁带机等，可达TB或PB级）；大量外存部件有组织地通过高速网络连接形成云存储（<span class=""blank"">______</span>）。快速存储设备和大容量存储设备必须成为统一的整体，由<span class=""blank"">______</span>协调这些存储器的使用，在操作系统协调之下形成一种存储器层次结构（或称存储体系）。</div>"	"<div class=""top""><span class=""chip c1"">章节：存储管理</span><span class=""chip c2"">识记</span><span class=""chip c3"">存储管理概述</span></div><h1>存储体系</h1><div class=""a"">由于任何一种存储部件都无法同时具有高速、海量、非易失三个特性，且任何一种存储部件都无法在速度与容量两方面同时满足用户需求，计算机采用层次化的存储体系。由快到慢、由小容量到大容量、由高成本到低成本依次为：处理器中暂存信息的寄存器（<span class=""hit"">Register</span>）；少量、非常快速、昂贵、内容易变的高速缓存（Cache，KB级）；中等速度、中等价格、内容易变的内存（Primary Storage，GB级）；低速、价廉、内容不易变的外存（Secondary Storage，含磁盘或闪存组成的固态硬盘、光盘、磁带机等，可达TB或PB级）；大量外存部件有组织地通过高速网络连接形成云存储（<span class=""hit"">Cloud Storage</span>）。快速存储设备和大容量存储设备必须成为统一的整体，由<span class=""hit"">操作系统</span>协调这些存储器的使用，在<span class=""hit"">操作系统</span>协调之下形成一种存储器层次结构（或称存储体系）。</div><div class=""ansbox"">挖空答案：<b>Register；Cloud Storage；操作系统</b></div><div class=""pg"">教材页码：P140</div>"	存储管理 识记 存储管理概述 13180操作系统
"<div class=""top""><span class=""chip c1"">章节：存储管理</span><span class=""chip c2"">识记</span><span class=""chip c3"">存储管理概述</span></div><h1>存储管理的任务</h1><div class=""q"">存储管理需要协调内存、外存的使用，主要任务包括：(1)内存的分配和回收：记住每个内存区域状态（哪些已分配、哪些空闲），按需实施分配（分静态分配和动态分配），接收用户释放的区域并及时回收；用位示图或链表法组织内存分配表。(2)内存共享：两个或多个进程共用内存中相同区域，包括代码共享（要求代码为纯代码）和数据共享，以提高利用率并实现进程通信。(3)内存保护：使各道程序只能访问自己的区域，包括地址越界保护和权限保护，通常以硬件保护机制为主、软件为辅。(4)“扩充”内存容量：在硬件支持下软硬件协作，将内存和外存结合统一使用，借助<span class=""blank"">______</span>或<span class=""blank"">______</span>，在逻辑上扩充内存，使用户得到比物理内存大得多的地址空间。此外还包括<span class=""blank"">______</span>管理、控制内存与外存之间数据流动、地址变换技术等。</div>"	"<div class=""top""><span class=""chip c1"">章节：存储管理</span><span class=""chip c2"">识记</span><span class=""chip c3"">存储管理概述</span></div><h1>存储管理的任务</h1><div class=""a"">存储管理需要协调内存、外存的使用，主要任务包括：(1)内存的分配和回收：记住每个内存区域状态（哪些已分配、哪些空闲），按需实施分配（分静态分配和动态分配），接收用户释放的区域并及时回收；用位示图或链表法组织内存分配表。(2)内存共享：两个或多个进程共用内存中相同区域，包括代码共享（要求代码为纯代码）和数据共享，以提高利用率并实现进程通信。(3)内存保护：使各道程序只能访问自己的区域，包括地址越界保护和权限保护，通常以硬件保护机制为主、软件为辅。(4)“扩充”内存容量：在硬件支持下软硬件协作，将内存和外存结合统一使用，借助<span class=""hit"">虚拟存储技术</span>或<span class=""hit"">交换技术</span>，在逻辑上扩充内存，使用户得到比物理内存大得多的地址空间。此外还包括<span class=""hit"">虚拟存储器</span>管理、控制内存与外存之间数据流动、地址变换技术等。</div><div class=""ansbox"">挖空答案：<b>虚拟存储技术；交换技术；虚拟存储器</b></div><div class=""pg"">教材页码：P140</div>"	存储管理 识记 存储管理概述 13180操作系统
"<div class=""top""><span class=""chip c1"">章节：存储管理</span><span class=""chip c2"">识记</span><span class=""chip c3"">存储管理概述</span></div><h1>地址转换</h1><div class=""q"">地址转换又称地址重定位或地址映射，指把逻辑地址转换成绝对（物理）地址的工作。内存以字节编址，每个字节有一个地址，这些地址称为内存的“<span class=""blank"">______</span>”，对应物理地址空间；用户程序中使用的地址称为“逻辑地址”（每个用户可认为自己的程序从0地址开始连续存放），对应逻辑地址空间。为保证程序正确执行，必须根据分配给程序的内存区域对指令和数据的存放地址进行重定位。重定位分两种：(1)<span class=""blank"">______</span>：在装入程序前把程序中所有逻辑地址全部集中转换成绝对地址，执行过程中不再转换，不支持程序浮动；(2)<span class=""blank"">______</span>：装入时不转换，直接装入分配的内存区域，执行过程中每执行一条指令都由硬件地址转换机构（基址寄存器BR+地址加法器）将逻辑地址与基址寄存器值相加得到绝对地址，支持程序浮动（程序在内存中移动后只需改变基址寄存器值即可正确执行）。</div>"	"<div class=""top""><span class=""chip c1"">章节：存储管理</span><span class=""chip c2"">识记</span><span class=""chip c3"">存储管理概述</span></div><h1>地址转换</h1><div class=""a"">地址转换又称地址重定位或地址映射，指把逻辑地址转换成绝对（物理）地址的工作。内存以字节编址，每个字节有一个地址，这些地址称为内存的“<span class=""hit"">绝对地址</span>”，对应物理地址空间；用户程序中使用的地址称为“逻辑地址”（每个用户可认为自己的程序从0地址开始连续存放），对应逻辑地址空间。为保证程序正确执行，必须根据分配给程序的内存区域对指令和数据的存放地址进行重定位。重定位分两种：(1)<span class=""hit"">静态重定位</span>：在装入程序前把程序中所有逻辑地址全部集中转换成<span class=""hit"">绝对地址</span>，执行过程中不再转换，不支持程序浮动；(2)<span class=""hit"">动态重定位</span>：装入时不转换，直接装入分配的内存区域，执行过程中每执行一条指令都由硬件地址转换机构（基址寄存器BR+地址加法器）将逻辑地址与基址寄存器值相加得到<span class=""hit"">绝对地址</span>，支持程序浮动（程序在内存中移动后只需改变基址寄存器值即可正确执行）。</div><div class=""ansbox"">挖空答案：<b>绝对地址；静态重定位；动态重定位</b></div><div class=""pg"">教材页码：P143</div>"	存储管理 识记 存储管理概述 13180操作系统
"<div class=""top""><span class=""chip c1"">章节：存储管理</span><span class=""chip c2"">简单应用</span><span class=""chip c3"">分区管理方案</span></div><h1>固定分区</h1><div class=""q"">固定分区是<span class=""blank"">______</span>方案的一种，指系统先把内存划分成若干个大小固定的分区，一旦划分好，在系统运行期间便不再重新划分。为满足不同程序的存储要求，各分区大小可以不同。由于每个分区大小固定，对可容纳程序的大小有所限制，程序运行时必须提供对内存资源的最大申请量，系统满足该最大申请量时才将其<span class=""blank"">______</span>为进程。管理用一张分区说明表，每个分区对应一个表项，内容包括分区序号（区号）、分区大小、起始地址和使用状态（空闲/占用）；分配时按分配策略查找<span class=""blank"">______</span>并置为占用，进程结束时回收并置为空闲（有上下邻空闲区需合并）。缺点：不能充分利用内存，存在分区内部不可再利用的内碎片，且灵活性差，可接纳程序大小受分区大小严格限制。</div>"	"<div class=""top""><span class=""chip c1"">章节：存储管理</span><span class=""chip c2"">简单应用</span><span class=""chip c3"">分区管理方案</span></div><h1>固定分区</h1><div class=""a"">固定分区是<span class=""hit"">分区管理</span>方案的一种，指系统先把内存划分成若干个大小固定的分区，一旦划分好，在系统运行期间便不再重新划分。为满足不同程序的存储要求，各分区大小可以不同。由于每个分区大小固定，对可容纳程序的大小有所限制，程序运行时必须提供对内存资源的最大申请量，系统满足该最大申请量时才将其<span class=""hit"">创建</span>为进程。管理用一张分区说明表，每个分区对应一个表项，内容包括分区序号（区号）、分区大小、起始地址和使用状态（空闲/占用）；分配时按分配策略查找<span class=""hit"">空闲分区</span>并置为占用，进程结束时回收并置为空闲（有上下邻空闲区需合并）。缺点：不能充分利用内存，存在分区内部不可再利用的内碎片，且灵活性差，可接纳程序大小受分区大小严格限制。</div><div class=""ansbox"">挖空答案：<b>分区管理；创建；空闲分区</b></div><div class=""pg"">教材页码：P145</div>"	存储管理 简单应用 分区管理方案 13180操作系统
"<div class=""top""><span class=""chip c1"">章节：存储管理</span><span class=""chip c2"">简单应用</span><span class=""chip c3"">分区管理方案</span></div><h1>可变分区</h1><div class=""q"">可变分区指系统不预先划分<span class=""blank"">______</span>，而是在装入程序时划分内存分区，使分配给程序的分区大小正好等于该程序的需求量，且分区个数可变、不确定。系统初启时除<span class=""blank"">______</span>占用分区外，其余是一个完整大空闲区；随着分配和回收，形成若干占用区和空闲区相间布局。管理数据结构为已分配区表（记录已装入程序占用分区的起始地址、长度、程序名）和空闲区表（记录空闲区起始地址、长度、标志）。空闲区分配策略有三种：最先适应（顺序查找第一个满足长度的空闲区）、最优适应（找满足长度的最小空闲区，节约空间但易形成小碎片）、<span class=""blank"">______</span>（找最大空闲区，避免小碎片但可能无法满足大程序申请）。分区回收时检查上邻/下邻空闲区并合并。硬件支持：设置基址寄存器（存分区起始地址）和限长寄存器（存分区长度），逻辑地址小于限长值时加基址得绝对地址，越界则产生地址越界中断。随着分配回收增多会出现外碎片，用紧缩技术（移动进程把分散空闲碎片合并成连续大空闲区）解决。</div>"	"<div class=""top""><span class=""chip c1"">章节：存储管理</span><span class=""chip c2"">简单应用</span><span class=""chip c3"">分区管理方案</span></div><h1>可变分区</h1><div class=""a"">可变分区指系统不预先划分<span class=""hit"">固定分区</span>，而是在装入程序时划分内存分区，使分配给程序的分区大小正好等于该程序的需求量，且分区个数可变、不确定。系统初启时除<span class=""hit"">操作系统</span>占用分区外，其余是一个完整大空闲区；随着分配和回收，形成若干占用区和空闲区相间布局。管理数据结构为已分配区表（记录已装入程序占用分区的起始地址、长度、程序名）和空闲区表（记录空闲区起始地址、长度、标志）。空闲区分配策略有三种：最先适应（顺序查找第一个满足长度的空闲区）、最优适应（找满足长度的最小空闲区，节约空间但易形成小碎片）、<span class=""hit"">最坏适应</span>（找最大空闲区，避免小碎片但可能无法满足大程序申请）。分区回收时检查上邻/下邻空闲区并合并。硬件支持：设置基址寄存器（存分区起始地址）和限长寄存器（存分区长度），逻辑地址小于限长值时加基址得绝对地址，越界则产生地址越界中断。随着分配回收增多会出现外碎片，用紧缩技术（移动进程把分散空闲碎片合并成连续大空闲区）解决。</div><div class=""ansbox"">挖空答案：<b>固定分区；操作系统；最坏适应</b></div><div class=""pg"">教材页码：P146</div>"	存储管理 简单应用 分区管理方案 13180操作系统
"<div class=""top""><span class=""chip c1"">章节：存储管理</span><span class=""chip c2"">简单应用</span><span class=""chip c3"">分区管理方案</span></div><h1>分区管理方案的优缺点</h1><div class=""q"">优点：<span class=""blank"">______</span>是实现多道程序设计的简单易行技术，通过分区管理使内存真正成为共享资源，有效利用处理器和I/O设备，提高系统吞吐量、缩短<span class=""blank"">______</span>；内存管理算法比较简单，所采用的表格不多，实现容易，内存额外开销较少，内存保护措施也很简单；在内存利用率方面，可变分区比<span class=""blank"">______</span>高。缺点：内存使用仍不充分，存在较为严重的外碎片问题（虽可用紧缩解决，但需要移动大量信息，浪费处理器时间）；不能为用户提供“虚存”，即不能实现对内存的“扩充”，每个用户程序的存储要求仍受物理存储器实际容量限制；要求运行程序一次全部装入内存之后才能开始运行，内存中可能含有一些实际不使用的信息。</div>"	"<div class=""top""><span class=""chip c1"">章节：存储管理</span><span class=""chip c2"">简单应用</span><span class=""chip c3"">分区管理方案</span></div><h1>分区管理方案的优缺点</h1><div class=""a"">优点：<span class=""hit"">分区管理</span>是实现多道程序设计的简单易行技术，通过<span class=""hit"">分区管理</span>使内存真正成为共享资源，有效利用处理器和I/O设备，提高系统吞吐量、缩短<span class=""hit"">周转时间</span>；内存管理算法比较简单，所采用的表格不多，实现容易，内存额外开销较少，内存保护措施也很简单；在内存利用率方面，可变分区比<span class=""hit"">固定分区</span>高。缺点：内存使用仍不充分，存在较为严重的外碎片问题（虽可用紧缩解决，但需要移动大量信息，浪费处理器时间）；不能为用户提供“虚存”，即不能实现对内存的“扩充”，每个用户程序的存储要求仍受物理存储器实际容量限制；要求运行程序一次全部装入内存之后才能开始运行，内存中可能含有一些实际不使用的信息。</div><div class=""ansbox"">挖空答案：<b>分区管理；周转时间；固定分区</b></div><div class=""pg"">教材页码：P152</div>"	存储管理 简单应用 分区管理方案 13180操作系统
"<div class=""top""><span class=""chip c1"">章节：存储管理</span><span class=""chip c2"">领会</span><span class=""chip c3"">覆盖与交换技术</span></div><h1>覆盖技术</h1><div class=""q"">覆盖技术指一个程序的若干<span class=""blank"">______</span>或几个程序的某些部分共享某一个存储空间。其实现是把程序划分为若干个功能上相对独立的程序段，按照自身逻辑结构使那些不会同时执行的程序段共享同一块内存区域；未执行的程序段先保存在磁盘上，当有关程序段前一部分执行结束后，把后续程序段调入内存，覆盖前面的程序段。覆盖技术不需要<span class=""blank"">______</span>特殊支持，可完全由用户实现（也可由编译程序提供支持），但要求程序员提供清楚的覆盖结构，规定各程序段的执行和覆盖顺序，对用户不透明。它利用程序<span class=""blank"">______</span>，打破了程序全部信息装入内存才能运行的限制，逻辑上扩充了内存，可在小容量内存上运行较大程序。缺点是增加用户负担，且程序段最大长度仍受内存容量限制，早期主要用于系统程序的内存管理。</div>"	"<div class=""top""><span class=""chip c1"">章节：存储管理</span><span class=""chip c2"">领会</span><span class=""chip c3"">覆盖与交换技术</span></div><h1>覆盖技术</h1><div class=""a"">覆盖技术指一个程序的若干<span class=""hit"">程序段</span>或几个程序的某些部分共享某一个存储空间。其实现是把程序划分为若干个功能上相对独立的<span class=""hit"">程序段</span>，按照自身逻辑结构使那些不会同时执行的<span class=""hit"">程序段</span>共享同一块内存区域；未执行的<span class=""hit"">程序段</span>先保存在磁盘上，当有关<span class=""hit"">程序段</span>前一部分执行结束后，把后续<span class=""hit"">程序段</span>调入内存，覆盖前面的<span class=""hit"">程序段</span>。覆盖技术不需要<span class=""hit"">操作系统</span>特殊支持，可完全由用户实现（也可由编译程序提供支持），但要求程序员提供清楚的覆盖结构，规定各<span class=""hit"">程序段</span>的执行和覆盖顺序，对用户不透明。它利用程序<span class=""hit"">局部性原理</span>，打破了程序全部信息装入内存才能运行的限制，逻辑上扩充了内存，可在小容量内存上运行较大程序。缺点是增加用户负担，且<span class=""hit"">程序段</span>最大长度仍受内存容量限制，早期主要用于系统程序的内存管理。</div><div class=""ansbox"">挖空答案：<b>程序段；操作系统；局部性原理</b></div><div class=""pg"">教材页码：P153</div>"	存储管理 领会 覆盖与交换技术 13180操作系统
"<div class=""top""><span class=""chip c1"">章节：存储管理</span><span class=""chip c2"">领会</span><span class=""chip c3"">覆盖与交换技术</span></div><h1>交换技术</h1><div class=""q"">交换技术又称对换技术，是进程在内存与外存之间的动态调度，由操作系统控制。在分时系统中，系统可将那些不在运行中的进程或其一部分调出内存，暂时存放在外存的后备存储区（盘交换区Swapping Area）中，以腾出内存空间给当前需要内存的进程；以后再将换出的进程调入内存继续执行。目的是“足够快地交换进程，以使CPU调度程序想重新调度CPU时总有进程在内存中处于就绪状态”，从而提高内存利用率。需要考虑的问题：换出进程的选择（一般按<span class=""blank"">______</span>或优先级选择短时间内不投入运行的进程）、交换时机（内存不够或进程长时间不运行时）、交换空间分配（预先分配或换出时分配）、换入位置确定（相对地址可重定位则不必原位换入）。交换技术多用于分时系统，对用户透明，可发生在不同进程之间（覆盖只发生在同一进程内），有力支持<span class=""blank"">______</span>设计，也是<span class=""blank"">______</span>的基础。缺点是交换时花费大量CPU时间。</div>"	"<div class=""top""><span class=""chip c1"">章节：存储管理</span><span class=""chip c2"">领会</span><span class=""chip c3"">覆盖与交换技术</span></div><h1>交换技术</h1><div class=""a"">交换技术又称对换技术，是进程在内存与外存之间的动态调度，由操作系统控制。在分时系统中，系统可将那些不在运行中的进程或其一部分调出内存，暂时存放在外存的后备存储区（盘交换区Swapping Area）中，以腾出内存空间给当前需要内存的进程；以后再将换出的进程调入内存继续执行。目的是“足够快地交换进程，以使CPU调度程序想重新调度CPU时总有进程在内存中处于就绪状态”，从而提高内存利用率。需要考虑的问题：换出进程的选择（一般按<span class=""hit"">时间片轮转</span>或优先级选择短时间内不投入运行的进程）、交换时机（内存不够或进程长时间不运行时）、交换空间分配（预先分配或换出时分配）、换入位置确定（相对地址可重定位则不必原位换入）。交换技术多用于分时系统，对用户透明，可发生在不同进程之间（覆盖只发生在同一进程内），有力支持<span class=""hit"">多道程序</span>设计，也是<span class=""hit"">虚拟存储技术</span>的基础。缺点是交换时花费大量CPU时间。</div><div class=""ansbox"">挖空答案：<b>时间片轮转；多道程序；虚拟存储技术</b></div><div class=""pg"">教材页码：P154</div>"	存储管理 领会 覆盖与交换技术 13180操作系统
"<div class=""top""><span class=""chip c1"">章节：存储管理</span><span class=""chip c2"">简单应用</span><span class=""chip c3"">虚拟页式存储管理方案</span></div><h1>虚拟存储技术</h1><div class=""q"">虚拟存储技术的基本思想是利用大容量的外存来扩充内存，产生一个比有限的实际内存空间大得多的、逻辑的虚拟内存空间（简称虚存），以便有效支持多道程序系统和大型程序运行，增强系统处理能力。虚拟存储管理由操作系统在硬件支持下对两级存储器（内存和外存）统一管理：程序、数据、堆栈大小可超过物理内存，操作系统把程序当前使用的部分保留在物理内存，其他部分保存在磁盘上，并在需要时在内存和磁盘之间动态交换。<span class=""blank"">______</span>是扩大内存容量的设计技巧，其容量受<span class=""blank"">______</span>字长和外存容量限制（如32位地址虚存为4GB）。实现需要硬件支持：足够大的外存、一定容量的内存、最主要的是提供实现虚-实地址映射的机制。工作原理：进程开始只装一部分入内存，其余暂留外存；要执行的指令不在内存时由系统自动调入；内存不足时自动选择部分内容换出到磁盘。与<span class=""blank"">______</span>的区别：交换以进程为单位，虚拟存储一般以页为单位，故进程所需内存大于实际内存时仍可运行。</div>"	"<div class=""top""><span class=""chip c1"">章节：存储管理</span><span class=""chip c2"">简单应用</span><span class=""chip c3"">虚拟页式存储管理方案</span></div><h1>虚拟存储技术</h1><div class=""a"">虚拟存储技术的基本思想是利用大容量的外存来扩充内存，产生一个比有限的实际内存空间大得多的、逻辑的虚拟内存空间（简称虚存），以便有效支持多道程序系统和大型程序运行，增强系统处理能力。虚拟存储管理由操作系统在硬件支持下对两级存储器（内存和外存）统一管理：程序、数据、堆栈大小可超过物理内存，操作系统把程序当前使用的部分保留在物理内存，其他部分保存在磁盘上，并在需要时在内存和磁盘之间动态交换。<span class=""hit"">虚拟存储器</span>是扩大内存容量的设计技巧，其容量受<span class=""hit"">地址空间</span>字长和外存容量限制（如32位地址虚存为4GB）。实现需要硬件支持：足够大的外存、一定容量的内存、最主要的是提供实现虚-实地址映射的机制。工作原理：进程开始只装一部分入内存，其余暂留外存；要执行的指令不在内存时由系统自动调入；内存不足时自动选择部分内容换出到磁盘。与<span class=""hit"">交换技术</span>的区别：交换以进程为单位，虚拟存储一般以页为单位，故进程所需内存大于实际内存时仍可运行。</div><div class=""ansbox"">挖空答案：<b>虚拟存储器；地址空间；交换技术</b></div><div class=""pg"">教材页码：P156</div>"	存储管理 简单应用 虚拟页式存储管理方案 13180操作系统
"<div class=""top""><span class=""chip c1"">章节：存储管理</span><span class=""chip c2"">简单应用</span><span class=""chip c3"">虚拟页式存储管理方案</span></div><h1>虚拟页式存储管理</h1><div class=""q""><span class=""blank"">______</span>管理思想由英国曼彻斯特大学提出，支持页式管理的硬件称为存储管理部件MMU。MMU首先把内存分成大小相等的许多块，每个块称为“<span class=""blank"">______</span>”或“页框”（页帧），是进行内存分配的物理单位；同时要求程序中的逻辑地址也进行分页，页的大小与物理页面一致，此时逻辑地址称虚拟地址。这样可把程序信息按页存放到物理页面中。虚拟地址由两部分组成：虚拟页号和<span class=""blank"">______</span>。若地址共m位、页内地址占n位，则每页长度为2^n字节，最大程序可有2^(m-n)个页面；虚拟地址连续，用户编程仍用连续地址，无须考虑分页。虚拟页式存储管理在进程开始运行前不装入全部页面，而是装入一个或零个页面，之后根据进程运行需要动态装入其他页面；当内存已满又需装入新页时，按某种置换算法淘汰某个页面。</div>"	"<div class=""top""><span class=""chip c1"">章节：存储管理</span><span class=""chip c2"">简单应用</span><span class=""chip c3"">虚拟页式存储管理方案</span></div><h1>虚拟页式存储管理</h1><div class=""a""><span class=""hit"">页式存储</span>管理思想由英国曼彻斯特大学提出，支持页式管理的硬件称为存储管理部件MMU。MMU首先把内存分成大小相等的许多块，每个块称为“<span class=""hit"">物理页面</span>”或“页框”（页帧），是进行内存分配的物理单位；同时要求程序中的逻辑地址也进行分页，页的大小与<span class=""hit"">物理页面</span>一致，此时逻辑地址称虚拟地址。这样可把程序信息按页存放到<span class=""hit"">物理页面</span>中。虚拟地址由两部分组成：虚拟页号和<span class=""hit"">页内地址</span>。若地址共m位、<span class=""hit"">页内地址</span>占n位，则每页长度为2^n字节，最大程序可有2^(m-n)个页面；虚拟地址连续，用户编程仍用连续地址，无须考虑分页。虚拟<span class=""hit"">页式存储</span>管理在进程开始运行前不装入全部页面，而是装入一个或零个页面，之后根据进程运行需要动态装入其他页面；当内存已满又需装入新页时，按某种置换算法淘汰某个页面。</div><div class=""ansbox"">挖空答案：<b>页式存储；物理页面；页内地址</b></div><div class=""pg"">教材页码：P157</div>"	存储管理 简单应用 虚拟页式存储管理方案 13180操作系统
"<div class=""top""><span class=""chip c1"">章节：存储管理</span><span class=""chip c2"">简单应用</span><span class=""chip c3"">虚拟页式存储管理方案</span></div><h1>页式存储管理物理内存的分配与回收</h1><div class=""q""><span class=""blank"">______</span>管理以物理页面为单位分配内存，由于物理页面大小固定，只需在内存分配表中标出哪些物理页面已分配、哪些尚未分配以及当前剩余空闲物理页面数。简单分配表可用位示图表示：假设可分配区域分256个物理页面，用8个字长32位的字作位示图，每一位对应一个物理页面，0表示空闲、1表示已占用，另加一个字节记录当前剩余总空闲页面数；初始化时把<span class=""blank"">______</span>占用页对应位置1。分配时：先查空闲页数是否满足需求，不满足则不分配；满足则从位示图找为0的位置1，按“<span class=""blank"">______</span>”计算物理页面号，剩余空闲数减去分配数，把程序装入这些物理页面并为其建立页表。回收时：根据归还的物理页面号计算对应位（字号=块号 DIV 字长，位号=块号 MOD 字长），将该位置0，再把回收页数加回空闲页数。</div>"	"<div class=""top""><span class=""chip c1"">章节：存储管理</span><span class=""chip c2"">简单应用</span><span class=""chip c3"">虚拟页式存储管理方案</span></div><h1>页式存储管理物理内存的分配与回收</h1><div class=""a""><span class=""hit"">页式存储</span>管理以物理页面为单位分配内存，由于物理页面大小固定，只需在内存分配表中标出哪些物理页面已分配、哪些尚未分配以及当前剩余空闲物理页面数。简单分配表可用位示图表示：假设可分配区域分256个物理页面，用8个字长32位的字作位示图，每一位对应一个物理页面，0表示空闲、1表示已占用，另加一个字节记录当前剩余总空闲页面数；初始化时把<span class=""hit"">操作系统</span>占用页对应位置1。分配时：先查空闲页数是否满足需求，不满足则不分配；满足则从位示图找为0的位置1，按“<span class=""hit"">物理页面号=字号×字长+位号</span>”计算物理页面号，剩余空闲数减去分配数，把程序装入这些物理页面并为其建立页表。回收时：根据归还的物理页面号计算对应位（字号=块号 DIV 字长，位号=块号 MOD 字长），将该位置0，再把回收页数加回空闲页数。</div><div class=""ansbox"">挖空答案：<b>页式存储；操作系统；物理页面号=字号×字长+位号</b></div><div class=""pg"">教材页码：P157</div>"	存储管理 简单应用 虚拟页式存储管理方案 13180操作系统
"<div class=""top""><span class=""chip c1"">章节：存储管理</span><span class=""chip c2"">简单应用</span><span class=""chip c3"">虚拟页式存储管理方案</span></div><h1>虚拟页式存储地址转换过程：地址转换、页表项、页表、转换检测缓冲区（TLB）、缺页异常处理、页面调度策略、页面置换算法（8©匕（^异常现象）和缺页率</h1><div class=""q"">【地址转换】硬件提供一对页表控制寄存器：页表始址寄存器（存运行进程页表在内存首地址）和页表长度寄存器。每执行一条指令按虚拟地址中的页号查页表；页表无此页号则产生“地址错”中断，有则得对应物理页面号，按“<span class=""blank"">______</span>”计算（物理页面号作高位、页内地址作低位）。【页表项】含：物理页面号、有效位（驻留位/存在位V，表在内存还是磁盘）、访问位R（是否被访问过）、修改位M（是否被修改过）、保护位P（读写权限）等，访问位和修改位用于决定置换哪个页面。【页表】有单级、多级页表（32位4KB页常用二级页表：10位页目录+10位页表+12位偏移）、散列页表、反置页表（每物理页框一项，系统全局一张表）。【TLB转换检测缓冲区/快表】页表在内存会导致两次访存，故用小容量相联存储器（高速缓存）存放当前最频繁访问的少数活动页的页号与页框号对应关系；查TLB与查内存页表并行，命中则直接用，未命中走内存页表后再填入TLB（无空闲单元则按淘汰算法淘汰一行），依据<span class=""blank"">______</span>大幅加快地址转换。【缺页异常处理】查页表发现所访页不在内存则产生缺页异常：保留现场、交换PSW转入缺页中断处理程序；找空闲物理页；有空闲则从磁盘装入该页并修改页表和分配表；无空闲则按置换算法选一页调出（若该页被修改过则写回磁盘，未修改则直接覆盖）；最后恢复现场、重新执行被中断指令。缺页异常可在指令中间发生，普通中断只能在指令之间发生。【页面调度策略】含调入策略（请求调页只调入缺页所需页；预调页一次调入相邻几页）、置页策略、置换策略（固定分配局部置换、可变分配全局置换、可变分配局部置换）。【<span class=""blank"">______</span>】OPT理想算法淘汰以后不再需要或最长时间后才用的页（不可实现，作衡量标准）；FIFO先进先出总淘汰最先装入的页（简单，但会把常用页换出，且产生Belady异常——分配页面数增加缺页次数反而增加）；第二次机会算法检查R位；Clock时钟算法用环形链表加表针，R位为0则置换、为1则清0前移；LRU最近最少使用淘汰最久未访问的页（用计时标志记录，效果最接近OPT但实现开销大）。【缺页率】f=F/A（总访页A次中F次缺页），受分配页面数、页面大小、程序编制方法、置换算法性能影响。</div>"	"<div class=""top""><span class=""chip c1"">章节：存储管理</span><span class=""chip c2"">简单应用</span><span class=""chip c3"">虚拟页式存储管理方案</span></div><h1>虚拟页式存储地址转换过程：地址转换、页表项、页表、转换检测缓冲区（TLB）、缺页异常处理、页面调度策略、页面置换算法（8©匕（^异常现象）和缺页率</h1><div class=""a"">【地址转换】硬件提供一对页表控制寄存器：页表始址寄存器（存运行进程页表在内存首地址）和页表长度寄存器。每执行一条指令按虚拟地址中的页号查页表；页表无此页号则产生“地址错”中断，有则得对应物理页面号，按“<span class=""hit"">物理地址=物理页面号×块长+页内地址</span>”计算（物理页面号作高位、页内地址作低位）。【页表项】含：物理页面号、有效位（驻留位/存在位V，表在内存还是磁盘）、访问位R（是否被访问过）、修改位M（是否被修改过）、保护位P（读写权限）等，访问位和修改位用于决定置换哪个页面。【页表】有单级、多级页表（32位4KB页常用二级页表：10位页目录+10位页表+12位偏移）、散列页表、反置页表（每物理页框一项，系统全局一张表）。【TLB转换检测缓冲区/快表】页表在内存会导致两次访存，故用小容量相联存储器（高速缓存）存放当前最频繁访问的少数活动页的页号与页框号对应关系；查TLB与查内存页表并行，命中则直接用，未命中走内存页表后再填入TLB（无空闲单元则按淘汰算法淘汰一行），依据<span class=""hit"">局部性原理</span>大幅加快地址转换。【缺页异常处理】查页表发现所访页不在内存则产生缺页异常：保留现场、交换PSW转入缺页中断处理程序；找空闲物理页；有空闲则从磁盘装入该页并修改页表和分配表；无空闲则按置换算法选一页调出（若该页被修改过则写回磁盘，未修改则直接覆盖）；最后恢复现场、重新执行被中断指令。缺页异常可在指令中间发生，普通中断只能在指令之间发生。【页面调度策略】含调入策略（请求调页只调入缺页所需页；预调页一次调入相邻几页）、置页策略、置换策略（固定分配局部置换、可变分配全局置换、可变分配局部置换）。【<span class=""hit"">页面置换算法</span>】OPT理想算法淘汰以后不再需要或最长时间后才用的页（不可实现，作衡量标准）；FIFO先进先出总淘汰最先装入的页（简单，但会把常用页换出，且产生Belady异常——分配页面数增加缺页次数反而增加）；第二次机会算法检查R位；Clock时钟算法用环形链表加表针，R位为0则置换、为1则清0前移；LRU最近最少使用淘汰最久未访问的页（用计时标志记录，效果最接近OPT但实现开销大）。【缺页率】f=F/A（总访页A次中F次缺页），受分配页面数、页面大小、程序编制方法、置换算法性能影响。</div><div class=""ansbox"">挖空答案：<b>物理地址=物理页面号×块长+页内地址；局部性原理；页面置换算法</b></div><div class=""pg"">教材页码：P158</div>"	存储管理 简单应用 虚拟页式存储管理方案 13180操作系统
"<div class=""top""><span class=""chip c1"">章节：存储管理</span><span class=""chip c2"">简单应用</span><span class=""chip c3"">虚拟页式存储管理方案</span></div><h1>虚拟页式存储管理的优缺点</h1><div class=""q"">主要优点：由于<span class=""blank"">______</span>不要求进程的<span class=""blank"">______</span>和数据在内存中连续存放，因此有效地解决了碎片问题，既提高了内存利用率，又有利于组织<span class=""blank"">______</span>执行。主要缺点：存在页面空间的浪费问题——各种程序代码长度不同，但页面大小固定，所以每个程序的最后一页内总会有一部分空间得不到利用，称为内碎片；如果页面较大，由此引起的存储空间损失仍然较大。</div>"	"<div class=""top""><span class=""chip c1"">章节：存储管理</span><span class=""chip c2"">简单应用</span><span class=""chip c3"">虚拟页式存储管理方案</span></div><h1>虚拟页式存储管理的优缺点</h1><div class=""a"">主要优点：由于<span class=""hit"">虚拟页式存储管理</span>不要求进程的<span class=""hit"">程序段</span>和数据在内存中连续存放，因此有效地解决了碎片问题，既提高了内存利用率，又有利于组织<span class=""hit"">多道程序</span>执行。主要缺点：存在页面空间的浪费问题——各种程序代码长度不同，但页面大小固定，所以每个程序的最后一页内总会有一部分空间得不到利用，称为内碎片；如果页面较大，由此引起的存储空间损失仍然较大。</div><div class=""ansbox"">挖空答案：<b>虚拟页式存储管理；程序段；多道程序</b></div><div class=""pg"">教材页码：P169</div>"	存储管理 简单应用 虚拟页式存储管理方案 13180操作系统
"<div class=""top""><span class=""chip c1"">章节：存储管理</span><span class=""chip c2"">简单应用</span><span class=""chip c3"">虚拟页式存储管理方案</span></div><h1>虚拟存储管理的性能问题：颠簸和工作集</h1><div class=""q"">【颠簸/抖动】如果刚被调出的页面立即又要被访问，因而又要把它调入，装入不久又被调出，如此反复，使调度非常频繁，这种现象称为“抖动”或“颠簸”。此时系统用于调度页面的时间比进程实际运行所占时间还多，系统效率急剧下降。颠簸由缺页率高引起：一是<span class=""blank"">______</span>不合理，刚淘汰的页又要访问；二是一般进程在一段时间内集中访问一些“活动”页面（与程序局部性有关），若分配给进程的物理页面太少，使活动页面不能全部装入内存，进程就会频繁缺页而产生颠簸。【<span class=""blank"">______</span>】对于给定的进程访页序列，从时刻t-Δ到时刻t之间所访问页面的集合称为该进程的工作集，其中Δ称为工作集窗口。工作集随时间变化，大小与窗口尺寸密切相关。模拟实验表明每个程序对内存有临界值要求：分配物理页面数小于临界值时缺页率上升，大于临界值再增加页也不能显著减少缺页。因此希望分配给进程的物理页面数与当前工作集大小一致。实现时<span class=""blank"">______</span>为每个进程保持一个工作集并提供与工作集大小相等的物理页面数，这一过程可动态调整，从而解决颠簸问题。</div>"	"<div class=""top""><span class=""chip c1"">章节：存储管理</span><span class=""chip c2"">简单应用</span><span class=""chip c3"">虚拟页式存储管理方案</span></div><h1>虚拟存储管理的性能问题：颠簸和工作集</h1><div class=""a"">【颠簸/抖动】如果刚被调出的页面立即又要被访问，因而又要把它调入，装入不久又被调出，如此反复，使调度非常频繁，这种现象称为“抖动”或“颠簸”。此时系统用于调度页面的时间比进程实际运行所占时间还多，系统效率急剧下降。颠簸由缺页率高引起：一是<span class=""hit"">页面置换算法</span>不合理，刚淘汰的页又要访问；二是一般进程在一段时间内集中访问一些“活动”页面（与程序局部性有关），若分配给进程的物理页面太少，使活动页面不能全部装入内存，进程就会频繁缺页而产生颠簸。【<span class=""hit"">工作集</span>】对于给定的进程访页序列，从时刻t-Δ到时刻t之间所访问页面的集合称为该进程的<span class=""hit"">工作集</span>，其中Δ称为<span class=""hit"">工作集</span>窗口。<span class=""hit"">工作集</span>随时间变化，大小与窗口尺寸密切相关。模拟实验表明每个程序对内存有临界值要求：分配物理页面数小于临界值时缺页率上升，大于临界值再增加页也不能显著减少缺页。因此希望分配给进程的物理页面数与当前<span class=""hit"">工作集</span>大小一致。实现时<span class=""hit"">操作系统</span>为每个进程保持一个<span class=""hit"">工作集</span>并提供与<span class=""hit"">工作集</span>大小相等的物理页面数，这一过程可动态调整，从而解决颠簸问题。</div><div class=""ansbox"">挖空答案：<b>页面置换算法；工作集；操作系统</b></div><div class=""pg"">教材页码：P169</div>"	存储管理 简单应用 虚拟页式存储管理方案 13180操作系统
"<div class=""top""><span class=""chip c1"">章节：文件系统</span><span class=""chip c2"">领会</span><span class=""chip c3"">文件管理的基本概念</span></div><h1>文件管理的任务</h1><div class=""q""><span class=""blank"">______</span>是操作系统中统一管理信息资源的软件，管理文件的存储、检索、更新，提供安全可靠的共享和保护手段并方便用户使用。其主要任务（功能）包括：1）统一管理文件的存储空间，实施存储空间的分配与回收；2）实现文件从名字到外存<span class=""blank"">______</span>的映射，即实现文件的按名存取，以对用户透明的方式管理文件名；3）实现文件信息的共享，并提供文件的保护措施；4）向用户提供方便使用的接口（提供对文件系统和文件的操作命令，以及信息存取、加工等）；5）系统维护及向用户提供有关信息；6）保持文件系统的执行效率；7）提供I/O的统一接口。从用户角度看负责建立、读写、修改、复制、撤销文件及按名存取和存取控制；从操作系统角度看负责<span class=""blank"">______</span>实现、存储空间管理、文件存储位置、磁盘运作方式、存取速度和磁盘利用率等。</div>"	"<div class=""top""><span class=""chip c1"">章节：文件系统</span><span class=""chip c2"">领会</span><span class=""chip c3"">文件管理的基本概念</span></div><h1>文件管理的任务</h1><div class=""a""><span class=""hit"">文件系统</span>是操作系统中统一管理信息资源的软件，管理文件的存储、检索、更新，提供安全可靠的共享和保护手段并方便用户使用。其主要任务（功能）包括：1）统一管理文件的存储空间，实施存储空间的分配与回收；2）实现文件从名字到外存<span class=""hit"">地址空间</span>的映射，即实现文件的按名存取，以对用户透明的方式管理文件名；3）实现文件信息的共享，并提供文件的保护措施；4）向用户提供方便使用的接口（提供对<span class=""hit"">文件系统</span>和文件的操作命令，以及信息存取、加工等）；5）系统维护及向用户提供有关信息；6）保持<span class=""hit"">文件系统</span>的执行效率；7）提供I/O的统一接口。从用户角度看负责建立、读写、修改、复制、撤销文件及按名存取和存取控制；从操作系统角度看负责<span class=""hit"">文件目录</span>实现、存储空间管理、文件存储位置、磁盘运作方式、存取速度和磁盘利用率等。</div><div class=""ansbox"">挖空答案：<b>文件系统；地址空间；文件目录</b></div><div class=""pg"">教材页码：P178</div>"	文件系统 领会 文件管理的基本概念 13180操作系统
"<div class=""top""><span class=""chip c1"">章节：文件系统</span><span class=""chip c2"">领会</span><span class=""chip c3"">文件管理的基本概念</span></div><h1>文件的存储介质及存取方式</h1><div class=""q"">外存储设备与内存相比具有容量大、非易失、速度较慢、成本较低等特点，通常由驱动部分和存储介质（卷）组成。常见介质：磁带是最早的磁记录介质，是顺序存取设备（信息顺序读写，必须访问第i块后才能访问第i+1块），容量大但存取慢，主要用于后备存储和不常使用的信息；磁盘（硬盘）是典型的随机存取设备，允许直接存取任意物理块，磁盘空间由盘面、柱面（磁道）和扇区组成，<span class=""blank"">______</span>形式为柱面号（磁道号）、扇区号、磁头号（盘面号），一次访问时间由<span class=""blank"">______</span>、旋转定位时间和<span class=""blank"">______</span>组成（寻道时间最长）；光盘容量大速度快接近磁盘；闪存是非易失、电可擦除、可随机存取、无机械运动部件的存储器。文件存取方式是逻辑结构与物理结构之间的映射变换机制，常用有顺序存取（按从前到后次序依次访问各信息项）和随机存取（直接存取，允许按任意次序直接存取任意记录或将读写指针移到指定记录处）；存取方式由文件性质和用户使用情况决定，也与存储介质有关（如数据库文件适合随机存取，磁带适合顺序存取）。</div>"	"<div class=""top""><span class=""chip c1"">章节：文件系统</span><span class=""chip c2"">领会</span><span class=""chip c3"">文件管理的基本概念</span></div><h1>文件的存储介质及存取方式</h1><div class=""a"">外存储设备与内存相比具有容量大、非易失、速度较慢、成本较低等特点，通常由驱动部分和存储介质（卷）组成。常见介质：磁带是最早的磁记录介质，是顺序存取设备（信息顺序读写，必须访问第i块后才能访问第i+1块），容量大但存取慢，主要用于后备存储和不常使用的信息；磁盘（硬盘）是典型的随机存取设备，允许直接存取任意物理块，磁盘空间由盘面、柱面（磁道）和扇区组成，<span class=""hit"">物理地址</span>形式为柱面号（磁道号）、扇区号、磁头号（盘面号），一次访问时间由<span class=""hit"">寻道时间</span>、旋转定位时间和<span class=""hit"">信息传输时间</span>组成（<span class=""hit"">寻道时间</span>最长）；光盘容量大速度快接近磁盘；闪存是非易失、电可擦除、可随机存取、无机械运动部件的存储器。文件存取方式是逻辑结构与物理结构之间的映射变换机制，常用有顺序存取（按从前到后次序依次访问各信息项）和随机存取（直接存取，允许按任意次序直接存取任意记录或将读写指针移到指定记录处）；存取方式由文件性质和用户使用情况决定，也与存储介质有关（如数据库文件适合随机存取，磁带适合顺序存取）。</div><div class=""ansbox"">挖空答案：<b>物理地址；寻道时间；信息传输时间</b></div><div class=""pg"">教材页码：P178</div>"	文件系统 领会 文件管理的基本概念 13180操作系统
"<div class=""top""><span class=""chip c1"">章节：文件系统</span><span class=""chip c2"">领会</span><span class=""chip c3"">文件管理的基本概念</span></div><h1>文件的分类</h1><div class=""q"">为有效方便管理文件常按用途、组织形式等分类。(1)按用途：系统文件（操作系统和系统应用程序与数据组成，普通用户只能通过调用接口执行）、库函数文件（标准子程序及常用应用程序组成，可读可执行不可修改，如C语言库）、用户文件（用户委托保存的文件，仅所有者或授权用户可使用）。(2)按组织形式：普通文件（最一般格式，内容为一般数据或程序，如字符流文件）、<span class=""blank"">______</span>（由<span class=""blank"">______</span>构成的特殊文件，内容是目录信息，用于检索文件）、特殊文件（以文件形式访问的设备，读写对应<span class=""blank"">______</span>操作，如UNIX类系统把I/O设备看作特殊文件）。(3)其他：按保护方式分只读/读写/可执行/无保护文件；按信息流分输入/输出/输入输出文件；按存放时限分临时/永久/档案文件；按介质分磁盘/磁带/卡片/打印文件。UNIX类操作系统文件分三种：普通文件（无结构字符流）、目录文件（文件目录项构成）、特殊文件（I/O设备）。</div>"	"<div class=""top""><span class=""chip c1"">章节：文件系统</span><span class=""chip c2"">领会</span><span class=""chip c3"">文件管理的基本概念</span></div><h1>文件的分类</h1><div class=""a"">为有效方便管理文件常按用途、组织形式等分类。(1)按用途：系统文件（操作系统和系统应用程序与数据组成，普通用户只能通过调用接口执行）、库函数文件（标准子程序及常用应用程序组成，可读可执行不可修改，如C语言库）、用户文件（用户委托保存的文件，仅所有者或授权用户可使用）。(2)按组织形式：普通文件（最一般格式，内容为一般数据或程序，如字符流文件）、<span class=""hit"">目录文件</span>（由<span class=""hit"">文件目录</span>构成的特殊文件，内容是目录信息，用于检索文件）、特殊文件（以文件形式访问的设备，读写对应<span class=""hit"">设备驱动程序</span>操作，如UNIX类系统把I/O设备看作特殊文件）。(3)其他：按保护方式分只读/读写/可执行/无保护文件；按信息流分输入/输出/输入输出文件；按存放时限分临时/永久/档案文件；按介质分磁盘/磁带/卡片/打印文件。UNIX类操作系统文件分三种：普通文件（无结构字符流）、<span class=""hit"">目录文件</span>（<span class=""hit"">文件目录</span>项构成）、特殊文件（I/O设备）。</div><div class=""ansbox"">挖空答案：<b>目录文件；文件目录；设备驱动程序</b></div><div class=""pg"">教材页码：P182</div>"	文件系统 领会 文件管理的基本概念 13180操作系统
"<div class=""top""><span class=""chip c1"">章节：文件系统</span><span class=""chip c2"">简单应用</span><span class=""chip c3"">文件的逻辑结构和物理结构</span></div><h1>文件的逻辑结构</h1><div class=""q"">文件的逻辑结构是面向用户的文件组织结构，即用户看到的、经过抽象的文件组织形式，描述文件中信息的组织形式，与物理介质上的具体存储结构不同。设计原则：易于操作、查找快捷、修改方便、空间<span class=""blank"">______</span>。逻辑结构分三类：(1)无结构的字符流式文件：是有序字符的集合，长度为字符个数，基本单位是字符（通常一个字符占一字节），不存在可视为结构的组织形式，又称字符流式文件，管理简单、灵活性大，可执行文件、目标代码文件属此类，UNIX类系统采用字符流式文件结构。(2)有结构的<span class=""blank"">______</span>式文件：是一组有序记录的集合，基本单位是记录（由<span class=""blank"">______</span>、记录名对应的键、属性及属性值组成，可按键查找）；其中定长记录文件各记录长度相等，可按记录号和记录长度确定逻辑地址；不定长记录文件各记录长度不等，须从头逐查。定长和不定长记录文件统称记录式文件，可按各种方式排列构成不同逻辑结构，便于修改、追加、查找和管理。</div>"	"<div class=""top""><span class=""chip c1"">章节：文件系统</span><span class=""chip c2"">简单应用</span><span class=""chip c3"">文件的逻辑结构和物理结构</span></div><h1>文件的逻辑结构</h1><div class=""a"">文件的逻辑结构是面向用户的文件组织结构，即用户看到的、经过抽象的文件组织形式，描述文件中信息的组织形式，与物理介质上的具体存储结构不同。设计原则：易于操作、查找快捷、修改方便、空间<span class=""hit"">紧凑</span>。逻辑结构分三类：(1)无结构的字符流式文件：是有序字符的集合，长度为字符个数，基本单位是字符（通常一个字符占一字节），不存在可视为结构的组织形式，又称字符流式文件，管理简单、灵活性大，可执行文件、目标代码文件属此类，UNIX类系统采用字符流式文件结构。(2)有结构的<span class=""hit"">记录</span>式文件：是一组有序<span class=""hit"">记录</span>的集合，基本单位是<span class=""hit"">记录</span>（由<span class=""hit"">逻辑地址</span>、<span class=""hit"">记录</span>名对应的键、属性及属性值组成，可按键查找）；其中定长<span class=""hit"">记录</span>文件各<span class=""hit"">记录</span>长度相等，可按<span class=""hit"">记录</span>号和<span class=""hit"">记录</span>长度确定<span class=""hit"">逻辑地址</span>；不定长<span class=""hit"">记录</span>文件各<span class=""hit"">记录</span>长度不等，须从头逐查。定长和不定长<span class=""hit"">记录</span>文件统称<span class=""hit"">记录</span>式文件，可按各种方式排列构成不同逻辑结构，便于修改、追加、查找和管理。</div><div class=""ansbox"">挖空答案：<b>紧凑；记录；逻辑地址</b></div><div class=""pg"">教材页码：P184</div>"	文件系统 简单应用 文件的逻辑结构和物理结构 13180操作系统
"<div class=""top""><span class=""chip c1"">章节：文件系统</span><span class=""chip c2"">简单应用</span><span class=""chip c3"">文件的逻辑结构和物理结构</span></div><h1>文件的物理结构</h1><div class=""q"">文件的物理结构是文件在实际存储空间存储时的结构，常用有三种。(1)顺序结构（连续结构）：最简单，把逻辑上连续的文件信息依次存放在连续编号的物理块中，<span class=""blank"">______</span>中指出总块数和起始块号即可；优点是知道起始块号和长度就能很快存取、支持顺序和随机存取、顺序存取寻道次数少；缺点是文件不能动态增长、申请新空间需找连续空闲块、易出现存储碎片、不利于插入删除。(2)链接结构：把逻辑上连续的文件分散存放在若干不连续物理块中，每个物理块设一指针指向下一物理块，<span class=""blank"">______</span>保存首指针，最后一块放文件结束符；优点是解决了碎片问题、利于动态扩充和插入删除、提高磁盘利用率；缺点是存取速度慢、不适于随机存取、磁头移动多效率低、指针出错影响可靠性、指针占一定空间，典型链接结构是FAT<span class=""blank"">______</span>。(3)索引结构：把每个物理块的指针字集中存放在索引表中，目录条目含索引表地址，索引表第i项指向文件第i块；既适于顺序存取又适于随机存取，支持动态增长和增删、充分利用外存；缺点是寻道次数多、索引表本身增加存储开销。文件很大时索引表装不下，采用间接索引（多级索引：一级间接、二级间接等），实际系统常把索引表前几项设计成直接寻址、后几项设计成多级索引。</div>"	"<div class=""top""><span class=""chip c1"">章节：文件系统</span><span class=""chip c2"">简单应用</span><span class=""chip c3"">文件的逻辑结构和物理结构</span></div><h1>文件的物理结构</h1><div class=""a"">文件的物理结构是文件在实际存储空间存储时的结构，常用有三种。(1)顺序结构（连续结构）：最简单，把逻辑上连续的文件信息依次存放在连续编号的物理块中，<span class=""hit"">目录项</span>中指出总块数和起始块号即可；优点是知道起始块号和长度就能很快存取、支持顺序和随机存取、顺序存取寻道次数少；缺点是文件不能动态增长、申请新空间需找连续空闲块、易出现存储碎片、不利于插入删除。(2)链接结构：把逻辑上连续的文件分散存放在若干不连续物理块中，每个物理块设一指针指向下一物理块，<span class=""hit"">文件控制块</span>保存首指针，最后一块放文件结束符；优点是解决了碎片问题、利于动态扩充和插入删除、提高磁盘利用率；缺点是存取速度慢、不适于随机存取、磁头移动多效率低、指针出错影响可靠性、指针占一定空间，典型链接结构是FAT<span class=""hit"">文件系统</span>。(3)索引结构：把每个物理块的指针字集中存放在索引表中，目录条目含索引表地址，索引表第i项指向文件第i块；既适于顺序存取又适于随机存取，支持动态增长和增删、充分利用外存；缺点是寻道次数多、索引表本身增加存储开销。文件很大时索引表装不下，采用间接索引（多级索引：一级间接、二级间接等），实际系统常把索引表前几项设计成直接寻址、后几项设计成多级索引。</div><div class=""ansbox"">挖空答案：<b>目录项；文件控制块；文件系统</b></div><div class=""pg"">教材页码：P185</div>"	文件系统 简单应用 文件的逻辑结构和物理结构 13180操作系统
"<div class=""top""><span class=""chip c1"">章节：文件系统</span><span class=""chip c2"">简单应用</span><span class=""chip c3"">文件的逻辑结构和物理结构</span></div><h1>UNIX的三级索引结构</h1><div class=""q"">UNIX<span class=""blank"">______</span>的i节点是多级<span class=""blank"">______</span>在UNIX中的具体实现。其基本思想是给每个文件赋予一张称为i节点的小表，在这张小表中列出<span class=""blank"">______</span>和文件中各数据块在磁盘上的地址。i节点内可记录15个物理块地址指针：前12个指针直接指向文件数据的物理块，称为直接盘块；第13个指针指向一个一级索引表，其指向的物理块称为一重间接盘块；第14个指针指向二级索引表，其指向的物理块称为二重间接盘块；第15个指针指向三级索引表，其指向的物理块称为三重间接盘块。这样，不超过12块的小文件不需要单独索引表，所需信息全在i节点中（打开文件时读入内存）；稍大文件用一重间接盘块地址；再大用二级索引表，不够用三级索引表。这种结构占用系统空间比一般多级索引文件小，不仅适合小文件，也可供大型文件使用，灵活性强。</div>"	"<div class=""top""><span class=""chip c1"">章节：文件系统</span><span class=""chip c2"">简单应用</span><span class=""chip c3"">文件的逻辑结构和物理结构</span></div><h1>UNIX的三级索引结构</h1><div class=""a"">UNIX<span class=""hit"">操作系统</span>的i节点是多级<span class=""hit"">索引文件结构</span>在UNIX中的具体实现。其基本思想是给每个文件赋予一张称为i节点的小表，在这张小表中列出<span class=""hit"">文件属性</span>和文件中各数据块在磁盘上的地址。i节点内可记录15个物理块地址指针：前12个指针直接指向文件数据的物理块，称为直接盘块；第13个指针指向一个一级索引表，其指向的物理块称为一重间接盘块；第14个指针指向二级索引表，其指向的物理块称为二重间接盘块；第15个指针指向三级索引表，其指向的物理块称为三重间接盘块。这样，不超过12块的小文件不需要单独索引表，所需信息全在i节点中（打开文件时读入内存）；稍大文件用一重间接盘块地址；再大用二级索引表，不够用三级索引表。这种结构占用系统空间比一般多级索引文件小，不仅适合小文件，也可供大型文件使用，灵活性强。</div><div class=""ansbox"">挖空答案：<b>操作系统；索引文件结构；文件属性</b></div><div class=""pg"">教材页码：P189</div>"	文件系统 简单应用 文件的逻辑结构和物理结构 13180操作系统
"<div class=""top""><span class=""chip c1"">章节：文件系统</span><span class=""chip c2"">综合应用</span><span class=""chip c3"">文件目录</span></div><h1>文件控制块</h1><div class=""q"">文件控制块（FCB）是系统为管理文件而设置的描述性数据结构，是文件存在的标志，记录了系统管理文件所需的全部信息。文件系统的特点是“<span class=""blank"">______</span>”，把所有文件的FCB有机组织起来构成文件目录，文件目录实际上就是文件符号名到文件<span class=""blank"">______</span>的映射机制。FCB通常包括：文件名、文件号（创建时指定、唯一标识一个文件、系统中不重复）、用户名（创建者/所有者）、文件物理位置（链接结构存首指针、索引结构存索引表地址）、文件长度和记录大小、文件类型、文件属性（只读/读写/可执行）、共享说明、文件逻辑结构、文件物理结构、文件建立/最后访问/最后修改日期和时间、口令、保存期限等。FCB中的信息可分为三类：<span class=""blank"">______</span>信息、文件结构信息和文件管理信息。</div>"	"<div class=""top""><span class=""chip c1"">章节：文件系统</span><span class=""chip c2"">综合应用</span><span class=""chip c3"">文件目录</span></div><h1>文件控制块</h1><div class=""a"">文件控制块（FCB）是系统为管理文件而设置的描述性数据结构，是文件存在的标志，记录了系统管理文件所需的全部信息。文件系统的特点是“<span class=""hit"">按名存取</span>”，把所有文件的FCB有机组织起来构成文件目录，文件目录实际上就是文件符号名到文件<span class=""hit"">物理地址</span>的映射机制。FCB通常包括：文件名、文件号（创建时指定、唯一标识一个文件、系统中不重复）、用户名（创建者/所有者）、文件物理位置（链接结构存首指针、索引结构存索引表地址）、文件长度和记录大小、文件类型、文件属性（只读/读写/可执行）、共享说明、文件逻辑结构、文件物理结构、文件建立/最后访问/最后修改日期和时间、口令、保存期限等。FCB中的信息可分为三类：<span class=""hit"">文件存取控制</span>信息、文件结构信息和文件管理信息。</div><div class=""ansbox"">挖空答案：<b>按名存取；物理地址；文件存取控制</b></div><div class=""pg"">教材页码：P191</div>"	文件系统 综合应用 文件目录 13180操作系统
"<div class=""top""><span class=""chip c1"">章节：文件系统</span><span class=""chip c2"">综合应用</span><span class=""chip c3"">文件目录</span></div><h1>文件目录和当前目录</h1><div class=""q"">【文件目录】文件目录是实现用户按名存取文件的手段，组织方式有一级、二级和多级目录。一级目录是一张线性目录表，包含所有文件的FCB，简单易实现，但文件名与文件一一对应不能重名，且必须对全表搜索、检索效率低。二级目录分两级：第一级主文件目录（MFD）给出用户名和用户文件目录所在位置，第二级用户文件目录（UFD）给出该用户所有文件的FCB；解决了重名问题、可实现用户间<span class=""blank"">______</span>、查找时间缩短（与m+f成正比），缺点是增加系统开销。多级目录（树形目录）：二级层次关系推广而成，最高层为唯一根目录，最低层为文件，从根到任一结点有且仅有一条路径，路径上全部分支组成全路径名；优点是层次清晰便于管理保护、解决重名问题、查找速度快；缺点是按路径逐层检查、多次访盘影响速度、结构复杂。【当前目录】又称工作目录，是<span class=""blank"">______</span>向用户提供的当前正在使用的目录，用户可随意更改。目录检索可用全路径名（绝对路径，从根目录开始）或<span class=""blank"">______</span>（从当前目录开始到文件的一段路径），引入相对路径缩短了检索路径、提高了检索速度。</div>"	"<div class=""top""><span class=""chip c1"">章节：文件系统</span><span class=""chip c2"">综合应用</span><span class=""chip c3"">文件目录</span></div><h1>文件目录和当前目录</h1><div class=""a"">【文件目录】文件目录是实现用户按名存取文件的手段，组织方式有一级、二级和多级目录。一级目录是一张线性目录表，包含所有文件的FCB，简单易实现，但文件名与文件一一对应不能重名，且必须对全表搜索、检索效率低。二级目录分两级：第一级主文件目录（MFD）给出用户名和用户文件目录所在位置，第二级用户文件目录（UFD）给出该用户所有文件的FCB；解决了重名问题、可实现用户间<span class=""hit"">文件共享</span>、查找时间缩短（与m+f成正比），缺点是增加系统开销。多级目录（树形目录）：二级层次关系推广而成，最高层为唯一根目录，最低层为文件，从根到任一结点有且仅有一条路径，路径上全部分支组成全路径名；优点是层次清晰便于管理保护、解决重名问题、查找速度快；缺点是按路径逐层检查、多次访盘影响速度、结构复杂。【当前目录】又称工作目录，是<span class=""hit"">文件系统</span>向用户提供的当前正在使用的目录，用户可随意更改。目录检索可用全路径名（绝对路径，从根目录开始）或<span class=""hit"">相对路径</span>（从当前目录开始到文件的一段路径），引入<span class=""hit"">相对路径</span>缩短了检索路径、提高了检索速度。</div><div class=""ansbox"">挖空答案：<b>文件共享；文件系统；相对路径</b></div><div class=""pg"">教材页码：P192</div>"	文件系统 综合应用 文件目录 13180操作系统
"<div class=""top""><span class=""chip c1"">章节：文件系统</span><span class=""chip c2"">综合应用</span><span class=""chip c3"">文件目录</span></div><h1>目录项和目录文件</h1><div class=""q"">目录项是用于管理目录的基本数据结构，一般是定长记录；简单文件系统的一个目录项对应一个<span class=""blank"">______</span>，一个目录项必定对应一个文件。用户建立新文件时，与该文件有关的信息和属性记录在FCB内，通常把FCB设计成定长数据结构的一个记录存放在<span class=""blank"">______</span>中，这样的每个记录称为目录项。若FCB数据量大，可采用<span class=""blank"">______</span>：目录项中只存重要信息，其余放其他数据块。在不同系统中，FAT文件系统的目录项就是文件控制块；而UFS文件系统的目录项中只有文件名和索引指针，其余信息存放在基本文件目录中。目录文件是目录项的有序集合：多个文件的FCB集中在一起组成文件目录，通常以文件形式保存起来，这个文件就是目录文件；目录文件是每项记录长度固定的记录式文件，每条定长记录就是一个目录项。为节省内存，目录文件常保存在外存，需要时才调入内存。</div>"	"<div class=""top""><span class=""chip c1"">章节：文件系统</span><span class=""chip c2"">综合应用</span><span class=""chip c3"">文件目录</span></div><h1>目录项和目录文件</h1><div class=""a"">目录项是用于管理目录的基本数据结构，一般是定长记录；简单文件系统的一个目录项对应一个<span class=""hit"">文件控制块</span>，一个目录项必定对应一个文件。用户建立新文件时，与该文件有关的信息和属性记录在FCB内，通常把FCB设计成定长数据结构的一个记录存放在<span class=""hit"">目录文件</span>中，这样的每个记录称为目录项。若FCB数据量大，可采用<span class=""hit"">目录项分解法</span>：目录项中只存重要信息，其余放其他数据块。在不同系统中，FAT文件系统的目录项就是<span class=""hit"">文件控制块</span>；而UFS文件系统的目录项中只有文件名和索引指针，其余信息存放在基本文件目录中。<span class=""hit"">目录文件</span>是目录项的有序集合：多个文件的FCB集中在一起组成文件目录，通常以文件形式保存起来，这个文件就是<span class=""hit"">目录文件</span>；<span class=""hit"">目录文件</span>是每项记录长度固定的记录式文件，每条定长记录就是一个目录项。为节省内存，<span class=""hit"">目录文件</span>常保存在外存，需要时才调入内存。</div><div class=""ansbox"">挖空答案：<b>文件控制块；目录文件；目录项分解法</b></div><div class=""pg"">教材页码：P196</div>"	文件系统 综合应用 文件目录 13180操作系统
"<div class=""top""><span class=""chip c1"">章节：文件系统</span><span class=""chip c2"">综合应用</span><span class=""chip c3"">文件目录</span></div><h1>目录项分解法</h1><div class=""q"">由于一个<span class=""blank"">______</span>一般占用很多存储单元，导致<span class=""blank"">______</span>很大，检索时需逐块读入多个物理块，降低检索速度。目录项分解法把目录项（FCB）分为两部分：符号目录项（次部）含文件名以及相应的文件号；基本目录项（主部）包含除文件名以外FCB的其他全部信息。这样一个物理块可存放更多符号目录项。例如：FCB共48字节，符号目录项占8字节（文件名6字节+文件号2字节），基本目录项占40字节，物理块512字节；分解前一块可放512/48≈10个FCB，分解后可放512/8=64个符号目录项（或512/40≈12个基本目录项）。若目录文件有128个目录项，分解前需12个物理块、查找平均访盘(1+12)/2=6.5次；分解后符号项需2块、基本项需10块，平均访盘(1+2)/2+1=2.5次。可见目录项分解法的优点是减少访问磁盘次数，提高了<span class=""blank"">______</span>的检索速度。</div>"	"<div class=""top""><span class=""chip c1"">章节：文件系统</span><span class=""chip c2"">综合应用</span><span class=""chip c3"">文件目录</span></div><h1>目录项分解法</h1><div class=""a"">由于一个<span class=""hit"">文件控制块</span>一般占用很多存储单元，导致<span class=""hit"">目录文件</span>很大，检索时需逐块读入多个物理块，降低检索速度。目录项分解法把目录项（FCB）分为两部分：符号目录项（次部）含文件名以及相应的文件号；基本目录项（主部）包含除文件名以外FCB的其他全部信息。这样一个物理块可存放更多符号目录项。例如：FCB共48字节，符号目录项占8字节（文件名6字节+文件号2字节），基本目录项占40字节，物理块512字节；分解前一块可放512/48≈10个FCB，分解后可放512/8=64个符号目录项（或512/40≈12个基本目录项）。若<span class=""hit"">目录文件</span>有128个目录项，分解前需12个物理块、查找平均访盘(1+12)/2=6.5次；分解后符号项需2块、基本项需10块，平均访盘(1+2)/2+1=2.5次。可见目录项分解法的优点是减少访问磁盘次数，提高了<span class=""hit"">文件目录</span>的检索速度。</div><div class=""ansbox"">挖空答案：<b>文件控制块；目录文件；文件目录</b></div><div class=""pg"">教材页码：P196</div>"	文件系统 综合应用 文件目录 13180操作系统
"<div class=""top""><span class=""chip c1"">章节：文件系统</span><span class=""chip c2"">综合应用</span><span class=""chip c3"">文件目录</span></div><h1>UNDC的文件目录实现</h1><div class=""q"">UNIX目录中为每个文件保留一个目录项，每个目录项含两个域：文件名（14字节）和i节点号（2字节）。i节点包含<span class=""blank"">______</span>：文件大小、三个时间（创建时间、最后访问时间、最后修改时间）、所有者、所在组、保护信息以及一个连接计数（记录指向该i节点的目录项数量）；增加连接时计数加1，移走连接时减1，计数为0时收回该i节点并把对应<span class=""blank"">______</span>放进空闲表。UNIX普通<span class=""blank"">______</span>是三级索引结构。打开文件查找路径名时：根目录的i节点存放于磁盘固定位置，从该i节点定位根目录，读根目录并在其中查找路径第一个分量以获得下级目录的i节点号，由i节点号直接定位i节点（每个i节点在磁盘上位置固定），依此逐级定位目录并查找下一个分量，直到找到文件；该文件的i节点被读入内存，并在文件关闭前一直保留在内存中。相对路径从当前工作目录开始查找；每个目录都有“.”（当前目录的i节点号）和“..”（父目录的i节点号）项，在根目录中“..”指向自身。</div>"	"<div class=""top""><span class=""chip c1"">章节：文件系统</span><span class=""chip c2"">综合应用</span><span class=""chip c3"">文件目录</span></div><h1>UNDC的文件目录实现</h1><div class=""a"">UNIX目录中为每个文件保留一个目录项，每个目录项含两个域：文件名（14字节）和i节点号（2字节）。i节点包含<span class=""hit"">文件属性</span>：文件大小、三个时间（创建时间、最后访问时间、最后修改时间）、所有者、所在组、保护信息以及一个连接计数（记录指向该i节点的目录项数量）；增加连接时计数加1，移走连接时减1，计数为0时收回该i节点并把对应<span class=""hit"">物理块号</span>放进空闲表。UNIX普通<span class=""hit"">文件的物理结构</span>是三级索引结构。打开文件查找路径名时：根目录的i节点存放于磁盘固定位置，从该i节点定位根目录，读根目录并在其中查找路径第一个分量以获得下级目录的i节点号，由i节点号直接定位i节点（每个i节点在磁盘上位置固定），依此逐级定位目录并查找下一个分量，直到找到文件；该文件的i节点被读入内存，并在文件关闭前一直保留在内存中。相对路径从当前工作目录开始查找；每个目录都有“.”（当前目录的i节点号）和“..”（父目录的i节点号）项，在根目录中“..”指向自身。</div><div class=""ansbox"">挖空答案：<b>文件属性；物理块号；文件的物理结构</b></div><div class=""pg"">教材页码：P197</div>"	文件系统 综合应用 文件目录 13180操作系统
"<div class=""top""><span class=""chip c1"">章节：文件系统</span><span class=""chip c2"">综合应用</span><span class=""chip c3"">文件目录</span></div><h1>FAT文件系统的实现</h1><div class=""q"">FAT是File Allocation Table（文件分配表）的缩写，是一个简单的<span class=""blank"">______</span>，最初为DOS操作系统设计，适用于小容量磁盘，具有简单目录结构，新版本Windows仍为向后兼容而支持。FAT有FAT12、FAT16、FAT32三个版本，取决于用多少二进制位表示磁盘块地址；其物理块以簇为单位分配（如FAT16用16位即2字节表示簇号/<span class=""blank"">______</span>）。一个FAT卷的组织：(1)引导扇区（<span class=""blank"">______</span>），包含描述卷的各种信息，主引导记录用它加载操作系统核心文件；(2)文件分配表，为防破坏保存两个FAT副本，位于卷开头固定位置，每个簇登记其类型信息：未使用(0x0000)、被文件使用、坏簇(0xFFF7)、文件最后一簇(0xFFF8~0xFFFF)；(3)根目录，位于磁盘特殊固定位置、大小固定，每个文件和子目录含一个目录项，每个目录项32字节，内容包括文件名、扩展名、属性字节、最后修改时间日期、文件长度、第一簇编号等。每个文件在根目录项中给出起始簇号，FAT中每个簇含指向下一簇的指针或以0xFFFF指示文件结尾，这是典型的链接结构文件系统。</div>"	"<div class=""top""><span class=""chip c1"">章节：文件系统</span><span class=""chip c2"">综合应用</span><span class=""chip c3"">文件目录</span></div><h1>FAT文件系统的实现</h1><div class=""a"">FAT是File Allocation Table（文件分配表）的缩写，是一个简单的<span class=""hit"">文件系统</span>，最初为DOS操作系统设计，适用于小容量磁盘，具有简单目录结构，新版本Windows仍为向后兼容而支持。FAT有FAT12、FAT16、FAT32三个版本，取决于用多少二进制位表示磁盘块地址；其物理块以簇为单位分配（如FAT16用16位即2字节表示簇号/<span class=""hit"">物理块号</span>）。一个FAT卷的组织：(1)引导扇区（<span class=""hit"">Boot Sector</span>），包含描述卷的各种信息，主引导记录用它加载操作系统核心文件；(2)文件分配表，为防破坏保存两个FAT副本，位于卷开头固定位置，每个簇登记其类型信息：未使用(0x0000)、被文件使用、坏簇(0xFFF7)、文件最后一簇(0xFFF8~0xFFFF)；(3)根目录，位于磁盘特殊固定位置、大小固定，每个文件和子目录含一个目录项，每个目录项32字节，内容包括文件名、扩展名、属性字节、最后修改时间日期、文件长度、第一簇编号等。每个文件在根目录项中给出起始簇号，FAT中每个簇含指向下一簇的指针或以0xFFFF指示文件结尾，这是典型的链接结构<span class=""hit"">文件系统</span>。</div><div class=""ansbox"">挖空答案：<b>文件系统；物理块号；Boot Sector</b></div><div class=""pg"">教材页码：P198</div>"	文件系统 综合应用 文件目录 13180操作系统
"<div class=""top""><span class=""chip c1"">章节：文件系统</span><span class=""chip c2"">领会</span><span class=""chip c3"">文件存储空间管理</span></div><h1>磁盘空间管理</h1><div class=""q"">在计算机系统中存储空间是宝贵资源，虽外存容量较大但并非无限，故<span class=""blank"">______</span>删除后不再使用的空间必须加以回收，然后在建立文件等操作中重新利用（只读式存储设备如CD-ROM无所谓回收和动态分配）。为进行存储空间的分配与回收，在外存储设备上设置了空闲空间登记表，该表可以动态跟踪该外存储设备上所有还没有分配给任何文件的空闲块的数目和块号。该表虽称“表”但不一定以二维表格形式实现，从方便、高效、安全角度考虑通常放在存储介质上。对空闲空间表的访问与修改经常发生，在进行文件删除、文件建立、写文件等操作时都会访问和修改它。</div>"	"<div class=""top""><span class=""chip c1"">章节：文件系统</span><span class=""chip c2"">领会</span><span class=""chip c3"">文件存储空间管理</span></div><h1>磁盘空间管理</h1><div class=""a"">在计算机系统中存储空间是宝贵资源，虽外存容量较大但并非无限，故<span class=""hit"">文件</span>删除后不再使用的空间必须加以回收，然后在建立<span class=""hit"">文件</span>等操作中重新利用（只读式存储设备如CD-ROM无所谓回收和动态分配）。为进行存储空间的分配与回收，在外存储设备上设置了空闲空间登记表，该表可以动态跟踪该外存储设备上所有还没有分配给任何<span class=""hit"">文件</span>的空闲块的数目和块号。该表虽称“表”但不一定以二维表格形式实现，从方便、高效、安全角度考虑通常放在存储介质上。对空闲空间表的访问与修改经常发生，在进行<span class=""hit"">文件</span>删除、<span class=""hit"">文件</span>建立、写<span class=""hit"">文件</span>等操作时都会访问和修改它。</div><div class=""ansbox"">挖空答案：<b>文件</b></div><div class=""pg"">教材页码：P200</div>"	文件系统 领会 文件存储空间管理 13180操作系统
"<div class=""top""><span class=""chip c1"">章节：文件系统</span><span class=""chip c2"">领会</span><span class=""chip c3"">文件存储空间管理</span></div><h1>磁盘空间的分配回收算法：位示图、空闲块表和空闲块链表</h1><div class=""q"">磁盘空间分配回收有三种常用方案。(1)位示图：利用一串二进制位的值反映磁盘空间分配使用情况，每个磁盘物理块对应一位，块空闲则对应位为0、已分配则为1；申请块时从头找为0的位、改为1并返回对应<span class=""blank"">______</span>，归还块时将对应位改回0。位示图描述能力强（一位描述一块状态）、占用空间小、可复制到内存使查找方便快速，适用于各种文件物理结构的<span class=""blank"">______</span>，很多计算机提供位操作指令提高查找效率。(2)<span class=""blank"">______</span>：为空闲块专门建立一张表，记录外存全部空闲物理块，包括第一个空闲块号和空闲块个数；建立新文件时查找连续空闲块并删除相应表项分配，删除文件时收回物理块并与相邻空闲块合并、修改表项；特别适合文件物理结构为顺序结构的文件系统。(3)空闲块链表：把外存中所有空闲块连成链表，用空闲块首指针指向第一个空闲块，每个空闲块含指向下一个空闲块的指针，最后一块指针为空表示链尾；申请空间从链首取、释放接入链尾；该法节省内存，但遍历链表需读每个空闲块、I/O时间多，申请和回收速度都较慢、实现效率较低。</div>"	"<div class=""top""><span class=""chip c1"">章节：文件系统</span><span class=""chip c2"">领会</span><span class=""chip c3"">文件存储空间管理</span></div><h1>磁盘空间的分配回收算法：位示图、空闲块表和空闲块链表</h1><div class=""a"">磁盘空间分配回收有三种常用方案。(1)位示图：利用一串二进制位的值反映磁盘空间分配使用情况，每个磁盘物理块对应一位，块空闲则对应位为0、已分配则为1；申请块时从头找为0的位、改为1并返回对应<span class=""hit"">物理块号</span>，归还块时将对应位改回0。位示图描述能力强（一位描述一块状态）、占用空间小、可复制到内存使查找方便快速，适用于各种文件物理结构的<span class=""hit"">文件系统</span>，很多计算机提供位操作指令提高查找效率。(2)<span class=""hit"">空闲块表</span>：为空闲块专门建立一张表，记录外存全部空闲物理块，包括第一个空闲块号和空闲块个数；建立新文件时查找连续空闲块并删除相应表项分配，删除文件时收回物理块并与相邻空闲块合并、修改表项；特别适合文件物理结构为顺序结构的<span class=""hit"">文件系统</span>。(3)空闲块链表：把外存中所有空闲块连成链表，用空闲块首指针指向第一个空闲块，每个空闲块含指向下一个空闲块的指针，最后一块指针为空表示链尾；申请空间从链首取、释放接入链尾；该法节省内存，但遍历链表需读每个空闲块、I/O时间多，申请和回收速度都较慢、实现效率较低。</div><div class=""ansbox"">挖空答案：<b>物理块号；文件系统；空闲块表</b></div><div class=""pg"">教材页码：P200</div>"	文件系统 领会 文件存储空间管理 13180操作系统
"<div class=""top""><span class=""chip c1"">章节：文件系统</span><span class=""chip c2"">领会</span><span class=""chip c3"">文件存储空间管理</span></div><h1>UNIX系统的空闲块成组链接法</h1><div class=""q""><span class=""blank"">______</span>（成组链表）是对空闲块链表的改进：将n个（如100个）空闲块的地址存放在第一个空闲块中，其余n-1个块实际空闲。第一组的100个空闲块块号放在第二组的头一块中，第二组其余99块完全空闲；第二组块号放在第三组头一块中，依次类推，组与组之间形成链接关系。最后一组块号的第2个单元填0，表示该块中指出的是最后一组块号、空闲块链到此结束；不足一组的块号通常放在内存的专用块中。系统初始化时先把专用块内容读到内存，分配时直接在内存查找，每分配一块空闲块数减1；但在把一组中第一个空闲块分配出去之前，应把登记在该块中的下一组块号及块数保存到专用块中，一组分完后再把专用块内容读入内存指向下一组。归还一块时把块号登记到当前组、空闲数加1；当前组已满100块时则把这100个块号写到归还块中，该归还块成为新组第一块。采用成组链接后，分配与回收都在内存中查找修改，只有一组分完或凑成一组时才启动<span class=""blank"">______</span>读写，因此效率比普通链接方式高，能迅速找到大量空闲块地址，某些版本的UNIX<span class=""blank"">______</span>采用此方案。</div>"	"<div class=""top""><span class=""chip c1"">章节：文件系统</span><span class=""chip c2"">领会</span><span class=""chip c3"">文件存储空间管理</span></div><h1>UNIX系统的空闲块成组链接法</h1><div class=""a""><span class=""hit"">成组链接法</span>（成组链表）是对空闲块链表的改进：将n个（如100个）空闲块的地址存放在第一个空闲块中，其余n-1个块实际空闲。第一组的100个空闲块块号放在第二组的头一块中，第二组其余99块完全空闲；第二组块号放在第三组头一块中，依次类推，组与组之间形成链接关系。最后一组块号的第2个单元填0，表示该块中指出的是最后一组块号、空闲块链到此结束；不足一组的块号通常放在内存的专用块中。系统初始化时先把专用块内容读到内存，分配时直接在内存查找，每分配一块空闲块数减1；但在把一组中第一个空闲块分配出去之前，应把登记在该块中的下一组块号及块数保存到专用块中，一组分完后再把专用块内容读入内存指向下一组。归还一块时把块号登记到当前组、空闲数加1；当前组已满100块时则把这100个块号写到归还块中，该归还块成为新组第一块。采用成组链接后，分配与回收都在内存中查找修改，只有一组分完或凑成一组时才启动<span class=""hit"">磁盘</span>读写，因此效率比普通链接方式高，能迅速找到大量空闲块地址，某些版本的UNIX<span class=""hit"">操作系统</span>采用此方案。</div><div class=""ansbox"">挖空答案：<b>成组链接法；磁盘；操作系统</b></div><div class=""pg"">教材页码：P202</div>"	文件系统 领会 文件存储空间管理 13180操作系统
"<div class=""top""><span class=""chip c1"">章节：文件系统</span><span class=""chip c2"">领会</span><span class=""chip c3"">实现文件系统的表目</span></div><h1>系统打开文件表</h1><div class=""q"">系统打开文件表专门用于保存已打开文件的<span class=""blank"">______</span>，通常放在<span class=""blank"">______</span>中。除保存已打开文件的文件控制块（或i节点）以外，该表格中还保存共享计数和修改标志信息。其中，由于允许多个进程同时打开同一个文件，共享计数可以标出进程打开同一个文件的数量；修改标志指示文件控制块或i节点的内容是否被修改过，如果修改过，则关闭文件时要将文件控制块写回<span class=""blank"">______</span>。</div>"	"<div class=""top""><span class=""chip c1"">章节：文件系统</span><span class=""chip c2"">领会</span><span class=""chip c3"">实现文件系统的表目</span></div><h1>系统打开文件表</h1><div class=""a"">系统打开文件表专门用于保存已打开文件的<span class=""hit"">文件控制块</span>，通常放在<span class=""hit"">内存</span>中。除保存已打开文件的<span class=""hit"">文件控制块</span>（或i节点）以外，该表格中还保存共享计数和修改标志信息。其中，由于允许多个进程同时打开同一个文件，共享计数可以标出进程打开同一个文件的数量；修改标志指示<span class=""hit"">文件控制块</span>或i节点的内容是否被修改过，如果修改过，则关闭文件时要将<span class=""hit"">文件控制块</span>写回<span class=""hit"">磁盘</span>。</div><div class=""ansbox"">挖空答案：<b>文件控制块；内存；磁盘</b></div><div class=""pg"">教材页码：P204</div>"	文件系统 领会 实现文件系统的表目 13180操作系统
"<div class=""top""><span class=""chip c1"">章节：文件系统</span><span class=""chip c2"">领会</span><span class=""chip c3"">实现文件系统的表目</span></div><h1>用户打开文件表</h1><div class=""q"">每个进程都有一个“<span class=""blank"">______</span>”。以UNIX为例，该表内容有文件描述符、打开方式、读写指针、<span class=""blank"">______</span>入口。另外，在进程的进程控制块中还记录了“<span class=""blank"">______</span>”的位置。系统打开文件表和用户打开文件表之间存在关系：用户打开文件表指向了系统打开文件表；如果多个进程共享同一个文件，则一定会有多个用户打开文件表的表目对应着系统打开文件表的同一入口。</div>"	"<div class=""top""><span class=""chip c1"">章节：文件系统</span><span class=""chip c2"">领会</span><span class=""chip c3"">实现文件系统的表目</span></div><h1>用户打开文件表</h1><div class=""a"">每个进程都有一个“<span class=""hit"">用户打开文件表</span>”。以UNIX为例，该表内容有文件描述符、打开方式、读写指针、<span class=""hit"">系统打开文件表</span>入口。另外，在进程的进程控制块中还记录了“<span class=""hit"">用户打开文件表</span>”的位置。<span class=""hit"">系统打开文件表</span>和<span class=""hit"">用户打开文件表</span>之间存在关系：<span class=""hit"">用户打开文件表</span>指向了<span class=""hit"">系统打开文件表</span>；如果多个进程共享同一个文件，则一定会有多个<span class=""hit"">用户打开文件表</span>的表目对应着<span class=""hit"">系统打开文件表</span>的同一入口。</div><div class=""ansbox"">挖空答案：<b>用户打开文件表；系统打开文件表；用户打开文件表</b></div><div class=""pg"">教材页码：P204</div>"	文件系统 领会 实现文件系统的表目 13180操作系统
"<div class=""top""><span class=""chip c1"">章节：文件系统</span><span class=""chip c2"">领会</span><span class=""chip c3"">文件及文件目录</span></div><h1>典型的文件操作</h1><div class=""q"">典型文件操作（系统调用）包括：(1)建立文件creat：提供文件名及用户名、存取方式、记录格式等参数，为新文件分配FCB并填写有关项、建立必要存储空间，实质是建立FCB并建立系统与文件的联系；步骤含检查参数合法性、检查重名、找目录空闲位置、填写目录项、返回。(2)打开文件open：使用文件前先打开，把FCB送到内存；根据路径名查目录找到FCB主部、检查访问合法性、查<span class=""blank"">______</span>（已打开则共享计数加1，否则填入空表项并置1）、在<span class=""blank"">______</span>取空表项，返回文件描述符fd。(3)读文件read：检查长度、查目录定位、检查读权限、计算<span class=""blank"">______</span>和读盘参数、读块至内存缓冲区、取出内容（可能需成组分解）送至内存目的地址。(4)写文件write：把内存指定单元数据作为记录写入文件并分配物理块。(5)关闭文件close：共享计数减1，为0则置“非活跃”标志，若FCB被修改过则写回外存。(6)删除文件delete：检查删除合法性，收回FCB及物理块等资源。(7)指针定位lseek：由fd查用户打开文件表，将读写指针设为新位置。</div>"	"<div class=""top""><span class=""chip c1"">章节：文件系统</span><span class=""chip c2"">领会</span><span class=""chip c3"">文件及文件目录</span></div><h1>典型的文件操作</h1><div class=""a"">典型文件操作（系统调用）包括：(1)建立文件creat：提供文件名及用户名、存取方式、记录格式等参数，为新文件分配FCB并填写有关项、建立必要存储空间，实质是建立FCB并建立系统与文件的联系；步骤含检查参数合法性、检查重名、找目录空闲位置、填写目录项、返回。(2)打开文件open：使用文件前先打开，把FCB送到内存；根据路径名查目录找到FCB主部、检查访问合法性、查<span class=""hit"">系统打开文件表</span>（已打开则共享计数加1，否则填入空表项并置1）、在<span class=""hit"">用户打开文件表</span>取空表项，返回文件描述符fd。(3)读文件read：检查长度、查目录定位、检查读权限、计算<span class=""hit"">物理块号</span>和读盘参数、读块至内存缓冲区、取出内容（可能需成组分解）送至内存目的地址。(4)写文件write：把内存指定单元数据作为记录写入文件并分配物理块。(5)关闭文件close：共享计数减1，为0则置“非活跃”标志，若FCB被修改过则写回外存。(6)删除文件delete：检查删除合法性，收回FCB及物理块等资源。(7)指针定位lseek：由fd查<span class=""hit"">用户打开文件表</span>，将读写指针设为新位置。</div><div class=""ansbox"">挖空答案：<b>系统打开文件表；用户打开文件表；物理块号</b></div><div class=""pg"">教材页码：P205</div>"	文件系统 领会 文件及文件目录 13180操作系统
"<div class=""top""><span class=""chip c1"">章节：文件系统</span><span class=""chip c2"">领会</span><span class=""chip c3"">文件及文件目录</span></div><h1>典型的目录操作</h1><div class=""q"">对目录的操作与文件类似，通常由<span class=""blank"">______</span>实现。以UNIX为例：mkdir/creat创建目录，新目录中除系统自动放入的“.”和“..”<span class=""blank"">______</span>外内容为空；delete删除目录，只有当目录为空（即只有“.”和“..”项，且这两项不能删除）时方可删除；opendir打开目录使内容可读取（读目录前必须先打开）；closedir关闭目录以释放内存；readdir返回打开目录的下一目录项，不论采用哪种目录结构总是返回目录项的标准格式；rename文件和目录都可换名；link链接技术允许在多个目录中出现同一文件，指定一个存在文件和一个路径名建立链接；unlink删除目录项，若被解除链的文件只出现在一个目录中则从<span class=""blank"">______</span>删除，若出现在多个目录中则只删指定路径名、保留其他路径名（UNIX中删除文件的系统调用实际就是unlink）。</div>"	"<div class=""top""><span class=""chip c1"">章节：文件系统</span><span class=""chip c2"">领会</span><span class=""chip c3"">文件及文件目录</span></div><h1>典型的目录操作</h1><div class=""a"">对目录的操作与文件类似，通常由<span class=""hit"">系统调用</span>实现。以UNIX为例：mkdir/creat创建目录，新目录中除系统自动放入的“.”和“..”<span class=""hit"">目录项</span>外内容为空；delete删除目录，只有当目录为空（即只有“.”和“..”项，且这两项不能删除）时方可删除；opendir打开目录使内容可读取（读目录前必须先打开）；closedir关闭目录以释放内存；readdir返回打开目录的下一<span class=""hit"">目录项</span>，不论采用哪种目录结构总是返回<span class=""hit"">目录项</span>的标准格式；rename文件和目录都可换名；link链接技术允许在多个目录中出现同一文件，指定一个存在文件和一个路径名建立链接；unlink删除<span class=""hit"">目录项</span>，若被解除链的文件只出现在一个目录中则从<span class=""hit"">文件系统</span>删除，若出现在多个目录中则只删指定路径名、保留其他路径名（UNIX中删除文件的<span class=""hit"">系统调用</span>实际就是unlink）。</div><div class=""ansbox"">挖空答案：<b>系统调用；目录项；文件系统</b></div><div class=""pg"">教材页码：P207</div>"	文件系统 领会 文件及文件目录 13180操作系统
"<div class=""top""><span class=""chip c1"">章节：文件系统</span><span class=""chip c2"">领会</span><span class=""chip c3"">磁盘高速缓存</span></div><h1>磁盘高速缓存</h1><div class=""q"">磁盘高速缓存的基本思想是：系统在内存中保存一些逻辑上属于磁盘的磁盘块，内存的这一区域称为块高速缓存。运行时系统检查所有读请求，检查所需<span class=""blank"">______</span>块是否在块高速缓存中：若在则直接在内存中读；否则先启动磁盘将所需块读到高速缓存中，再复制到其他内存区域；若高速缓存已满，则按一定算法淘汰较少使用的磁盘块让出空间。块高速缓存内容需定期写回磁盘以保存修改，若修改过的块写回前系统故障，<span class=""blank"">______</span>可能处于不一致状态（文件系统一致性问题，尤其i节点块、目录块、空闲表块）。缓存的一种应用是记录的成组与分解：把若干逻辑记录合成一组存放在一个物理块称记录的成组，每块逻辑记录个数称块因子，需用内存<span class=""blank"">______</span>区，提高了存储空间利用率并减少启动外部设备次数；从一组逻辑记录中分离出指定记录称记录的分解，定长记录按长度分解，不定长记录按长度控制信息定位分解。</div>"	"<div class=""top""><span class=""chip c1"">章节：文件系统</span><span class=""chip c2"">领会</span><span class=""chip c3"">磁盘高速缓存</span></div><h1>磁盘高速缓存</h1><div class=""a"">磁盘高速缓存的基本思想是：系统在内存中保存一些逻辑上属于磁盘的磁盘块，内存的这一区域称为块高速缓存。运行时系统检查所有读请求，检查所需<span class=""hit"">文件</span>块是否在块高速缓存中：若在则直接在内存中读；否则先启动磁盘将所需块读到高速缓存中，再复制到其他内存区域；若高速缓存已满，则按一定算法淘汰较少使用的磁盘块让出空间。块高速缓存内容需定期写回磁盘以保存修改，若修改过的块写回前系统故障，<span class=""hit"">文件系统</span>可能处于不一致状态（<span class=""hit"">文件系统</span>一致性问题，尤其i节点块、目录块、空闲表块）。缓存的一种应用是记录的成组与分解：把若干逻辑记录合成一组存放在一个物理块称记录的成组，每块逻辑记录个数称块因子，需用内存<span class=""hit"">缓冲</span>区，提高了存储空间利用率并减少启动外部设备次数；从一组逻辑记录中分离出指定记录称记录的分解，定长记录按长度分解，不定长记录按长度控制信息定位分解。</div><div class=""ansbox"">挖空答案：<b>文件；文件系统；缓冲</b></div><div class=""pg"">教材页码：P208</div>"	文件系统 领会 磁盘高速缓存 13180操作系统
"<div class=""top""><span class=""chip c1"">章节：文件系统</span><span class=""chip c2"">领会</span><span class=""chip c3"">磁盘高速缓存</span></div><h1>RAID技术</h1><div class=""q"">RAID是Redundant Arrays of Inexpensive Disks（廉价冗余<span class=""blank"">______</span>阵列）的缩写，后随成本降低改称Redundant Arrays of Independent Disks（独立磁盘冗余阵列）。磁盘速度慢、易出故障，RAID主要采用并行技术提升读写速度，采用镜像和数据校验方法提高可靠性和容错能力，并扩展磁盘容量。常见模式：RAID0是无校验的数据块条带化技术，数据分散并行存储在多磁盘，可<span class=""blank"">______</span>读写提高性能，但不提供冗余保护、数据损坏无法恢复；RAID1用磁盘镜像把数据完全一致地写到两块磁盘，100%冗余互为备份，磁盘利用率50%，安全简单但成本高、对提高性能无作用；RAID0+1先数据分块再镜像，结合两者优点、容错能力好；RAID2、RAID3分别以“位”和“<span class=""blank"">______</span>”为并行单位（RAID2用海明码校验，RAID3把校验码单独放一块盘）；RAID4以“块”为并行单位、保留单独校验盘，读性能好但写时校验盘成瓶颈；RAID5与RAID4类似但校验块以“块”为单位随机分布在不同磁盘、无专用校验盘，写操作可同时发生、无并发写瓶颈，扩展性好、最少3块盘即可使用，是应用最多的模式。</div>"	"<div class=""top""><span class=""chip c1"">章节：文件系统</span><span class=""chip c2"">领会</span><span class=""chip c3"">磁盘高速缓存</span></div><h1>RAID技术</h1><div class=""a"">RAID是Redundant Arrays of Inexpensive Disks（廉价冗余<span class=""hit"">磁盘</span>阵列）的缩写，后随成本降低改称Redundant Arrays of Independent Disks（独立<span class=""hit"">磁盘</span>冗余阵列）。<span class=""hit"">磁盘</span>速度慢、易出故障，RAID主要采用并行技术提升读写速度，采用镜像和数据校验方法提高可靠性和容错能力，并扩展<span class=""hit"">磁盘</span>容量。常见模式：RAID0是无校验的数据块条带化技术，数据分散并行存储在多<span class=""hit"">磁盘</span>，可<span class=""hit"">并发</span>读写提高性能，但不提供冗余保护、数据损坏无法恢复；RAID1用<span class=""hit"">磁盘</span>镜像把数据完全一致地写到两块<span class=""hit"">磁盘</span>，100%冗余互为备份，<span class=""hit"">磁盘</span>利用率50%，安全简单但成本高、对提高性能无作用；RAID0+1先数据分块再镜像，结合两者优点、容错能力好；RAID2、RAID3分别以“位”和“<span class=""hit"">字节</span>”为并行单位（RAID2用海明码校验，RAID3把校验码单独放一块盘）；RAID4以“块”为并行单位、保留单独校验盘，读性能好但写时校验盘成瓶颈；RAID5与RAID4类似但校验块以“块”为单位随机分布在不同<span class=""hit"">磁盘</span>、无专用校验盘，写操作可同时发生、无<span class=""hit"">并发</span>写瓶颈，扩展性好、最少3块盘即可使用，是应用最多的模式。</div><div class=""ansbox"">挖空答案：<b>磁盘；并发；字节</b></div><div class=""pg"">教材页码：P210</div>"	文件系统 领会 磁盘高速缓存 13180操作系统
"<div class=""top""><span class=""chip c1"">章节：文件系统</span><span class=""chip c2"">领会</span><span class=""chip c3"">文件共享、保护</span></div><h1>文件共享</h1><div class=""q"">文件共享指一个文件可以允许多个用户共同使用。共享不仅是完成共同任务所必需，还带来许多好处：节省文件占用的存储空间、免除系统复制文件的工作、减少用户大量重复性劳动、减少实际输入输出文件次数，还可利用文件共享实现进程间相互通信。从共享时间段看有两种情况：(1)文件可以同时使用——允许多个用户同时使用同一共享文件，但系统必须实施同步控制，一般允许多个用户同时打开共享文件执行读操作，不允许读者与写者同时使用，也不允许多个写者同时操作，以确保文件信息完整性；(2)文件不允许同时使用——任一时刻只允许一个用户使用共享文件，待其使用结束并关闭后才允许另一用户打开。在共享形式上有三种：文件被多个用户使用由存取权限控制；文件被多个<span class=""blank"">______</span>使用但分别用自己的读写指针；文件被多个程序使用但共享读写指针。在<span class=""blank"">______</span>结构中，连接法是常用的实现文件共享技术：一种是允许<span class=""blank"">______</span>连接到表示目录的结点上（可共享整个目录及子目录，但易造成环路混乱），另一种是只允许连接到表示普通文件的结点上（一个文件可有多个别名，较可靠易管理），UNIX基本上采用第二种连接方式。</div>"	"<div class=""top""><span class=""chip c1"">章节：文件系统</span><span class=""chip c2"">领会</span><span class=""chip c3"">文件共享、保护</span></div><h1>文件共享</h1><div class=""a"">文件共享指一个文件可以允许多个用户共同使用。共享不仅是完成共同任务所必需，还带来许多好处：节省文件占用的存储空间、免除系统复制文件的工作、减少用户大量重复性劳动、减少实际输入输出文件次数，还可利用文件共享实现进程间相互通信。从共享时间段看有两种情况：(1)文件可以同时使用——允许多个用户同时使用同一共享文件，但系统必须实施同步控制，一般允许多个用户同时打开共享文件执行读操作，不允许读者与写者同时使用，也不允许多个写者同时操作，以确保文件信息完整性；(2)文件不允许同时使用——任一时刻只允许一个用户使用共享文件，待其使用结束并关闭后才允许另一用户打开。在共享形式上有三种：文件被多个用户使用由存取权限控制；文件被多个<span class=""hit"">程序</span>使用但分别用自己的读写指针；文件被多个<span class=""hit"">程序</span>使用但共享读写指针。在<span class=""hit"">多级目录</span>结构中，连接法是常用的实现文件共享技术：一种是允许<span class=""hit"">目录项</span>连接到表示目录的结点上（可共享整个目录及子目录，但易造成环路混乱），另一种是只允许连接到表示普通文件的结点上（一个文件可有多个别名，较可靠易管理），UNIX基本上采用第二种连接方式。</div><div class=""ansbox"">挖空答案：<b>程序；多级目录；目录项</b></div><div class=""pg"">教材页码：P212</div>"	文件系统 领会 文件共享、保护 13180操作系统
"<div class=""top""><span class=""chip c1"">章节：文件系统</span><span class=""chip c2"">领会</span><span class=""chip c3"">文件共享、保护</span></div><h1>文件存取控制</h1><div class=""q"">计算机系统中的文件较“脆弱”，可能因灾祸（火灾、地震等）、硬件或软件故障（CPU错误、磁盘磁带损坏等）、人为出错（错误输入、安装错误、运行出错等）而被破坏、受损或丢失。<span class=""blank"">______</span>必须有防止硬软件各种意外破坏文件的能力，常采用：(1)建立副本：把同一文件保存到多个存储介质上（同类或不同类型），某介质损坏时用备用副本替换，方法简单但设备费用和系统开销增大，文件修改时须改动所有副本，一般用于短小且极为重要的文件。(2)定时转储：每隔一定时间把文件转储到其他存储介质上，文件发生故障时用转储文件复原，把文件恢复到转储时刻状态，仅丢失自上次转储以来新修改或增加的信息（UNIX系统采用定时转储方法）。(3)规定文件的存取权限：一是采用<span class=""blank"">______</span>结构，凡得到某级目录的用户就可按规定权限使用该目录下的目录和文件；二是<span class=""blank"">______</span>表，列出每个用户对每个文件或子目录的存取权限。验证存取操作步骤为：审定用户存取权限；比较本次存取要求与权限是否一致；将存取要求和被访问文件的存取控制表比较看是否冲突，无冲突则允许访问、有冲突则处理冲突。</div>"	"<div class=""top""><span class=""chip c1"">章节：文件系统</span><span class=""chip c2"">领会</span><span class=""chip c3"">文件共享、保护</span></div><h1>文件存取控制</h1><div class=""a"">计算机系统中的文件较“脆弱”，可能因灾祸（火灾、地震等）、硬件或软件故障（CPU错误、磁盘磁带损坏等）、人为出错（错误输入、安装错误、运行出错等）而被破坏、受损或丢失。<span class=""hit"">文件系统</span>必须有防止硬软件各种意外破坏文件的能力，常采用：(1)建立副本：把同一文件保存到多个存储介质上（同类或不同类型），某介质损坏时用备用副本替换，方法简单但设备费用和系统开销增大，文件修改时须改动所有副本，一般用于短小且极为重要的文件。(2)定时转储：每隔一定时间把文件转储到其他存储介质上，文件发生故障时用转储文件复原，把文件恢复到转储时刻状态，仅丢失自上次转储以来新修改或增加的信息（UNIX系统采用定时转储方法）。(3)规定文件的存取权限：一是采用<span class=""hit"">树形目录</span>结构，凡得到某级目录的用户就可按规定权限使用该目录下的目录和文件；二是<span class=""hit"">存取控制</span>表，列出每个用户对每个文件或子目录的存取权限。验证存取操作步骤为：审定用户存取权限；比较本次存取要求与权限是否一致；将存取要求和被访问文件的<span class=""hit"">存取控制</span>表比较看是否冲突，无冲突则允许访问、有冲突则处理冲突。</div><div class=""ansbox"">挖空答案：<b>文件系统；树形目录；存取控制</b></div><div class=""pg"">教材页码：P213</div>"	文件系统 领会 文件共享、保护 13180操作系统
"<div class=""top""><span class=""chip c1"">章节：文件系统</span><span class=""chip c2"">领会</span><span class=""chip c3"">文件共享、保护</span></div><h1>UNPC的文件使用权限管理方案</h1><div class=""q"">对文件设置存取权限是常用的<span class=""blank"">______</span>方法，通用方法有存取控制矩阵和二级存取控制，UNIX采用两级分类权限方案。存取控制矩阵：用一个二维矩阵实施存取控制，一维代表所有用户、另一维代表所有文件，交叉点元素是某用户对某文件的存取权限（读R、写W、执行E），配套存取控制验证模块，存取要求与矩阵不匹配则拒绝；概念简单易实现，但文件和用户多时矩阵庞大、占内存多、扫描时间开销大。二级存取控制：设两个级别，第一级把用户按关系划分为若干用户组进行访问者识别，第二级进行操作权限识别，所有用户组对文件权限的集合形成对该文件的存取控制。UNIX文件权限管理：第一级对访问者分类为文件属主owner、属主同组用户group、其他用户other；第二级对操作权限分为读read(r)、写write(w)、执行execute(x)、不能执行任何操作(-)；三组各三种权限共9个权限参数。用ls -l显示，第一列首位表文件类别（d目录、c<span class=""blank"">______</span>、b块设备、l<span class=""blank"">______</span>），后9位分三组依次表示属主、同组、其他用户的读/写/执行权限，无权限处为“-”。内部用二进制位表示，置权限对应位为1，常用八进制形式表示（如-rwxr-xr-x即111101101八进制为755）。对目录，读权限=列出文件内容、写权限=增删文件和改名、执行权限=可用cd进入。文件属主和管理员用chmod命令设置或改变文件权限。</div>"	"<div class=""top""><span class=""chip c1"">章节：文件系统</span><span class=""chip c2"">领会</span><span class=""chip c3"">文件共享、保护</span></div><h1>UNPC的文件使用权限管理方案</h1><div class=""a"">对文件设置存取权限是常用的<span class=""hit"">文件保护</span>方法，通用方法有存取控制矩阵和二级存取控制，UNIX采用两级分类权限方案。存取控制矩阵：用一个二维矩阵实施存取控制，一维代表所有用户、另一维代表所有文件，交叉点元素是某用户对某文件的存取权限（读R、写W、执行E），配套存取控制验证模块，存取要求与矩阵不匹配则拒绝；概念简单易实现，但文件和用户多时矩阵庞大、占内存多、扫描时间开销大。二级存取控制：设两个级别，第一级把用户按关系划分为若干用户组进行访问者识别，第二级进行操作权限识别，所有用户组对文件权限的集合形成对该文件的存取控制。UNIX文件权限管理：第一级对访问者分类为文件属主owner、属主同组用户group、其他用户other；第二级对操作权限分为读read(r)、写write(w)、执行execute(x)、不能执行任何操作(-)；三组各三种权限共9个权限参数。用ls -l显示，第一列首位表文件类别（d目录、c<span class=""hit"">字符设备</span>、b块设备、l<span class=""hit"">符号链接</span>），后9位分三组依次表示属主、同组、其他用户的读/写/执行权限，无权限处为“-”。内部用二进制位表示，置权限对应位为1，常用八进制形式表示（如-rwxr-xr-x即111101101八进制为755）。对目录，读权限=列出文件内容、写权限=增删文件和改名、执行权限=可用cd进入。文件属主和管理员用chmod命令设置或改变文件权限。</div><div class=""ansbox"">挖空答案：<b>文件保护；字符设备；符号链接</b></div><div class=""pg"">教材页码：P214</div>"	文件系统 领会 文件共享、保护 13180操作系统
"<div class=""top""><span class=""chip c1"">章节：设备管理</span><span class=""chip c2"">识记</span><span class=""chip c3"">设备管理的基本概念</span></div><h1>设备管理的任务</h1><div class=""q"">设备管理的任务主要表现在以下三个方面： 1）<span class=""blank"">______</span>的性能经常成为制约系统性能的瓶颈。CPU性能越高，输入输出设备性能与CPU性能不匹配的反差越大。如何解决这一矛盾，是设备管理的一项重要任务，操作系统主要通过<span class=""blank"">______</span>、中断技术和虚拟技术来解决这一问题。 2）输入输出设备千变万化，怎样对它们实现统一的管理，从而方便用户使用设备是设备管理的另一项重要任务。为此，操作系统需要在设备管理和系统的其他部分之间提供简单易用的访问接口，这个接口对于所有设备都应该是相同的，这就是所谓的<span class=""blank"">______</span>。 3）用户对输入输出设备的使用必须是安全的。对于设备的使用者而言，由设备传送或管理的数据应该是安全的，不应破坏或泄露；对于设备的拥有者而言，多用户多任务环境中的设备使用应该通过协调而避免冲突，数据不能被破坏。因此，如何保证安全、正确地使用设备，也是设备管理的重要任务。 总之，输入输出设备是操作系统所管理的四大类资源之一。</div>"	"<div class=""top""><span class=""chip c1"">章节：设备管理</span><span class=""chip c2"">识记</span><span class=""chip c3"">设备管理的基本概念</span></div><h1>设备管理的任务</h1><div class=""a"">设备管理的任务主要表现在以下三个方面： 1）<span class=""hit"">输入输出设备</span>的性能经常成为制约系统性能的瓶颈。CPU性能越高，<span class=""hit"">输入输出设备</span>性能与CPU性能不匹配的反差越大。如何解决这一矛盾，是设备管理的一项重要任务，操作系统主要通过<span class=""hit"">缓冲技术</span>、中断技术和虚拟技术来解决这一问题。 2）<span class=""hit"">输入输出设备</span>千变万化，怎样对它们实现统一的管理，从而方便用户使用设备是设备管理的另一项重要任务。为此，操作系统需要在设备管理和系统的其他部分之间提供简单易用的访问接口，这个接口对于所有设备都应该是相同的，这就是所谓的<span class=""hit"">设备独立性</span>。 3）用户对<span class=""hit"">输入输出设备</span>的使用必须是安全的。对于设备的使用者而言，由设备传送或管理的数据应该是安全的，不应破坏或泄露；对于设备的拥有者而言，多用户多任务环境中的设备使用应该通过协调而避免冲突，数据不能被破坏。因此，如何保证安全、正确地使用设备，也是设备管理的重要任务。 总之，<span class=""hit"">输入输出设备</span>是操作系统所管理的四大类资源之一。</div><div class=""ansbox"">挖空答案：<b>输入输出设备；缓冲技术；设备独立性</b></div><div class=""pg"">教材页码：P223</div>"	设备管理 识记 设备管理的基本概念 13180操作系统
"<div class=""top""><span class=""chip c1"">章节：设备管理</span><span class=""chip c2"">识记</span><span class=""chip c3"">设备管理的基本概念</span></div><h1>输入输出设备的分类</h1><div class=""q""><span class=""blank"">______</span>种类繁多，可从不同角度分类： 1. 按设备的使用特性分类：可分为输入设备、输出设备、交互式设备、存储设备等。输入设备用以“感受”外部信息（键盘、鼠标、传感器、扫描仪等）；输出设备用以产生人可感知的信息或控制外部装置（打印机、显示器等）；交互式设备至少包含输入和输出设备，也称交互终端；存储设备用来保存信息，其记录介质须具备可写入性、可读出性、可保存性。 2. 按设备的信息组织方式分类：分为<span class=""blank"">______</span>和块设备。字符设备以字符为单位组织和处理信息（键盘、终端、打印机、鼠标），传递一连串字符，不寻址、没有查找操作；块设备以信息块为单位组织和处理信息（磁盘、磁鼓、磁带、光盘），能随时读写任意存储块。还有混合设备（普通显卡、网络接口卡），既可按字符方式又可按块方式处理信息。 3. 按设备使用时可共享性分类：分为独占设备、<span class=""blank"">______</span>和虚拟设备。独占设备在任一给定时刻只能让一个进程使用（打印机、磁带驱动器），只能顺序共享；共享设备能同时让许多程序使用（磁盘）；虚拟设备是在一类设备上模拟另一类设备，通常用共享设备模拟独占设备、用高速设备模拟低速设备，目的是提高设备利用率。</div>"	"<div class=""top""><span class=""chip c1"">章节：设备管理</span><span class=""chip c2"">识记</span><span class=""chip c3"">设备管理的基本概念</span></div><h1>输入输出设备的分类</h1><div class=""a""><span class=""hit"">输入输出设备</span>种类繁多，可从不同角度分类： 1. 按设备的使用特性分类：可分为输入设备、输出设备、交互式设备、存储设备等。输入设备用以“感受”外部信息（键盘、鼠标、传感器、扫描仪等）；输出设备用以产生人可感知的信息或控制外部装置（打印机、显示器等）；交互式设备至少包含输入和输出设备，也称交互终端；存储设备用来保存信息，其记录介质须具备可写入性、可读出性、可保存性。 2. 按设备的信息组织方式分类：分为<span class=""hit"">字符设备</span>和块设备。<span class=""hit"">字符设备</span>以字符为单位组织和处理信息（键盘、终端、打印机、鼠标），传递一连串字符，不寻址、没有查找操作；块设备以信息块为单位组织和处理信息（磁盘、磁鼓、磁带、光盘），能随时读写任意存储块。还有混合设备（普通显卡、网络接口卡），既可按字符方式又可按块方式处理信息。 3. 按设备使用时可共享性分类：分为独占设备、<span class=""hit"">共享设备</span>和虚拟设备。独占设备在任一给定时刻只能让一个进程使用（打印机、磁带驱动器），只能顺序共享；<span class=""hit"">共享设备</span>能同时让许多程序使用（磁盘）；虚拟设备是在一类设备上模拟另一类设备，通常用<span class=""hit"">共享设备</span>模拟独占设备、用高速设备模拟低速设备，目的是提高设备利用率。</div><div class=""ansbox"">挖空答案：<b>输入输出设备；字符设备；共享设备</b></div><div class=""pg"">教材页码：P223</div>"	设备管理 识记 设备管理的基本概念 13180操作系统
"<div class=""top""><span class=""chip c1"">章节：设备管理</span><span class=""chip c2"">识记</span><span class=""chip c3"">设备管理的基本概念</span></div><h1>设备管理与文件管理的关系</h1><div class=""q""><span class=""blank"">______</span>是对计算机系统中所有<span class=""blank"">______</span>的管理，也是对资源的管理，它更多地是为用户提供标准的接口来使用这些设备。文件管理针对的是这些设备里面存储的数据与信息，它提供了一整套对数据信息资源的管理规则，并以文件及其配套的概念来具体实施。文件管理与设备管理之间明确分工、接口清晰，将物理的设备资源抽象为逻辑的文件资源，使得用户可以用统一、透明的方式访问<span class=""blank"">______</span>和设备上的数据与信息，不必关心两者之间的对应关系。例如在图书馆里，对图书架和柜子的使用都是设备管理，对图书的摆放以及查找索引规则都是文件管理。在UNIX系统中，为了便于管理，将所有设备都当作文件对象来管理，通过目录以及系统调用，可以对设备进行读、写和使用，对应文件的读、写和运行，从而为用户提供简单易用的接口平台。</div>"	"<div class=""top""><span class=""chip c1"">章节：设备管理</span><span class=""chip c2"">识记</span><span class=""chip c3"">设备管理的基本概念</span></div><h1>设备管理与文件管理的关系</h1><div class=""a""><span class=""hit"">设备管理</span>是对计算机系统中所有<span class=""hit"">输入输出设备</span>的管理，也是对资源的管理，它更多地是为用户提供标准的接口来使用这些设备。文件管理针对的是这些设备里面存储的数据与信息，它提供了一整套对数据信息资源的管理规则，并以文件及其配套的概念来具体实施。文件管理与<span class=""hit"">设备管理</span>之间明确分工、接口清晰，将物理的设备资源抽象为逻辑的文件资源，使得用户可以用统一、透明的方式访问<span class=""hit"">物理设备</span>和设备上的数据与信息，不必关心两者之间的对应关系。例如在图书馆里，对图书架和柜子的使用都是<span class=""hit"">设备管理</span>，对图书的摆放以及查找索引规则都是文件管理。在UNIX系统中，为了便于管理，将所有设备都当作文件对象来管理，通过目录以及系统调用，可以对设备进行读、写和使用，对应文件的读、写和运行，从而为用户提供简单易用的接口平台。</div><div class=""ansbox"">挖空答案：<b>设备管理；输入输出设备；物理设备</b></div><div class=""pg"">教材页码：P225</div>"	设备管理 识记 设备管理的基本概念 13180操作系统
"<div class=""top""><span class=""chip c1"">章节：设备管理</span><span class=""chip c2"">领会</span><span class=""chip c3"">设备硬件和设备管理软件的组成</span></div><h1>设备硬件的组成</h1><div class=""q"">从硬件的角度来看，设备由<span class=""blank"">______</span>和电子部件两部分组成。物理设备是达成设备功能的物质基础，对操作系统而言更注重的是其电子部件的控制方式。一个典型计算机系统的硬件结构：中心部分是CPU和主存，通过总线与第二层的接口部件（适配器）相连，第三层是各种外部<span class=""blank"">______</span>，最外层是外部设备。每种外部设备在自己的设备控制器控制下工作，设备控制器通过适配器和主机连接。每个设备控制器都有若干个寄存器用来与CPU通信，包括控制寄存器、状态寄存器和数据寄存器：写入控制寄存器可控制设备发送/接收数据、开启或关闭；读取状态寄存器可获悉设备状态；数据寄存器通常作为操作系统发出或接收数据的缓冲区。为使CPU能访问这些寄存器，必须为每个寄存器分配唯一地址，称为I/O端口地址，主要有两种编址方式：内存映射编址（端口地址与内存<span class=""blank"">______</span>统一编址，对I/O的读写等同于对存储器操作）和I/O独立编址（端口地址空间与内存空间完全独立，需专门的I/O指令操作）。操作系统并不直接与设备打交道，而是通过对设备控制器中的寄存器读写来与设备交换数据。</div>"	"<div class=""top""><span class=""chip c1"">章节：设备管理</span><span class=""chip c2"">领会</span><span class=""chip c3"">设备硬件和设备管理软件的组成</span></div><h1>设备硬件的组成</h1><div class=""a"">从硬件的角度来看，设备由<span class=""hit"">物理设备</span>和电子部件两部分组成。<span class=""hit"">物理设备</span>是达成设备功能的物质基础，对操作系统而言更注重的是其电子部件的控制方式。一个典型计算机系统的硬件结构：中心部分是CPU和主存，通过总线与第二层的接口部件（适配器）相连，第三层是各种外部<span class=""hit"">设备控制器</span>，最外层是外部设备。每种外部设备在自己的<span class=""hit"">设备控制器</span>控制下工作，<span class=""hit"">设备控制器</span>通过适配器和主机连接。每个<span class=""hit"">设备控制器</span>都有若干个寄存器用来与CPU通信，包括控制寄存器、状态寄存器和数据寄存器：写入控制寄存器可控制设备发送/接收数据、开启或关闭；读取状态寄存器可获悉设备状态；数据寄存器通常作为操作系统发出或接收数据的缓冲区。为使CPU能访问这些寄存器，必须为每个寄存器分配唯一地址，称为I/O端口地址，主要有两种编址方式：内存映射编址（端口地址与内存<span class=""hit"">地址空间</span>统一编址，对I/O的读写等同于对存储器操作）和I/O独立编址（端口<span class=""hit"">地址空间</span>与内存空间完全独立，需专门的I/O指令操作）。操作系统并不直接与设备打交道，而是通过对<span class=""hit"">设备控制器</span>中的寄存器读写来与设备交换数据。</div><div class=""ansbox"">挖空答案：<b>物理设备；设备控制器；地址空间</b></div><div class=""pg"">教材页码：P226</div>"	设备管理 领会 设备硬件和设备管理软件的组成 13180操作系统
"<div class=""top""><span class=""chip c1"">章节：设备管理</span><span class=""chip c2"">领会</span><span class=""chip c3"">设备硬件和设备管理软件的组成</span></div><h1>设备管理软件的组成</h1><div class=""q"">设备管理软件（I/O软件）的基本设计思想是把软件组织成一系列层次：较低的层处理与硬件有关的细节，并将硬件特征与较高的层隔离；较高的层向用户提供友好、清晰而规整的程序接口。一般I/O软件结构分为四层： 1）中断处理层：负责控制<span class=""blank"">______</span>和内存与CPU之间的数据传送。无论采用程序中断、通道还是DMA方式，设备I/O处理结束后都要向处理器发中断信号，中断处理程序响应这些中断信号并做出相应处理。 2）设备驱动层：其突出特点是与I/O设备的硬件结构密切联系，各<span class=""blank"">______</span>是操作系统底层中唯一知道各种I/O<span class=""blank"">______</span>细节及其用途的部分（如磁盘驱动程序知道扇区、磁道、磁头、磁臂移动、定位时间等全部参数）。从代码量看，设备驱动层是I/O软件的主要部分。 3）设备独立层：起承上启下作用，一方面屏蔽种类繁多的设备驱动方法，对用户呈现标准调用接口；另一方面将用户使用设备的需求简化。从功能上看它是I/O软件的主要部分，必须由编写操作系统的程序员编写，是操作系统不可缺少的部分。 4）用户层：部分与库函数连接在一起，甚至有在内核之外运行的程序，如C语言的printf()构造缓冲区后调用write系统调用，scanf()调用read系统调用。</div>"	"<div class=""top""><span class=""chip c1"">章节：设备管理</span><span class=""chip c2"">领会</span><span class=""chip c3"">设备硬件和设备管理软件的组成</span></div><h1>设备管理软件的组成</h1><div class=""a"">设备管理软件（I/O软件）的基本设计思想是把软件组织成一系列层次：较低的层处理与硬件有关的细节，并将硬件特征与较高的层隔离；较高的层向用户提供友好、清晰而规整的程序接口。一般I/O软件结构分为四层： 1）中断处理层：负责控制<span class=""hit"">输入输出设备</span>和内存与CPU之间的数据传送。无论采用程序中断、通道还是DMA方式，设备I/O处理结束后都要向处理器发中断信号，中断处理程序响应这些中断信号并做出相应处理。 2）设备驱动层：其突出特点是与I/O设备的硬件结构密切联系，各<span class=""hit"">设备驱动程序</span>是操作系统底层中唯一知道各种I/O<span class=""hit"">设备控制器</span>细节及其用途的部分（如磁盘驱动程序知道扇区、磁道、磁头、磁臂移动、定位时间等全部参数）。从代码量看，设备驱动层是I/O软件的主要部分。 3）设备独立层：起承上启下作用，一方面屏蔽种类繁多的设备驱动方法，对用户呈现标准调用接口；另一方面将用户使用设备的需求简化。从功能上看它是I/O软件的主要部分，必须由编写操作系统的程序员编写，是操作系统不可缺少的部分。 4）用户层：部分与库函数连接在一起，甚至有在内核之外运行的程序，如C语言的printf()构造缓冲区后调用write系统调用，scanf()调用read系统调用。</div><div class=""ansbox"">挖空答案：<b>输入输出设备；设备驱动程序；设备控制器</b></div><div class=""pg"">教材页码：P227</div>"	设备管理 领会 设备硬件和设备管理软件的组成 13180操作系统
"<div class=""top""><span class=""chip c1"">章节：设备管理</span><span class=""chip c2"">领会</span><span class=""chip c3"">设备硬件和设备管理软件的组成</span></div><h1>设备独立性</h1><div class=""q"">设计I/O软件的一个最关键目标是设备独立性（<span class=""blank"">______</span>），也就是说，除了直接与设备硬件打交道的低层软件以外，其他部分的软件并不依赖于硬件。I/O软件独立于设备，就可以提高设备管理软件的设计效率，当<span class=""blank"">______</span>更新时，没有必要重新编写全部I/O软件。在实际应用中，只要安装了相对应的设备驱动程序，就可以很方便地安装新的输入输出设备，甚至不必重新编译操作系统就能将设备驱动程序移到他处执行。至于设备驱动程序与设备独立软件之间的界限如何划分，随操作系统不同而变化。设备独立层软件实现的功能包括：①设备命名（借用文件系统路径名命名设备，主设备号找驱动程序、次设备号确定具体设备）；②设备保护（防止无授权的应用或用户非法使用，如UNIX借用rwx位保护）；③提供与设备无关的逻辑块（屏蔽各设备空间大小、速度、速率差异，向上层提供统一大小的逻辑块）；④缓冲；⑤存储设备的块分配；⑥<span class=""blank"">______</span>和释放；⑦错误处理。</div>"	"<div class=""top""><span class=""chip c1"">章节：设备管理</span><span class=""chip c2"">领会</span><span class=""chip c3"">设备硬件和设备管理软件的组成</span></div><h1>设备独立性</h1><div class=""a"">设计I/O软件的一个最关键目标是设备独立性（<span class=""hit"">Device independence</span>），也就是说，除了直接与设备硬件打交道的低层软件以外，其他部分的软件并不依赖于硬件。I/O软件独立于设备，就可以提高设备管理软件的设计效率，当<span class=""hit"">输入输出设备</span>更新时，没有必要重新编写全部I/O软件。在实际应用中，只要安装了相对应的设备驱动程序，就可以很方便地安装新的<span class=""hit"">输入输出设备</span>，甚至不必重新编译操作系统就能将设备驱动程序移到他处执行。至于设备驱动程序与设备独立软件之间的界限如何划分，随操作系统不同而变化。设备独立层软件实现的功能包括：①设备命名（借用文件系统路径名命名设备，主设备号找驱动程序、次设备号确定具体设备）；②设备保护（防止无授权的应用或用户非法使用，如UNIX借用rwx位保护）；③提供与设备无关的逻辑块（屏蔽各设备空间大小、速度、速率差异，向上层提供统一大小的逻辑块）；④缓冲；⑤存储设备的块分配；⑥<span class=""hit"">独占设备的分配</span>和释放；⑦错误处理。</div><div class=""ansbox"">挖空答案：<b>Device independence；输入输出设备；独占设备的分配</b></div><div class=""pg"">教材页码：P228</div>"	设备管理 领会 设备硬件和设备管理软件的组成 13180操作系统
"<div class=""top""><span class=""chip c1"">章节：设备管理</span><span class=""chip c2"">领会</span><span class=""chip c3"">设备的控制方式</span></div><h1>程序控制方式</h1><div class=""q"">程序直接控制方式也称为PIO（Programmed I/O，程控I/O）方式，是指由用户进程直接控制<span class=""blank"">______</span>进行内存和外部设备之间信息传送的方式，也称为“<span class=""blank"">______</span>”方式、轮询方式或循环测试方式，这种方式的控制者是用户进程。当用户进程需要从外部设备输入数据时，它通过CPU发出设备准备数据的启动命令（把启动位为1的控制字写入设备控制<span class=""blank"">______</span>），然后用户进程进入测试等待状态；等待时CPU不断用一条测试指令检查设备状态寄存器是否为完成状态，当CPU检测到完成状态时，则从设备数据缓冲寄存器读取数据到内存或CPU。输出数据时同样需发出启动命令并等待设备准备好后才能输出。优点：CPU和外设的操作能通过状态信息得到同步，且硬件结构比较简单；缺点：CPU效率较低，传输完全在CPU控制下完成，对外部出现的异常事件无实时响应能力。该方式只适用于CPU执行速度较慢、外部设备较少的系统，如单片机系统。</div>"	"<div class=""top""><span class=""chip c1"">章节：设备管理</span><span class=""chip c2"">领会</span><span class=""chip c3"">设备的控制方式</span></div><h1>程序控制方式</h1><div class=""a"">程序直接控制方式也称为PIO（Programmed I/O，程控I/O）方式，是指由用户进程直接控制<span class=""hit"">处理器</span>进行内存和外部设备之间信息传送的方式，也称为“<span class=""hit"">忙-等</span>”方式、轮询方式或循环测试方式，这种方式的控制者是用户进程。当用户进程需要从外部设备输入数据时，它通过CPU发出设备准备数据的启动命令（把启动位为1的控制字写入设备控制<span class=""hit"">寄存器</span>），然后用户进程进入测试等待状态；等待时CPU不断用一条测试指令检查设备状态<span class=""hit"">寄存器</span>是否为完成状态，当CPU检测到完成状态时，则从设备数据缓冲<span class=""hit"">寄存器</span>读取数据到内存或CPU。输出数据时同样需发出启动命令并等待设备准备好后才能输出。优点：CPU和外设的操作能通过状态信息得到同步，且硬件结构比较简单；缺点：CPU效率较低，传输完全在CPU控制下完成，对外部出现的异常事件无实时响应能力。该方式只适用于CPU执行速度较慢、外部设备较少的系统，如单片机系统。</div><div class=""ansbox"">挖空答案：<b>处理器；忙-等；寄存器</b></div><div class=""pg"">教材页码：P230</div>"	设备管理 领会 设备的控制方式 13180操作系统
"<div class=""top""><span class=""chip c1"">章节：设备管理</span><span class=""chip c2"">领会</span><span class=""chip c3"">设备的控制方式</span></div><h1>中断控制方式</h1><div class=""q"">中断是一种在发生了一个异常事件时，调用相应处理程序（中断服务程序）进行服务的过程。中断源一旦需要CPU为其服务就向CPU发请求，CPU一般在当前指令执行完且状态为允许中断时响应，由硬件自动关中断、保留断点、转到中断服务程序入口处，执行完中断服务程序后由中断返回指令返回断点。采用中断控制方式可做到：①CPU与外设在大部分时间内并行工作，CPU启动外设后不必查询状态，可继续执行主程序，外设准备好后主动申请中断；②具有实时响应能力，可适用于实时控制场合，外部中断源始终处于主动地位；③及时处理异常情况，提高计算机可靠性。处理过程：①在CPU上运行的进程发出命令请求启动外设，当前进程阻塞，调度程序调度其他进程；②外设数据准备好，置位中断请求触发器；③若<span class=""blank"">______</span>触发器为非屏蔽状态，I/O接口向CPU发中断请求；④CPU接受中断请求且为允许中断状态，中断判优电路工作；⑤中断判优电路对优先级最高的中断请求给予响应，CPU中断正在执行的其他进程，转而执行中断服务程序。采用该方式需CPU和<span class=""blank"">______</span>都具备中断机构（中断请求<span class=""blank"">______</span>、栈、中断判优电路、中断请求触发器、中断屏蔽触发器等）。</div>"	"<div class=""top""><span class=""chip c1"">章节：设备管理</span><span class=""chip c2"">领会</span><span class=""chip c3"">设备的控制方式</span></div><h1>中断控制方式</h1><div class=""a"">中断是一种在发生了一个异常事件时，调用相应处理程序（中断服务程序）进行服务的过程。中断源一旦需要CPU为其服务就向CPU发请求，CPU一般在当前指令执行完且状态为允许中断时响应，由硬件自动关中断、保留断点、转到中断服务程序入口处，执行完中断服务程序后由中断返回指令返回断点。采用中断控制方式可做到：①CPU与外设在大部分时间内并行工作，CPU启动外设后不必查询状态，可继续执行主程序，外设准备好后主动申请中断；②具有实时响应能力，可适用于实时控制场合，外部中断源始终处于主动地位；③及时处理异常情况，提高计算机可靠性。处理过程：①在CPU上运行的进程发出命令请求启动外设，当前进程阻塞，调度程序调度其他进程；②外设数据准备好，置位中断请求触发器；③若<span class=""hit"">中断屏蔽</span>触发器为非屏蔽状态，I/O接口向CPU发中断请求；④CPU接受中断请求且为允许中断状态，中断判优电路工作；⑤中断判优电路对优先级最高的中断请求给予响应，CPU中断正在执行的其他进程，转而执行中断服务程序。采用该方式需CPU和<span class=""hit"">设备控制器</span>都具备中断机构（中断请求<span class=""hit"">寄存器</span>、栈、中断判优电路、中断请求触发器、<span class=""hit"">中断屏蔽</span>触发器等）。</div><div class=""ansbox"">挖空答案：<b>中断屏蔽；设备控制器；寄存器</b></div><div class=""pg"">教材页码：P231</div>"	设备管理 领会 设备的控制方式 13180操作系统
"<div class=""top""><span class=""chip c1"">章节：设备管理</span><span class=""chip c2"">领会</span><span class=""chip c3"">设备的控制方式</span></div><h1>DMA控制方式</h1><div class=""q""><span class=""blank"">______</span>是一种完全由硬件执行I/O数据交换的工作方式。在这种方式中，DMA控制器（DMAController, DMAC）从CPU完全接管对总线的控制，数据交换不经过CPU，而直接在内存和外部设备之间进行。由DMA控制器占用系统总线并向内存发送地址和控制信号，对传送信息个数计数，并以<span class=""blank"">______</span>向CPU报告传送操作结束。数据块传送过程分三个阶段： 1）传送前预处理：由CPU执行I/O指令，对DMAC进行初始化与启动； 2）数据传送：由DMAC控制总线进行数据传送。当外设数据准备好后发出DMA请求，CPU当前机器周期结束时响应，DMAC从CPU接管总线控制权，完成内存寻址、确定源和目的地址、传送数据并对传送量计数； 3）传送后处理：传送结束DMAC向CPU发中断请求，CPU响应转入中断服务程序，完成校验数据、决定是否结束传送等结束处理工作。 DMA控制方式一般用于高速传送成组数据。优点：操作均由硬件电路实现，传输速度快；CPU仅在初始化和结束时参与，对数据传送基本不干预，可减少大批量数据传输时CPU的开销；CPU与外设并行工作，效率高。与<span class=""blank"">______</span>的主要区别：中断方式在数据缓冲寄存器满后发中断、由CPU控制完成传送，DMA方式在整个数据块传送结束时才中断、在DMAC控制下不经过CPU完成。</div>"	"<div class=""top""><span class=""chip c1"">章节：设备管理</span><span class=""chip c2"">领会</span><span class=""chip c3"">设备的控制方式</span></div><h1>DMA控制方式</h1><div class=""a""><span class=""hit"">DMA</span>是一种完全由硬件执行I/O数据交换的工作方式。在这种方式中，<span class=""hit"">DMA</span>控制器（<span class=""hit"">DMA</span>Controller, <span class=""hit"">DMA</span>C）从CPU完全接管对总线的控制，数据交换不经过CPU，而直接在内存和外部设备之间进行。由<span class=""hit"">DMA</span>控制器占用系统总线并向内存发送地址和控制信号，对传送信息个数计数，并以<span class=""hit"">中断控制方式</span>向CPU报告传送操作结束。数据块传送过程分三个阶段： 1）传送前预处理：由CPU执行I/O指令，对<span class=""hit"">DMA</span>C进行初始化与启动； 2）数据传送：由<span class=""hit"">DMA</span>C控制总线进行数据传送。当外设数据准备好后发出<span class=""hit"">DMA</span>请求，CPU当前机器周期结束时响应，<span class=""hit"">DMA</span>C从CPU接管总线控制权，完成内存寻址、确定源和目的地址、传送数据并对传送量计数； 3）传送后处理：传送结束<span class=""hit"">DMA</span>C向CPU发中断请求，CPU响应转入中断服务程序，完成校验数据、决定是否结束传送等结束处理工作。 <span class=""hit"">DMA</span>控制方式一般用于高速传送成组数据。优点：操作均由硬件电路实现，传输速度快；CPU仅在初始化和结束时参与，对数据传送基本不干预，可减少大批量数据传输时CPU的开销；CPU与外设并行工作，效率高。与<span class=""hit"">中断方式</span>的主要区别：<span class=""hit"">中断方式</span>在数据缓冲寄存器满后发中断、由CPU控制完成传送，<span class=""hit"">DMA</span>方式在整个数据块传送结束时才中断、在<span class=""hit"">DMA</span>C控制下不经过CPU完成。</div><div class=""ansbox"">挖空答案：<b>DMA；中断控制方式；中断方式</b></div><div class=""pg"">教材页码：P232</div>"	设备管理 领会 设备的控制方式 13180操作系统
"<div class=""top""><span class=""chip c1"">章节：设备管理</span><span class=""chip c2"">领会</span><span class=""chip c3"">设备的控制方式</span></div><h1>通道控制方式</h1><div class=""q"">通道（<span class=""blank"">______</span>）是一个具备特殊功能的处理器，它有自己的指令和程序，可以实现对外部设备的统一管理以及外部设备与内存之间的数据传送。引入通道的目的是进一步减少数据输入输出对整个系统运行效率的影响。与<span class=""blank"">______</span>相比，通道控制方式增加了CPU与通道操作的并行能力，增加了通道之间及同一通道内各设备之间的并行操作能力。按信息交换方式不同，系统可设立三种类型通道： 1）选择通道：高速通道，物理上可连接多个设备，但某段时间内只能选择一个设备工作，主要用于连接高速外部设备（磁盘、磁带），以数据块为单位传输，传输率高；缺点是通道利用率低。 2）数组多路通道：对选择通道的改进，当某设备进行数据传送时通道只为该设备服务；当设备执行寻址等控制性动作时，通道暂时断开与该设备连接、挂起其通道程序，去为其他设备服务。以数据块为单位传输，传输率高，又具有多路并行操作能力，通道利用率高；缺点是控制复杂。 3）字节多路通道：简单的共享通道，在分时基础上为多台低速和中速设备服务，各设备与通道之间的数据传送以字节为单位交替进行，各设备轮流占用很短的时间片。 通道功能：接受CPU指令与指定外设通信；从内存读取并执行通道程序，向<span class=""blank"">______</span>和设备发命令；组织外设和内存间数据传送并提供缓存和地址；获取设备状态信息送内存指定单元供CPU使用；将外设和通道本身的中断请求按序及时报告CPU。</div>"	"<div class=""top""><span class=""chip c1"">章节：设备管理</span><span class=""chip c2"">领会</span><span class=""chip c3"">设备的控制方式</span></div><h1>通道控制方式</h1><div class=""a"">通道（<span class=""hit"">Channel</span>）是一个具备特殊功能的处理器，它有自己的指令和程序，可以实现对外部设备的统一管理以及外部设备与内存之间的数据传送。引入通道的目的是进一步减少数据输入输出对整个系统运行效率的影响。与<span class=""hit"">DMA</span>相比，通道控制方式增加了CPU与通道操作的并行能力，增加了通道之间及同一通道内各设备之间的并行操作能力。按信息交换方式不同，系统可设立三种类型通道： 1）选择通道：高速通道，物理上可连接多个设备，但某段时间内只能选择一个设备工作，主要用于连接高速外部设备（磁盘、磁带），以数据块为单位传输，传输率高；缺点是通道利用率低。 2）数组多路通道：对选择通道的改进，当某设备进行数据传送时通道只为该设备服务；当设备执行寻址等控制性动作时，通道暂时断开与该设备连接、挂起其通道程序，去为其他设备服务。以数据块为单位传输，传输率高，又具有多路并行操作能力，通道利用率高；缺点是控制复杂。 3）字节多路通道：简单的共享通道，在分时基础上为多台低速和中速设备服务，各设备与通道之间的数据传送以字节为单位交替进行，各设备轮流占用很短的时间片。 通道功能：接受CPU指令与指定外设通信；从内存读取并执行通道程序，向<span class=""hit"">设备控制器</span>和设备发命令；组织外设和内存间数据传送并提供缓存和地址；获取设备状态信息送内存指定单元供CPU使用；将外设和通道本身的中断请求按序及时报告CPU。</div><div class=""ansbox"">挖空答案：<b>Channel；DMA；设备控制器</b></div><div class=""pg"">教材页码：P233</div>"	设备管理 领会 设备的控制方式 13180操作系统
"<div class=""top""><span class=""chip c1"">章节：设备管理</span><span class=""chip c2"">识记</span><span class=""chip c3"">设备的分配与回收</span></div><h1>设备分配的相关数据结构和策略</h1><div class=""q"">数据结构：设备分配算法常采用四张表——系统设备表（SDT）、设备控制表（DCT）、控制器控制表（COCT）和通道控制表（CHCT）。SDT在整个系统中只有一张，每个接入系统的设备占一个表项，记录设备名称、标识及I/O入口地址，全面反映外设资源类型、数量、占用情况；DCT是每台设备一张，体现设备各方面特征及相连控制器情况；COCT是每个控制器一张，记录控制器使用分配情况及相连通道情况；CHCT是每个通道一张，反映通道情况。此外还有设备（通道、控制器）等待队列，由等待分配资源的<span class=""blank"">______</span>组成，可按<span class=""blank"">______</span>（FIFO）或优先级组织。 分配原则：要充分发挥设备使用效率，尽可能让设备忙碌，但又要避免不合理分配造成进程死锁；要把用户程序和具体物理设备隔离开，用户程序面对逻辑设备，分配程序将逻辑设备转换成物理设备后再按物理设备号分配。分配方式分静态分配（作业开始前一次分配全部设备、控制器、通道，一直占用到作业撤销，是安全分配方式不会死锁，但设备使用效率低）和动态分配（进程执行中按需申请、用完立即释放，有利于提高设备利用率，但分配算法不当时可能造成死锁）。 分配策略：主要考虑外部设备固有属性、分配算法、分配安全性和<span class=""blank"">______</span>，通常采用先来先服务（FIFO，按请求先后排队，总把设备分给队首进程）和高优先级优先（给每个I/O请求分配优先级，高优先级排前面，同级按FIFO）。</div>"	"<div class=""top""><span class=""chip c1"">章节：设备管理</span><span class=""chip c2"">识记</span><span class=""chip c3"">设备的分配与回收</span></div><h1>设备分配的相关数据结构和策略</h1><div class=""a"">数据结构：设备分配算法常采用四张表——系统设备表（SDT）、设备控制表（DCT）、控制器控制表（COCT）和通道控制表（CHCT）。SDT在整个系统中只有一张，每个接入系统的设备占一个表项，记录设备名称、标识及I/O入口地址，全面反映外设资源类型、数量、占用情况；DCT是每台设备一张，体现设备各方面特征及相连控制器情况；COCT是每个控制器一张，记录控制器使用分配情况及相连通道情况；CHCT是每个通道一张，反映通道情况。此外还有设备（通道、控制器）等待队列，由等待分配资源的<span class=""hit"">进程控制块</span>组成，可按<span class=""hit"">先来先服务</span>（FIFO）或优先级组织。 分配原则：要充分发挥设备使用效率，尽可能让设备忙碌，但又要避免不合理分配造成进程死锁；要把用户程序和具体物理设备隔离开，用户程序面对逻辑设备，分配程序将逻辑设备转换成物理设备后再按物理设备号分配。分配方式分静态分配（作业开始前一次分配全部设备、控制器、通道，一直占用到作业撤销，是安全分配方式不会死锁，但设备使用效率低）和动态分配（进程执行中按需申请、用完立即释放，有利于提高设备利用率，但分配算法不当时可能造成死锁）。 分配策略：主要考虑外部设备固有属性、分配算法、分配安全性和<span class=""hit"">设备独立性</span>，通常采用<span class=""hit"">先来先服务</span>（FIFO，按请求先后排队，总把设备分给队首进程）和高优先级优先（给每个I/O请求分配优先级，高优先级排前面，同级按FIFO）。</div><div class=""ansbox"">挖空答案：<b>进程控制块；先来先服务；设备独立性</b></div><div class=""pg"">教材页码：P235</div>"	设备管理 识记 设备的分配与回收 13180操作系统
"<div class=""top""><span class=""chip c1"">章节：设备管理</span><span class=""chip c2"">识记</span><span class=""chip c3"">设备的分配与回收</span></div><h1>独占设备的分配</h1><div class=""q"">独占设备（打印机、磁带机、扫描仪、绘图仪等）在一段时间内只能由一个进程占有，不能并发使用，只能交替使用。 1. 设备的绝对号与相对号：系统为每一台设备确定一个编号以便区分识别，称为设备的“绝对号”；用户在程序中对自己要求使用的若干台设备进行编号，称为设备的“相对号”。规定用户使用“<span class=""blank"">______</span>”提出使用要求，系统在分配时建立设备绝对号与“设备类、相对号”的对应关系。 2. 设备的指定方式：可指定设备绝对号（若该设备已被占用或有故障则作业阻塞），或指定设备类、相对号（提出要申请某类设备多少台）。使用“设备类、相对号”方式适应性好、灵活性强：系统只从指定类中提供“<span class=""blank"">______</span>”设备；若分配的设备使用中出故障，可从同类设备中找另一台“<span class=""blank"">______</span>”替换。用户编程时不必指定特定设备，程序执行时系统把逻辑设备转换成物理设备。 3. 独占设备的分配和释放：操作系统设置“设备分配表”，由“设备类表”和“设备表”两部分组成。设备类表记录各类设备的总台数、现存台数及在设备表中的起始地址；设备表中每台设备占一个登记项，记录绝对号、完好状态、分配状态、占用作业名和相对号。申请过程：作业提出某类设备申请→查设备类表看现存台数能否满足→进入设备表依次找“好”且“未分配”的设备→分配并修改设备类表现存台数、设备表分配状态改为“已分配”、填上作业名和相对号→把绝对号与相对号对应关系通知用户。释放时把设备表分配状态改为“未分配”、撤销作业名和相对号，设备类表现存台数加1。</div>"	"<div class=""top""><span class=""chip c1"">章节：设备管理</span><span class=""chip c2"">识记</span><span class=""chip c3"">设备的分配与回收</span></div><h1>独占设备的分配</h1><div class=""a"">独占设备（打印机、磁带机、扫描仪、绘图仪等）在一段时间内只能由一个进程占有，不能并发使用，只能交替使用。 1. 设备的绝对号与相对号：系统为每一台设备确定一个编号以便区分识别，称为设备的“绝对号”；用户在程序中对自己要求使用的若干台设备进行编号，称为设备的“相对号”。规定用户使用“<span class=""hit"">设备类、相对号</span>”提出使用要求，系统在分配时建立设备绝对号与“<span class=""hit"">设备类、相对号</span>”的对应关系。 2. 设备的指定方式：可指定设备绝对号（若该设备已被占用或有故障则作业阻塞），或指定<span class=""hit"">设备类、相对号</span>（提出要申请某类设备多少台）。使用“<span class=""hit"">设备类、相对号</span>”方式适应性好、灵活性强：系统只从指定类中提供“<span class=""hit"">好的且尚未分配的</span>”设备；若分配的设备使用中出故障，可从同类设备中找另一台“<span class=""hit"">好的且尚未分配的</span>”替换。用户编程时不必指定特定设备，程序执行时系统把逻辑设备转换成物理设备。 3. 独占设备的分配和释放：操作系统设置“设备分配表”，由“设备类表”和“设备表”两部分组成。设备类表记录各类设备的总台数、现存台数及在设备表中的起始地址；设备表中每台设备占一个登记项，记录绝对号、完好状态、分配状态、占用作业名和相对号。申请过程：作业提出某类设备申请→查设备类表看现存台数能否满足→进入设备表依次找“好”且“未分配”的设备→分配并修改设备类表现存台数、设备表分配状态改为“已分配”、填上作业名和相对号→把绝对号与相对号对应关系通知用户。释放时把设备表分配状态改为“未分配”、撤销作业名和相对号，设备类表现存台数加1。</div><div class=""ansbox"">挖空答案：<b>设备类、相对号；好的且尚未分配的；好的且尚未分配的</b></div><div class=""pg"">教材页码：P236</div>"	设备管理 识记 设备的分配与回收 13180操作系统
"<div class=""top""><span class=""chip c1"">章节：设备管理</span><span class=""chip c2"">识记</span><span class=""chip c3"">设备的分配与回收</span></div><h1>共享设备的分配</h1><div class=""q"">共享设备可被多个进程所共享，但在每个I/O传输的单位时间内只由一个进程所占有。与独占设备不同，用户在使用共享设备时并没有明显的设备申请与设备释放活动。不过，在每一个使用命令之前都隐含一个申请命令，在每一个使用命令之后都隐含一个释放命令；在隐含的申请命令和隐含的释放命令之间，执行了一次I/O传输（例如对磁盘一个数据块的读、写）。通常，共享设备的I/O请求来自<span class=""blank"">______</span>、<span class=""blank"">______</span>系统或输入输出管理程序，其具体设备已经确定，因而设备分配比较简单：当设备空闲时分配，占用时等待。共享设备的具体使用方法：1）申请设备——如果设备被占用则进入设备等待队列，否则分配设备；2）启动设备——进行I/O传输；3）释放设备——当设备使用结束发出中断信号时，系统唤醒一个等待设备的进程。可见，共享设备是指不同进程的I/O传输以块为单位并且可以交叉进行的设备（如磁盘）。由于独占设备分配回收必须遵守“独占”要求，利用率低、死锁概率增大，因此出现了将独占设备改造为共享设备的<span class=""blank"">______</span>技术。</div>"	"<div class=""top""><span class=""chip c1"">章节：设备管理</span><span class=""chip c2"">识记</span><span class=""chip c3"">设备的分配与回收</span></div><h1>共享设备的分配</h1><div class=""a"">共享设备可被多个进程所共享，但在每个I/O传输的单位时间内只由一个进程所占有。与独占设备不同，用户在使用共享设备时并没有明显的设备申请与设备释放活动。不过，在每一个使用命令之前都隐含一个申请命令，在每一个使用命令之后都隐含一个释放命令；在隐含的申请命令和隐含的释放命令之间，执行了一次I/O传输（例如对磁盘一个数据块的读、写）。通常，共享设备的I/O请求来自<span class=""hit"">文件系统</span>、<span class=""hit"">虚拟存储</span>系统或输入输出管理程序，其具体设备已经确定，因而设备分配比较简单：当设备空闲时分配，占用时等待。共享设备的具体使用方法：1）申请设备——如果设备被占用则进入设备等待队列，否则分配设备；2）启动设备——进行I/O传输；3）释放设备——当设备使用结束发出中断信号时，系统唤醒一个等待设备的进程。可见，共享设备是指不同进程的I/O传输以块为单位并且可以交叉进行的设备（如磁盘）。由于独占设备分配回收必须遵守“独占”要求，利用率低、死锁概率增大，因此出现了将独占设备改造为共享设备的<span class=""hit"">SPOOLing</span>技术。</div><div class=""ansbox"">挖空答案：<b>文件系统；虚拟存储；SPOOLing</b></div><div class=""pg"">教材页码：P239</div>"	设备管理 识记 设备的分配与回收 13180操作系统
"<div class=""top""><span class=""chip c1"">章节：设备管理</span><span class=""chip c2"">简单应用</span><span class=""chip c3"">磁盘驱动调度</span></div><h1>信息传输时间</h1><div class=""q"">在启动磁盘执行输入输出操作时，要把磁臂移动到指定的磁道（柱面），再等待需要访问的扇区旋转到磁头位置之下，然后让指定的磁头进行读写，完成信息传送。因此，执行一次输入输出操作所花的时间由三部分组成： 1）<span class=""blank"">______</span>：磁头在磁臂带动下移动到指定磁道（柱面）所花的时间； 2）延迟时间（<span class=""blank"">______</span>）：需要访问的扇区旋转到磁头下所需的时间； 3）传送时间：由磁头进行读写以完成信息传送的时间。 其中，传送信息所花的时间是在硬件设计时就固定下来的；而寻道时间和延迟时间则与信息在磁盘上的位置有关。为了减少移动磁臂所花时间，文件信息按磁道（柱面）存放：同一磁道（柱面）上各磁道被放满后再放到下一磁道（柱面）。磁盘块编号先按相同柱面的磁头（盘面）顺序，再按相同柱面的扇区顺序，最后按柱面号顺序；访问时反过来寻址，即先寻道、再等待扇区、最后选择磁头。<span class=""blank"">______</span>就是要通过调度策略使寻道时间和延迟时间综合后尽可能小。</div>"	"<div class=""top""><span class=""chip c1"">章节：设备管理</span><span class=""chip c2"">简单应用</span><span class=""chip c3"">磁盘驱动调度</span></div><h1>信息传输时间</h1><div class=""a"">在启动磁盘执行输入输出操作时，要把磁臂移动到指定的磁道（柱面），再等待需要访问的扇区旋转到磁头位置之下，然后让指定的磁头进行读写，完成信息传送。因此，执行一次输入输出操作所花的时间由三部分组成： 1）<span class=""hit"">寻道时间</span>：磁头在磁臂带动下移动到指定磁道（柱面）所花的时间； 2）延迟时间（<span class=""hit"">旋转延迟时间</span>）：需要访问的扇区旋转到磁头下所需的时间； 3）传送时间：由磁头进行读写以完成信息传送的时间。 其中，传送信息所花的时间是在硬件设计时就固定下来的；而<span class=""hit"">寻道时间</span>和延迟时间则与信息在磁盘上的位置有关。为了减少移动磁臂所花时间，文件信息按磁道（柱面）存放：同一磁道（柱面）上各磁道被放满后再放到下一磁道（柱面）。磁盘块编号先按相同柱面的磁头（盘面）顺序，再按相同柱面的扇区顺序，最后按柱面号顺序；访问时反过来寻址，即先寻道、再等待扇区、最后选择磁头。<span class=""hit"">磁盘驱动调度</span>就是要通过调度策略使<span class=""hit"">寻道时间</span>和延迟时间综合后尽可能小。</div><div class=""ansbox"">挖空答案：<b>寻道时间；旋转延迟时间；磁盘驱动调度</b></div><div class=""pg"">教材页码：P240</div>"	设备管理 简单应用 磁盘驱动调度 13180操作系统
"<div class=""top""><span class=""chip c1"">章节：设备管理</span><span class=""chip c2"">简单应用</span><span class=""chip c3"">磁盘驱动调度</span></div><h1>移臂调度及其调度算法</h1><div class=""q"">根据访问者指定的柱面位置来决定执行次序的调度，称为“移臂调度”。移臂调度的目的是尽可能减少操作中的寻道时间。常用的移臂调度算法有四种： 1. <span class=""blank"">______</span>（FCFS）调度算法：不考虑访问者要求访问的物理位置，只考虑访问者提出请求的先后次序，磁臂按请求先后次序移动，会来回移动。优点：公平、简单、易于实现；缺点：平均寻道时间较长。 2. <span class=""blank"">______</span>（SSTF）调度算法：总是从等待访问者中挑选寻道时间最短的那个请求先执行，不管到来先后次序。改善了平均寻道时间，但可能出现“饥饿”问题。 3. 电梯调度（SCAN）算法：从磁臂当前位置开始沿着臂的移动方向去选择离当前磁臂最近的那个磁道访问者；如果沿臂移动方向无请求访问，就改变臂的移动方向后再选择（如乘电梯）。与SSTF的区别是它沿移动方向选择，仅当当前方向无请求才改变方向，避免了磁臂频繁来回换向。寻道性能好、无“饥饿”问题，但“歧视”边缘磁道。实现时不仅要记住磁头当前位置，还必须记住磁臂当前前进方向。 4. 单向扫描（<span class=""blank"">______</span>）调度算法：不考虑访问者等待先后次序，总是从0号磁道开始向里道扫描，按所要访问磁道位置次序选择访问者；磁臂到达最后一个磁道后立即快速返回到0号磁道，返回时不为任何等待访问者服务，回到0号后再次扫描。消除了不公平现象，但回程不读写。 除FCFS外其余三种都是根据欲访问柱面位置调度的。</div>"	"<div class=""top""><span class=""chip c1"">章节：设备管理</span><span class=""chip c2"">简单应用</span><span class=""chip c3"">磁盘驱动调度</span></div><h1>移臂调度及其调度算法</h1><div class=""a"">根据访问者指定的柱面位置来决定执行次序的调度，称为“移臂调度”。移臂调度的目的是尽可能减少操作中的寻道时间。常用的移臂调度算法有四种： 1. <span class=""hit"">先来先服务</span>（FCFS）调度算法：不考虑访问者要求访问的物理位置，只考虑访问者提出请求的先后次序，磁臂按请求先后次序移动，会来回移动。优点：公平、简单、易于实现；缺点：平均寻道时间较长。 2. <span class=""hit"">最短寻道时间优先</span>（SSTF）调度算法：总是从等待访问者中挑选寻道时间最短的那个请求先执行，不管到来先后次序。改善了平均寻道时间，但可能出现“饥饿”问题。 3. 电梯调度（SCAN）算法：从磁臂当前位置开始沿着臂的移动方向去选择离当前磁臂最近的那个磁道访问者；如果沿臂移动方向无请求访问，就改变臂的移动方向后再选择（如乘电梯）。与SSTF的区别是它沿移动方向选择，仅当当前方向无请求才改变方向，避免了磁臂频繁来回换向。寻道性能好、无“饥饿”问题，但“歧视”边缘磁道。实现时不仅要记住磁头当前位置，还必须记住磁臂当前前进方向。 4. 单向扫描（<span class=""hit"">CSCAN</span>）调度算法：不考虑访问者等待先后次序，总是从0号磁道开始向里道扫描，按所要访问磁道位置次序选择访问者；磁臂到达最后一个磁道后立即快速返回到0号磁道，返回时不为任何等待访问者服务，回到0号后再次扫描。消除了不公平现象，但回程不读写。 除FCFS外其余三种都是根据欲访问柱面位置调度的。</div><div class=""ansbox"">挖空答案：<b>先来先服务；最短寻道时间优先；CSCAN</b></div><div class=""pg"">教材页码：P241</div>"	设备管理 简单应用 磁盘驱动调度 13180操作系统
"<div class=""top""><span class=""chip c1"">章节：设备管理</span><span class=""chip c2"">简单应用</span><span class=""chip c3"">磁盘驱动调度</span></div><h1>旋转调度优化</h1><div class=""q"">对于在同一个<span class=""blank"">______</span>（柱面）中多个访问者的读写请求，需要有<span class=""blank"">______</span>确定为这些等待访问者服务的次序。在磁臂定位后，有若干个访问者等待访问该磁道的情况下，若以减少输入输出操作总时间为目标，应该优先选择延迟时间最短的访问者去执行。根据延迟时间来决定执行次序的调度称为“<span class=""blank"">______</span>”。进行旋转调度时应分析下列三种情况： ①若干等待访问者请求访问同一磁道上的不同扇区； ②若干等待访问者请求访问不同磁道上的不同编号扇区； ③若干等待访问者请求访问不同磁道上的、具有相同编号的扇区。 对于前两种情况，旋转调度总是为首先到达读写磁头位置下的扇区进行读写操作；对于第三种情况，由于这些扇区编号相同又在同一个柱面上，它们同时到达读写磁头位置下，这时旋转调度可任意选择一个读写磁头进行读写操作。例如4个访问第88号柱面的请求中，访问6号扇区的两个请求因每时每刻只允许一个读写磁头操作，当6号扇区转到磁头下时只能执行其中一个，另一个须等下一圈，故执行次序可为①②④③或①③④②。</div>"	"<div class=""top""><span class=""chip c1"">章节：设备管理</span><span class=""chip c2"">简单应用</span><span class=""chip c3"">磁盘驱动调度</span></div><h1>旋转调度优化</h1><div class=""a"">对于在同一个<span class=""hit"">磁道</span>（柱面）中多个访问者的读写请求，需要有<span class=""hit"">调度算法</span>确定为这些等待访问者服务的次序。在磁臂定位后，有若干个访问者等待访问该<span class=""hit"">磁道</span>的情况下，若以减少输入输出操作总时间为目标，应该优先选择延迟时间最短的访问者去执行。根据延迟时间来决定执行次序的调度称为“<span class=""hit"">旋转调度</span>”。进行<span class=""hit"">旋转调度</span>时应分析下列三种情况： ①若干等待访问者请求访问同一<span class=""hit"">磁道</span>上的不同扇区； ②若干等待访问者请求访问不同<span class=""hit"">磁道</span>上的不同编号扇区； ③若干等待访问者请求访问不同<span class=""hit"">磁道</span>上的、具有相同编号的扇区。 对于前两种情况，<span class=""hit"">旋转调度</span>总是为首先到达读写磁头位置下的扇区进行读写操作；对于第三种情况，由于这些扇区编号相同又在同一个柱面上，它们同时到达读写磁头位置下，这时<span class=""hit"">旋转调度</span>可任意选择一个读写磁头进行读写操作。例如4个访问第88号柱面的请求中，访问6号扇区的两个请求因每时每刻只允许一个读写磁头操作，当6号扇区转到磁头下时只能执行其中一个，另一个须等下一圈，故执行次序可为①②④③或①③④②。</div><div class=""ansbox"">挖空答案：<b>磁道；调度算法；旋转调度</b></div><div class=""pg"">教材页码：P244</div>"	设备管理 简单应用 磁盘驱动调度 13180操作系统
"<div class=""top""><span class=""chip c1"">章节：设备管理</span><span class=""chip c2"">简单应用</span><span class=""chip c3"">磁盘驱动调度</span></div><h1>磁盘信息的优化分布</h1><div class=""q"">记录在<span class=""blank"">______</span>上的排列方式也会影响<span class=""blank"">______</span>的输入输出操作时间。举例说明：某系统磁盘初始化时把盘面分成8个扇区，8个逻辑记录顺序存放在同一磁道的8个扇区中，处理<span class=""blank"">______</span>要求从1至8顺序处理，每读出一个记录花10ms处理，磁盘转速40ms/周。读一个记录花5ms，当花5ms读出第1个记录并花10ms处理后，第4个记录位置已转到读写磁头下；为顺序处理第2个记录，必须等待磁盘把第2个记录旋转到磁头下，即需30ms延迟。于是处理8个记录共需8×(5+10)+(8-1)×30=330ms。 如果把这8个逻辑记录在磁道上的位置重新优化安排，使得读出一个记录并对其处理完毕后，读写磁头正好处于下一个要读出的记录位置上，就可立即读出该记录，不必再花延迟时间。按优化分布安排，处理时间变为8×(5+10)=120ms。这说明对磁盘上的信息分布进行优化后，整个程序处理时间从330ms降为120ms。可见，优化分布有利于减少延迟时间，从而缩短整个输入输出操作时间。对于一些能预知处理要求的信息在磁盘上的记录位置，采用优化分布可以提高系统效率。</div>"	"<div class=""top""><span class=""chip c1"">章节：设备管理</span><span class=""chip c2"">简单应用</span><span class=""chip c3"">磁盘驱动调度</span></div><h1>磁盘信息的优化分布</h1><div class=""a"">记录在<span class=""hit"">磁道</span>上的排列方式也会影响<span class=""hit"">磁盘</span>的输入输出操作时间。举例说明：某系统<span class=""hit"">磁盘</span>初始化时把盘面分成8个扇区，8个逻辑记录顺序存放在同一<span class=""hit"">磁道</span>的8个扇区中，处理<span class=""hit"">程序</span>要求从1至8顺序处理，每读出一个记录花10ms处理，<span class=""hit"">磁盘</span>转速40ms/周。读一个记录花5ms，当花5ms读出第1个记录并花10ms处理后，第4个记录位置已转到读写磁头下；为顺序处理第2个记录，必须等待<span class=""hit"">磁盘</span>把第2个记录旋转到磁头下，即需30ms延迟。于是处理8个记录共需8×(5+10)+(8-1)×30=330ms。 如果把这8个逻辑记录在<span class=""hit"">磁道</span>上的位置重新优化安排，使得读出一个记录并对其处理完毕后，读写磁头正好处于下一个要读出的记录位置上，就可立即读出该记录，不必再花延迟时间。按优化分布安排，处理时间变为8×(5+10)=120ms。这说明对<span class=""hit"">磁盘</span>上的信息分布进行优化后，整个<span class=""hit"">程序</span>处理时间从330ms降为120ms。可见，优化分布有利于减少延迟时间，从而缩短整个输入输出操作时间。对于一些能预知处理要求的信息在<span class=""hit"">磁盘</span>上的记录位置，采用优化分布可以提高系统效率。</div><div class=""ansbox"">挖空答案：<b>磁道；磁盘；程序</b></div><div class=""pg"">教材页码：P245</div>"	设备管理 简单应用 磁盘驱动调度 13180操作系统
"<div class=""top""><span class=""chip c1"">章节：设备管理</span><span class=""chip c2"">领会</span><span class=""chip c3"">缓冲技术</span></div><h1>缓冲技术</h1><div class=""q"">引入原因：中断、DMA和通道技术使各I/O设备之间、I/O设备与CPU之间可并行工作，但I/O设备和CPU处理速度不匹配问题客观存在，限制了与CPU连接的设备台数，在<span class=""blank"">______</span>下容易造成数据丢失。设置缓冲区后，计算进程可把数据先输出到缓冲区再继续执行，打印机从缓冲区取数据慢慢打印，从而匹配速度。再者，增大缓冲区可减少中断次数（如缓冲区从1字符增至100字符，I/O控制器向CPU发中断次数降为原来的1/100）。在DMA或通道方式中，若不划分专用内存区或专用数据缓冲区，会因内存区不足或起始地址计算困难而造成进程长期占有通道或DMA控制器及设备，产生瓶颈问题。 实现缓冲的方法有两种：采用专用硬件设置数据缓冲区（常应用在外部设备的I/O控制器中，如打印机、键盘）；在内存中划出一定容量的专用数据缓冲区（“<span class=""blank"">______</span>”）。 缓冲的种类：根据系统设置的缓冲区个数，分为单缓冲、双缓冲、多缓冲和缓冲池。单缓冲在I/O设备和CPU间设一个缓冲区，属<span class=""blank"">______</span>，能匹配设备和CPU速度但I/O设备之间不能并行；双缓冲设两个缓冲区，是设备和设备、CPU和设备并行操作的简单模型，但不能用于实际系统并行（设备多、速度难匹配）；多缓冲具有多个缓冲区，一部分专用于输入、另一部分专用于输出；缓冲池把多个缓冲区连接起来统一管理，每个缓冲区既可用于输入又可用于输出。缓冲池由多个缓冲区组成，每个缓冲区由缓冲首部（标识管理，含设备号、数据块号、互斥标识位、队列指针等）和缓冲体（存放数据）组成；系统把各缓冲区按使用状况连成空闲缓冲队列em、输入缓冲区队列in、输出缓冲区队列out三种；有四种工作缓冲区：收容输入缓冲区hin、提取输入缓冲区sin、收容输出缓冲区hout、提取输出缓冲区sout；对缓冲池的管理由take_buf、add_buf、get_buf、put_buf等过程组成，队列排列通常采用FIFO。</div>"	"<div class=""top""><span class=""chip c1"">章节：设备管理</span><span class=""chip c2"">领会</span><span class=""chip c3"">缓冲技术</span></div><h1>缓冲技术</h1><div class=""a"">引入原因：中断、DMA和通道技术使各I/O设备之间、I/O设备与CPU之间可并行工作，但I/O设备和CPU处理速度不匹配问题客观存在，限制了与CPU连接的设备台数，在<span class=""hit"">中断方式</span>下容易造成数据丢失。设置缓冲区后，计算进程可把数据先输出到缓冲区再继续执行，打印机从缓冲区取数据慢慢打印，从而匹配速度。再者，增大缓冲区可减少中断次数（如缓冲区从1字符增至100字符，I/O控制器向CPU发中断次数降为原来的1/100）。在DMA或通道方式中，若不划分专用内存区或专用数据缓冲区，会因内存区不足或起始地址计算困难而造成进程长期占有通道或DMA控制器及设备，产生瓶颈问题。 实现缓冲的方法有两种：采用专用硬件设置数据缓冲区（常应用在外部设备的I/O控制器中，如打印机、键盘）；在内存中划出一定容量的专用数据缓冲区（“<span class=""hit"">软件缓冲</span>”）。 缓冲的种类：根据系统设置的缓冲区个数，分为单缓冲、双缓冲、多缓冲和缓冲池。单缓冲在I/O设备和CPU间设一个缓冲区，属<span class=""hit"">临界资源</span>，能匹配设备和CPU速度但I/O设备之间不能并行；双缓冲设两个缓冲区，是设备和设备、CPU和设备并行操作的简单模型，但不能用于实际系统并行（设备多、速度难匹配）；多缓冲具有多个缓冲区，一部分专用于输入、另一部分专用于输出；缓冲池把多个缓冲区连接起来统一管理，每个缓冲区既可用于输入又可用于输出。缓冲池由多个缓冲区组成，每个缓冲区由缓冲首部（标识管理，含设备号、数据块号、互斥标识位、队列指针等）和缓冲体（存放数据）组成；系统把各缓冲区按使用状况连成空闲缓冲队列em、输入缓冲区队列in、输出缓冲区队列out三种；有四种工作缓冲区：收容输入缓冲区hin、提取输入缓冲区sin、收容输出缓冲区hout、提取输出缓冲区sout；对缓冲池的管理由take_buf、add_buf、get_buf、put_buf等过程组成，队列排列通常采用FIFO。</div><div class=""ansbox"">挖空答案：<b>中断方式；软件缓冲；临界资源</b></div><div class=""pg"">教材页码：P245</div>"	设备管理 领会 缓冲技术 13180操作系统
"<div class=""top""><span class=""chip c1"">章节：设备管理</span><span class=""chip c2"">领会</span><span class=""chip c3"">虚拟设备技术</span></div><h1>虚拟设备的实现原理—SPOOLing系统工作原理</h1><div class=""q"">虚拟设备技术又称为<span class=""blank"">______</span>技术（Simultaneous Peripheral Operation On Line，外部设备同时联机操作），是多道程序设计系统中处理独占外部设备的一种方法，它可以提高设备利用率并缩短单个程序的<span class=""blank"">______</span>。SPOOLing技术之所以被称为虚拟设备技术，是因为它可以使进程在所需外部设备不存在或被占用的情况下使用该设备。SPOOLing系统主要包括输入程序模块、输出程序模块、<span class=""blank"">______</span>程序三部分。其工作原理：利用输入程序模块，在作业执行前就利用慢速设备将作业预先输入到后援存储器（如磁盘、磁鼓，此时这些磁盘、磁鼓称为输入井）中，称为预输入；作业进入内存运行后，使用数据时直接从输入井中取出；另外，作业执行时不必直接启动外部设备输出数据，只需要将这些数据写入输出井（专门用于存放将要输出信息的磁盘、磁鼓）中，称为缓输出；待作业全部运行完毕，再由外部设备输出全部数据和信息。按照上述工作方式，实现了对作业的输入、组织调度和输出的统一管理，同时使外部设备在CPU的直接控制下又与CPU并行工作（故称为假脱机）。</div>"	"<div class=""top""><span class=""chip c1"">章节：设备管理</span><span class=""chip c2"">领会</span><span class=""chip c3"">虚拟设备技术</span></div><h1>虚拟设备的实现原理—SPOOLing系统工作原理</h1><div class=""a"">虚拟设备技术又称为<span class=""hit"">SPOOLing</span>技术（Simultaneous Peripheral Operation On Line，外部设备同时联机操作），是多道程序设计系统中处理独占外部设备的一种方法，它可以提高设备利用率并缩短单个程序的<span class=""hit"">响应时间</span>。<span class=""hit"">SPOOLing</span>技术之所以被称为虚拟设备技术，是因为它可以使进程在所需外部设备不存在或被占用的情况下使用该设备。<span class=""hit"">SPOOLing</span>系统主要包括输入程序模块、输出程序模块、<span class=""hit"">作业调度</span>程序三部分。其工作原理：利用输入程序模块，在作业执行前就利用慢速设备将作业预先输入到后援存储器（如磁盘、磁鼓，此时这些磁盘、磁鼓称为输入井）中，称为预输入；作业进入内存运行后，使用数据时直接从输入井中取出；另外，作业执行时不必直接启动外部设备输出数据，只需要将这些数据写入输出井（专门用于存放将要输出信息的磁盘、磁鼓）中，称为缓输出；待作业全部运行完毕，再由外部设备输出全部数据和信息。按照上述工作方式，实现了对作业的输入、组织调度和输出的统一管理，同时使外部设备在CPU的直接控制下又与CPU并行工作（故称为假脱机）。</div><div class=""ansbox"">挖空答案：<b>SPOOLing；响应时间；作业调度</b></div><div class=""pg"">教材页码：P248</div>"	设备管理 领会 虚拟设备技术 13180操作系统
"<div class=""top""><span class=""chip c1"">章节：设备管理</span><span class=""chip c2"">领会</span><span class=""chip c3"">虚拟设备技术</span></div><h1>SPOOLing系统的组成和实现</h1><div class=""q"">组成：<span class=""blank"">______</span>系统中，输入装置和输出装置为独占的I/O设备，通过通道连接到外部设备（通常是外存储设备，如磁盘）。磁盘中划分了许多输入井和输出井，每一个<span class=""blank"">______</span>对应一个井（也是一个存储块）。因为磁盘可以作为<span class=""blank"">______</span>使用，所以所有的独占设备被映射到输入井或输出井上以当作共享设备使用。其中输入管理模块和输出管理模块是两个位于主机中的软件程序，当输入井或输出井发出中断请求时进行响应，并服务相应的用户进程，从而完成输入输出任务。 实现（以打印机共享为例）：打印机是一种典型的独占设备，引入SPOOLing技术后，用户的打印请求被传递给SPOOLing系统，而并不是真正把打印机分配给用户。SPOOLing系统的输出管理模块在磁盘上申请一个空闲区，把需要打印的数据传送到里面，再把用户的打印请求挂到打印队列上。如果打印机空闲，后台打印程序就会从打印队列中取出一个请求，再从磁盘上的对应输出井取出数据，执行打印操作。由于磁盘是共享的，SPOOLing系统可以随时响应打印请求并把数据缓存起来，这样就把独占设备改造成了共享设备，从而提高了设备的利用率和系统效率。注意：并不是所有独占设备都能通过SPOOLing系统改造为共享设备，例如摄像机等一些需要实时响应的设备就不适合这样做。SPOOLing技术提高了设备利用率、缩短了用户程序执行时间，但并不会提高CPU利用率。</div>"	"<div class=""top""><span class=""chip c1"">章节：设备管理</span><span class=""chip c2"">领会</span><span class=""chip c3"">虚拟设备技术</span></div><h1>SPOOLing系统的组成和实现</h1><div class=""a"">组成：<span class=""hit"">SPOOLing</span>系统中，输入装置和输出装置为独占的I/O设备，通过通道连接到外部设备（通常是外存储设备，如磁盘）。磁盘中划分了许多输入井和输出井，每一个<span class=""hit"">独占设备</span>对应一个井（也是一个存储块）。因为磁盘可以作为<span class=""hit"">共享设备</span>使用，所以所有的<span class=""hit"">独占设备</span>被映射到输入井或输出井上以当作<span class=""hit"">共享设备</span>使用。其中输入管理模块和输出管理模块是两个位于主机中的软件程序，当输入井或输出井发出中断请求时进行响应，并服务相应的用户进程，从而完成输入输出任务。 实现（以打印机共享为例）：打印机是一种典型的<span class=""hit"">独占设备</span>，引入<span class=""hit"">SPOOLing</span>技术后，用户的打印请求被传递给<span class=""hit"">SPOOLing</span>系统，而并不是真正把打印机分配给用户。<span class=""hit"">SPOOLing</span>系统的输出管理模块在磁盘上申请一个空闲区，把需要打印的数据传送到里面，再把用户的打印请求挂到打印队列上。如果打印机空闲，后台打印程序就会从打印队列中取出一个请求，再从磁盘上的对应输出井取出数据，执行打印操作。由于磁盘是共享的，<span class=""hit"">SPOOLing</span>系统可以随时响应打印请求并把数据缓存起来，这样就把<span class=""hit"">独占设备</span>改造成了<span class=""hit"">共享设备</span>，从而提高了设备的利用率和系统效率。注意：并不是所有<span class=""hit"">独占设备</span>都能通过<span class=""hit"">SPOOLing</span>系统改造为<span class=""hit"">共享设备</span>，例如摄像机等一些需要实时响应的设备就不适合这样做。<span class=""hit"">SPOOLing</span>技术提高了设备利用率、缩短了用户程序执行时间，但并不会提高CPU利用率。</div><div class=""ansbox"">挖空答案：<b>SPOOLing；独占设备；共享设备</b></div><div class=""pg"">教材页码：P249</div>"	设备管理 领会 虚拟设备技术 13180操作系统
"<div class=""top""><span class=""chip c1"">章节：进程同步机制和死锁</span><span class=""chip c2"">综合应用</span><span class=""chip c3"">进程的同步与互斥</span></div><h1>与时间有关的错误</h1><div class=""q"">一个进程由于自身或外界原因可能被中断，且断点不固定，进程执行的速度不能由进程自身控制。对于相关进程，可能有若干并发进程同时使用共享资源，即一个进程一次使用未结束、另一进程也开始使用，形成交替使用共享资源的情形。 例如两个并发程序A和B共享公共变量n：A每执行一次循环进行n=n+1，B每次循环print(n)并将n置0。由于两程序以各自独立速度推进，它们的语句在时间上可任意穿插或交叉执行，A的“<span class=""blank"">______</span>”操作可能在B的“<span class=""blank"">______</span>”和“n=0”之前、之后或之间。设在某循环前n=5，则三种情形下打印机输出值分别为6、5和5，执行后n值分别为0、1、0。相同程序在三种情况下产生三组不同结果，这不是所希望的。 产生这种情形的根本原因：在并发程序中共享了公共变量，使得程序的计算结果与并发程序执行的速度有关。这种错误结果又往往是与时间有关的（时对时错，随执行速度不同而异），所以称为“<span class=""blank"">______</span>”。另一个售票系统例子：多个订票进程同时访问同一车次余票，两个进程读出相同余票值后各自减1存回，使票数记录出错，若只剩一张票甚至会卖给两个或多个乘客，这也是与时间有关的错误。</div>"	"<div class=""top""><span class=""chip c1"">章节：进程同步机制和死锁</span><span class=""chip c2"">综合应用</span><span class=""chip c3"">进程的同步与互斥</span></div><h1>与时间有关的错误</h1><div class=""a"">一个进程由于自身或外界原因可能被中断，且断点不固定，进程执行的速度不能由进程自身控制。对于相关进程，可能有若干并发进程同时使用共享资源，即一个进程一次使用未结束、另一进程也开始使用，形成交替使用共享资源的情形。 例如两个并发程序A和B共享公共变量n：A每执行一次循环进行<span class=""hit"">n=n+1</span>，B每次循环<span class=""hit"">print(n)</span>并将n置0。由于两程序以各自独立速度推进，它们的语句在时间上可任意穿插或交叉执行，A的“<span class=""hit"">n=n+1</span>”操作可能在B的“<span class=""hit"">print(n)</span>”和“n=0”之前、之后或之间。设在某循环前n=5，则三种情形下打印机输出值分别为6、5和5，执行后n值分别为0、1、0。相同程序在三种情况下产生三组不同结果，这不是所希望的。 产生这种情形的根本原因：在并发程序中共享了公共变量，使得程序的计算结果与并发程序执行的速度有关。这种错误结果又往往是与时间有关的（时对时错，随执行速度不同而异），所以称为“<span class=""hit"">与时间有关的错误</span>”。另一个售票系统例子：多个订票进程同时访问同一车次余票，两个进程读出相同余票值后各自减1存回，使票数记录出错，若只剩一张票甚至会卖给两个或多个乘客，这也是<span class=""hit"">与时间有关的错误</span>。</div><div class=""ansbox"">挖空答案：<b>n=n+1；print(n)；与时间有关的错误</b></div><div class=""pg"">教材页码：P255</div>"	进程同步机制和死锁 综合应用 进程的同步与互斥 13180操作系统
"<div class=""top""><span class=""chip c1"">章节：进程同步机制和死锁</span><span class=""chip c2"">综合应用</span><span class=""chip c3"">进程的同步与互斥</span></div><h1>进程的同步与互斥</h1><div class=""q"">临界资源是指计算机系统中需要互斥使用的硬件或软件资源，如外设、共享代码段、共享数据结构等。多个进程在对临界资源进行访问时（特别是写入或修改操作）必须互斥地进行；可同时访问的共享资源（如只读数据）不是临界资源。对临界资源的访问过程分成4部分：①进入区——为进入临界区使用临界资源，检查可否进入，若可进入则设置“<span class=""blank"">______</span>”标志以阻止其他进程同时进入；②临界区——进程中访问临界资源的一段代码；③退出区——将“<span class=""blank"">______</span>”标志清除；④剩余区——代码中的其余部分。 进程同步：进程之间一种直接的协同工作关系，是一些进程相互合作、共同完成一项任务。 进程互斥：进程间因共享资源使用要求排他性而形成的相互制约关系（竞争资源就是进程间的互斥关系）。 操作系统中采用的进程<span class=""blank"">______</span>应遵循4条准则：1）空闲则入——任何时刻最多只有一个进程位于临界区，有进程在临界区时其他进程均不能进入；2）忙则等待——当已有进程处于临界区时，后到达的进程只能在进入区等待；3）有限等待——等待进入临界区的进程不能无限期“死等”；4）让权等待——因在进入区等待而不能进入临界区的进程应释放处理机、转换到阻塞状态。实现互斥的方法有软件方法（如彼得松算法）、硬件方法（TS指令、Swap指令），以及信号量机制。</div>"	"<div class=""top""><span class=""chip c1"">章节：进程同步机制和死锁</span><span class=""chip c2"">综合应用</span><span class=""chip c3"">进程的同步与互斥</span></div><h1>进程的同步与互斥</h1><div class=""a"">临界资源是指计算机系统中需要互斥使用的硬件或软件资源，如外设、共享代码段、共享数据结构等。多个进程在对临界资源进行访问时（特别是写入或修改操作）必须互斥地进行；可同时访问的共享资源（如只读数据）不是临界资源。对临界资源的访问过程分成4部分：①进入区——为进入临界区使用临界资源，检查可否进入，若可进入则设置“<span class=""hit"">正在访问临界区</span>”标志以阻止其他进程同时进入；②临界区——进程中访问临界资源的一段代码；③退出区——将“<span class=""hit"">正在访问临界区</span>”标志清除；④剩余区——代码中的其余部分。 进程同步：进程之间一种直接的协同工作关系，是一些进程相互合作、共同完成一项任务。 进程互斥：进程间因共享资源使用要求排他性而形成的相互制约关系（竞争资源就是进程间的互斥关系）。 操作系统中采用的进程<span class=""hit"">同步机制</span>应遵循4条准则：1）空闲则入——任何时刻最多只有一个进程位于临界区，有进程在临界区时其他进程均不能进入；2）忙则等待——当已有进程处于临界区时，后到达的进程只能在进入区等待；3）有限等待——等待进入临界区的进程不能无限期“死等”；4）让权等待——因在进入区等待而不能进入临界区的进程应释放处理机、转换到阻塞状态。实现互斥的方法有软件方法（如彼得松算法）、硬件方法（TS指令、Swap指令），以及信号量机制。</div><div class=""ansbox"">挖空答案：<b>正在访问临界区；正在访问临界区；同步机制</b></div><div class=""pg"">教材页码：P257</div>"	进程同步机制和死锁 综合应用 进程的同步与互斥 13180操作系统
"<div class=""top""><span class=""chip c1"">章节：进程同步机制和死锁</span><span class=""chip c2"">综合应用</span><span class=""chip c3"">进程的同步与互斥</span></div><h1>信号量（Semaphore）和P、V原语</h1><div class=""q"">信号量（<span class=""blank"">______</span>）是荷兰学者Dijkstra于1965年提出的一种卓有成效的进程同步机制，代表可用资源实体的数量。所谓“原语”，是指执行中不被进程调度和执行打断的语句，恰如一条指令。每个信号量S除一个整数值S.count（计数）外，还有一个进程等待队列S.list，其中存放阻塞在该信号量上的各个进程标志。信号量只能通过初始化和两个标准原语（P原语和V原语）来访问。初始化可指定一个非负整数值，表示空闲资源总数；若信号量为非负整数值，表示当前的空闲资源数；若为负值，其绝对值表示当前等待临界区的进程数。 P原语（wait）：执行S.count--（表示申请一个资源）；若S.count&lt;0（表示没有空闲资源），则调用进程进入等待队列S.list并阻塞调用进程。P原语相当于进入区操作。 V原语（<span class=""blank"">______</span>）：执行S.count++（表示释放一个资源）；若S.count&lt;=0（表示有进程处于阻塞状态），则从等待队列中唤醒一个进程。V原语相当于退出区操作。 利用信号量实现互斥：为临界资源设置一个互斥信号量mutex，初值为1；在每个进程中将临界区代码置于P(<span class=""blank"">______</span>)和V(mutex)原语之间。使用信号量时P和V必须成对使用，遗漏P原语不能保证互斥访问，遗漏V原语不能释放临界资源，P、V原语不能次序错误、重复或遗漏。利用信号量还可实现进程间同步（前趋关系）：为每个前趋关系设信号量初值0，前趋进程执行完后执行V，后继进程先执行P。</div>"	"<div class=""top""><span class=""chip c1"">章节：进程同步机制和死锁</span><span class=""chip c2"">综合应用</span><span class=""chip c3"">进程的同步与互斥</span></div><h1>信号量（Semaphore）和P、V原语</h1><div class=""a"">信号量（<span class=""hit"">Semaphore</span>）是荷兰学者Dijkstra于1965年提出的一种卓有成效的进程同步机制，代表可用资源实体的数量。所谓“原语”，是指执行中不被进程调度和执行打断的语句，恰如一条指令。每个信号量S除一个整数值S.count（计数）外，还有一个进程等待队列S.list，其中存放阻塞在该信号量上的各个进程标志。信号量只能通过初始化和两个标准原语（P原语和V原语）来访问。初始化可指定一个非负整数值，表示空闲资源总数；若信号量为非负整数值，表示当前的空闲资源数；若为负值，其绝对值表示当前等待临界区的进程数。 P原语（wait）：执行S.count--（表示申请一个资源）；若S.count&lt;0（表示没有空闲资源），则调用进程进入等待队列S.list并阻塞调用进程。P原语相当于进入区操作。 V原语（<span class=""hit"">signal</span>）：执行S.count++（表示释放一个资源）；若S.count&lt;=0（表示有进程处于阻塞状态），则从等待队列中唤醒一个进程。V原语相当于退出区操作。 利用信号量实现互斥：为临界资源设置一个互斥信号量<span class=""hit"">mutex</span>，初值为1；在每个进程中将临界区代码置于P(<span class=""hit"">mutex</span>)和V(<span class=""hit"">mutex</span>)原语之间。使用信号量时P和V必须成对使用，遗漏P原语不能保证互斥访问，遗漏V原语不能释放临界资源，P、V原语不能次序错误、重复或遗漏。利用信号量还可实现进程间同步（前趋关系）：为每个前趋关系设信号量初值0，前趋进程执行完后执行V，后继进程先执行P。</div><div class=""ansbox"">挖空答案：<b>Semaphore；signal；mutex</b></div><div class=""pg"">教材页码：P260</div>"	进程同步机制和死锁 综合应用 进程的同步与互斥 13180操作系统
"<div class=""top""><span class=""chip c1"">章节：进程同步机制和死锁</span><span class=""chip c2"">综合应用</span><span class=""chip c3"">经典的进程同步问题</span></div><h1>简单生产者-消费者问题</h1><div class=""q"">Dijkstra把同步问题抽象成一种“<span class=""blank"">______</span>”，生产者-消费者问题是计算机中各种实际同步、互斥问题的抽象模型（如处理并生成数据是生产者、输出结果是消费者）。 简单生产者-消费者问题描述：设有一个生产者进程P和一个消费者进程C，它们通过一个缓冲区联系起来。缓冲区只能容纳一个产品，生产者不断地生产产品然后往空缓冲区送产品；消费者则不断地从缓冲区中取出产品并消费掉。 同步互斥关系分析：P进程不能往已经“满”的缓冲区中放产品，设置信号量empty，其初值为1，用于指示空缓冲区数量；C进程不能从已经“空”的缓冲区中取产品，设置信号量full，初值为0，用于指示满缓冲区数量。 解决方案： 生产者进程：while(true){ P(<span class=""blank"">______</span>); 生产一个产品；送产品到缓冲区； V(full); } 消费者进程：while(true){ P(full); 从缓冲区取产品； V(<span class=""blank"">______</span>); 消费产品； } 在这个方案中，产品生产出来后立即被送往缓冲区存放，因为刚开始时缓冲区是空的，一定可以存放一个产品。</div>"	"<div class=""top""><span class=""chip c1"">章节：进程同步机制和死锁</span><span class=""chip c2"">综合应用</span><span class=""chip c3"">经典的进程同步问题</span></div><h1>简单生产者-消费者问题</h1><div class=""a"">Dijkstra把同步问题抽象成一种“<span class=""hit"">生产者-消费者关系</span>”，生产者-消费者问题是计算机中各种实际同步、互斥问题的抽象模型（如处理并生成数据是生产者、输出结果是消费者）。 简单生产者-消费者问题描述：设有一个生产者进程P和一个消费者进程C，它们通过一个缓冲区联系起来。缓冲区只能容纳一个产品，生产者不断地生产产品然后往空缓冲区送产品；消费者则不断地从缓冲区中取出产品并消费掉。 同步互斥关系分析：P进程不能往已经“满”的缓冲区中放产品，设置信号量<span class=""hit"">empty</span>，其初值为1，用于指示空缓冲区数量；C进程不能从已经“空”的缓冲区中取产品，设置信号量full，初值为0，用于指示满缓冲区数量。 解决方案： 生产者进程：while(true){ P(<span class=""hit"">empty</span>); 生产一个产品；送产品到缓冲区； V(full); } 消费者进程：while(true){ P(full); 从缓冲区取产品； V(<span class=""hit"">empty</span>); 消费产品； } 在这个方案中，产品生产出来后立即被送往缓冲区存放，因为刚开始时缓冲区是空的，一定可以存放一个产品。</div><div class=""ansbox"">挖空答案：<b>生产者-消费者关系；empty；empty</b></div><div class=""pg"">教材页码：P261</div>"	进程同步机制和死锁 综合应用 经典的进程同步问题 13180操作系统
"<div class=""top""><span class=""chip c1"">章节：进程同步机制和死锁</span><span class=""chip c2"">综合应用</span><span class=""chip c3"">经典的进程同步问题</span></div><h1>多个生产者-消费者问题</h1><div class=""q"">多个生产者-消费者问题描述：设有若干个生产者进程P1,P2,…,Pn和若干个消费者进程Q1,Q2,…,Qn，它们通过一个环形缓冲池联系起来。该环形缓冲池由k个大小相等的缓冲区组成，每个缓冲区能容纳一个产品，生产者每次往空缓冲区送一个产品，消费者每次从满缓冲区取一个产品。这里既存在同步问题又存在互斥问题。当整个缓冲池满时供大于求，生产者必须暂缓生产、消费者应大力消费；当整个缓冲池空时供不应求，消费者必须等待、生产者必须努力生产。环形缓冲池是临界资源，生产者和消费者都要使用它。 1. 同步问题：P进程不能往“满”缓冲区放产品，设信号量empty初值为k，用于指示缓冲池中空缓冲区数目；Q进程不能从“空”缓冲区取产品，设信号量full初值为0，用于指示满缓冲区数目。 2. 互斥问题：设信号量mutex初值为1，用于实现临界区（环形缓冲池）的互斥。另设整型量in、out，初值均为0，in指示空缓冲区的头指针，out指示有产品的满缓冲区的头指针。 3. 算法： 生产者：while(true){ 生产产品； P(<span class=""blank"">______</span>); P(<span class=""blank"">______</span>); 往buffer[in]中放产品； in=(in+1) mod k; V(<span class=""blank"">______</span>); V(full); } 消费者：while(true){ P(full); P(mutex); 从buffer[out]中取产品； out=(out+1) mod k; V(mutex); V(empty); 消费产品； }</div>"	"<div class=""top""><span class=""chip c1"">章节：进程同步机制和死锁</span><span class=""chip c2"">综合应用</span><span class=""chip c3"">经典的进程同步问题</span></div><h1>多个生产者-消费者问题</h1><div class=""a"">多个生产者-消费者问题描述：设有若干个生产者进程P1,P2,…,Pn和若干个消费者进程Q1,Q2,…,Qn，它们通过一个环形缓冲池联系起来。该环形缓冲池由k个大小相等的缓冲区组成，每个缓冲区能容纳一个产品，生产者每次往空缓冲区送一个产品，消费者每次从满缓冲区取一个产品。这里既存在同步问题又存在互斥问题。当整个缓冲池满时供大于求，生产者必须暂缓生产、消费者应大力消费；当整个缓冲池空时供不应求，消费者必须等待、生产者必须努力生产。环形缓冲池是临界资源，生产者和消费者都要使用它。 1. 同步问题：P进程不能往“满”缓冲区放产品，设信号量<span class=""hit"">empty</span>初值为k，用于指示缓冲池中空缓冲区数目；Q进程不能从“空”缓冲区取产品，设信号量full初值为0，用于指示满缓冲区数目。 2. 互斥问题：设信号量<span class=""hit"">mutex</span>初值为1，用于实现临界区（环形缓冲池）的互斥。另设整型量in、out，初值均为0，in指示空缓冲区的头指针，out指示有产品的满缓冲区的头指针。 3. 算法： 生产者：while(true){ 生产产品； P(<span class=""hit"">empty</span>); P(<span class=""hit"">mutex</span>); 往buffer[in]中放产品； in=(in+1) mod k; V(<span class=""hit"">mutex</span>); V(full); } 消费者：while(true){ P(full); P(<span class=""hit"">mutex</span>); 从buffer[out]中取产品； out=(out+1) mod k; V(<span class=""hit"">mutex</span>); V(<span class=""hit"">empty</span>); 消费产品； }</div><div class=""ansbox"">挖空答案：<b>empty；mutex；mutex</b></div><div class=""pg"">教材页码：P262</div>"	进程同步机制和死锁 综合应用 经典的进程同步问题 13180操作系统
"<div class=""top""><span class=""chip c1"">章节：进程同步机制和死锁</span><span class=""chip c2"">综合应用</span><span class=""chip c3"">经典的进程同步问题</span></div><h1>读者-写者问题</h1><div class=""q"">问题描述：假定有某个共享文件F，系统允许若干进程对文件F进行读或写。把要读文件的进程称为读者，把要写文件的进程称为写者。读者和写者必须遵守：1）多个进程可以同时读文件F；2）在任一进程对文件F进行写时，不允许其他进程对文件进行读或写；3）当有进程正在读文件时，不允许任何进程写文件。每次只允许一个进程执行写操作，且写操作时不允许读；写者与写者之间要互斥，写者与读者之间也要互斥，但多个读者可同时读，即只要第一个读者取得了读文件的权利，其他读者可以跟着读，所以写者与读者之间的互斥就变成了写者与第一个读者之间的互斥。 解决方案：设read_count记录当前正在读的读者进程个数，由于多个读者都对它修改，故read_count是共享变量需互斥使用，设置信号量mutex；再设置信号量write用于写者之间的互斥，或第一个读者和最后一个读者与写者的互斥。read_count初值为0，mutex和write初值都为1。 读者进程：while(true){ P(<span class=""blank"">______</span>); read_count=read_count+1; if(read_count==1) P(<span class=""blank"">______</span>); V(<span class=""blank"">______</span>); 读文件； P(mutex); read_count=read_count-1; if(read_count==0) V(write); V(mutex); } 写者进程：while(true){ P(write); 写文件； V(write); } 第一个读者进入时通过P(write)禁止任何写者进入；当read_count减到0时表明已没有读者了，写者可随时进入。对于读者，只要有一个写者已在临界区执行写操作，所有读者就必须等待。</div>"	"<div class=""top""><span class=""chip c1"">章节：进程同步机制和死锁</span><span class=""chip c2"">综合应用</span><span class=""chip c3"">经典的进程同步问题</span></div><h1>读者-写者问题</h1><div class=""a"">问题描述：假定有某个共享文件F，系统允许若干进程对文件F进行读或写。把要读文件的进程称为读者，把要写文件的进程称为写者。读者和写者必须遵守：1）多个进程可以同时读文件F；2）在任一进程对文件F进行写时，不允许其他进程对文件进行读或写；3）当有进程正在读文件时，不允许任何进程写文件。每次只允许一个进程执行写操作，且写操作时不允许读；写者与写者之间要互斥，写者与读者之间也要互斥，但多个读者可同时读，即只要第一个读者取得了读文件的权利，其他读者可以跟着读，所以写者与读者之间的互斥就变成了写者与第一个读者之间的互斥。 解决方案：设read_count记录当前正在读的读者进程个数，由于多个读者都对它修改，故read_count是共享变量需互斥使用，设置信号量<span class=""hit"">mutex</span>；再设置信号量<span class=""hit"">write</span>用于写者之间的互斥，或第一个读者和最后一个读者与写者的互斥。read_count初值为0，<span class=""hit"">mutex</span>和<span class=""hit"">write</span>初值都为1。 读者进程：while(true){ P(<span class=""hit"">mutex</span>); read_count=read_count+1; if(read_count==1) P(<span class=""hit"">write</span>); V(<span class=""hit"">mutex</span>); 读文件； P(<span class=""hit"">mutex</span>); read_count=read_count-1; if(read_count==0) V(<span class=""hit"">write</span>); V(<span class=""hit"">mutex</span>); } 写者进程：while(true){ P(<span class=""hit"">write</span>); 写文件； V(<span class=""hit"">write</span>); } 第一个读者进入时通过P(<span class=""hit"">write</span>)禁止任何写者进入；当read_count减到0时表明已没有读者了，写者可随时进入。对于读者，只要有一个写者已在临界区执行写操作，所有读者就必须等待。</div><div class=""ansbox"">挖空答案：<b>mutex；write；mutex</b></div><div class=""pg"">教材页码：P263</div>"	进程同步机制和死锁 综合应用 经典的进程同步问题 13180操作系统
"<div class=""top""><span class=""chip c1"">章节：进程同步机制和死锁</span><span class=""chip c2"">综合应用</span><span class=""chip c3"">死锁</span></div><h1>死锁的定义</h1><div class=""q"">所谓<span class=""blank"">______</span>，是指在<span class=""blank"">______</span>系统中的一种现象，一组进程中的每一个进程均无限期地等待被该组进程中的另一个进程所占有且永远不会释放的资源。系统发生这种现象称为系统处于死锁状态，简称死锁。处于死锁状态的进程称为死锁进程。当死锁发生后，死锁进程将一直等待下去，除非有来自死锁进程之外的某种干预。在系统发生死锁时，死锁进程的个数至少为两个；所有死锁进程都在等待资源，并且其中至少有两个进程已占有资源。系统发生死锁不只是浪费了大量的系统资源，甚至会导致整个系统崩溃，带来灾难性的后果，所以在<span class=""blank"">______</span>设计中必须高度重视死锁问题。死锁现象并不是计算机操作系统所独有，日常生活中也屡见不鲜（如没有交通灯的十字路口出现死锁）。</div>"	"<div class=""top""><span class=""chip c1"">章节：进程同步机制和死锁</span><span class=""chip c2"">综合应用</span><span class=""chip c3"">死锁</span></div><h1>死锁的定义</h1><div class=""a"">所谓<span class=""hit"">死锁</span>，是指在<span class=""hit"">多道程序</span>系统中的一种现象，一组进程中的每一个进程均无限期地等待被该组进程中的另一个进程所占有且永远不会释放的资源。系统发生这种现象称为系统处于<span class=""hit"">死锁</span>状态，简称<span class=""hit"">死锁</span>。处于<span class=""hit"">死锁</span>状态的进程称为<span class=""hit"">死锁</span>进程。当<span class=""hit"">死锁</span>发生后，<span class=""hit"">死锁</span>进程将一直等待下去，除非有来自<span class=""hit"">死锁</span>进程之外的某种干预。在系统发生<span class=""hit"">死锁</span>时，<span class=""hit"">死锁</span>进程的个数至少为两个；所有<span class=""hit"">死锁</span>进程都在等待资源，并且其中至少有两个进程已占有资源。系统发生<span class=""hit"">死锁</span>不只是浪费了大量的系统资源，甚至会导致整个系统崩溃，带来灾难性的后果，所以在<span class=""hit"">操作系统</span>设计中必须高度重视<span class=""hit"">死锁</span>问题。<span class=""hit"">死锁</span>现象并不是计算机<span class=""hit"">操作系统</span>所独有，日常生活中也屡见不鲜（如没有交通灯的十字路口出现<span class=""hit"">死锁</span>）。</div><div class=""ansbox"">挖空答案：<b>死锁；多道程序；操作系统</b></div><div class=""pg"">教材页码：P265</div>"	进程同步机制和死锁 综合应用 死锁 13180操作系统
"<div class=""top""><span class=""chip c1"">章节：进程同步机制和死锁</span><span class=""chip c2"">综合应用</span><span class=""chip c3"">死锁</span></div><h1>死锁产生的原因</h1><div class=""q"">产生死锁的原因主要有两个：一是竞争资源，系统资源在分配时出现失误，进程间对资源的相互争夺而造成僵局；二是多道程序运行时，进程推进顺序不合理。 资源分类：按资源使用性质，一般把系统资源分成两类——永久性资源（可重用资源），是指系统中那些可供进程重复使用、长期存在的资源，如内存、外部设备、CPU等硬件资源，以及各种数据文件、表格、共享程序代码等<span class=""blank"">______</span>；临时性资源（消耗性资源），是指由某个进程所产生、只为另一个进程使用一次或经过短暂时间后便不再使用的资源，如I/O和<span class=""blank"">______</span>信号、同步信号、消息等。永久性资源和临时性资源都可能导致死锁。 死锁的例子：①申请不同类资源产生死锁——P1占有输入设备又申请输出设备，P2占有输出设备又申请输入设备，彼此无限期等待对方释放资源形成僵局；②申请同类资源产生死锁——一类可重用资源（如主存页/磁盘块）全部分配完，占有单元的进程再申请新单元而永远封锁；③P、V操作使用不当产生死锁——生产者和消费者前两个P操作顺序颠倒，导致生产者在mutex上等待、消费者也在mutex上等待，形成<span class=""blank"">______</span>；④对临时性资源的使用不加限制引起死锁——进程间信件循环等待（P1等P3信件、P3等P2信件、P2等P1信件）。</div>"	"<div class=""top""><span class=""chip c1"">章节：进程同步机制和死锁</span><span class=""chip c2"">综合应用</span><span class=""chip c3"">死锁</span></div><h1>死锁产生的原因</h1><div class=""a"">产生死锁的原因主要有两个：一是竞争资源，系统资源在分配时出现失误，进程间对资源的相互争夺而造成僵局；二是多道程序运行时，进程推进顺序不合理。 资源分类：按资源使用性质，一般把系统资源分成两类——永久性资源（可重用资源），是指系统中那些可供进程重复使用、长期存在的资源，如内存、外部设备、CPU等硬件资源，以及各种数据文件、表格、共享程序代码等<span class=""hit"">软件资源</span>；临时性资源（消耗性资源），是指由某个进程所产生、只为另一个进程使用一次或经过短暂时间后便不再使用的资源，如I/O和<span class=""hit"">时钟中断</span>信号、同步信号、消息等。永久性资源和临时性资源都可能导致死锁。 死锁的例子：①申请不同类资源产生死锁——P1占有输入设备又申请输出设备，P2占有输出设备又申请输入设备，彼此无限期等待对方释放资源形成僵局；②申请同类资源产生死锁——一类可重用资源（如主存页/磁盘块）全部分配完，占有单元的进程再申请新单元而永远封锁；③P、V操作使用不当产生死锁——生产者和消费者前两个P操作顺序颠倒，导致生产者在mutex上等待、消费者也在mutex上等待，形成<span class=""hit"">循环等待</span>；④对临时性资源的使用不加限制引起死锁——进程间信件<span class=""hit"">循环等待</span>（P1等P3信件、P3等P2信件、P2等P1信件）。</div><div class=""ansbox"">挖空答案：<b>软件资源；时钟中断；循环等待</b></div><div class=""pg"">教材页码：P265</div>"	进程同步机制和死锁 综合应用 死锁 13180操作系统
"<div class=""top""><span class=""chip c1"">章节：进程同步机制和死锁</span><span class=""chip c2"">综合应用</span><span class=""chip c3"">死锁</span></div><h1>死锁产生的必要条件</h1><div class=""q"">对于永久性资源，产生死锁有四个必要条件（Coffman等，1971）： 1. 互斥条件：资源是独占的且排他使用。<span class=""blank"">______</span>使用资源，即任一时刻一个资源只能给一个进程使用；若其他进程请求一个资源而该资源被另一进程占有，则申请者只能等待，直到资源被占用者释放为止。 2. <span class=""blank"">______</span>条件：又称不可抢占或不可强占。进程所获得的资源在未使用完毕之前，不能被其他进程强行剥夺，而只能由获得该资源的进程自愿释放。 3. 请求和保持条件：又称部分分配或占有申请。进程先申请它所需的一部分资源，得到后再申请新的资源，在申请新资源的同时继续占用已分配到的资源。 4. <span class=""blank"">______</span>条件：又称环路等待。在发生死锁时必然存在一个进程等待队列{P1,P2,…,Pn}，其中P1等待P2占有的资源、P2等待P3占有的资源……Pn等待P1占有的资源，形成一个进程等待环路；环路中每一个进程已占有的资源同时被另一个进程所申请，即前一个进程占有后一个进程所请求的资源。 以上给出了导致死锁的四个必要条件。只要系统发生死锁，以上四个条件就一定成立。</div>"	"<div class=""top""><span class=""chip c1"">章节：进程同步机制和死锁</span><span class=""chip c2"">综合应用</span><span class=""chip c3"">死锁</span></div><h1>死锁产生的必要条件</h1><div class=""a"">对于永久性资源，产生死锁有四个必要条件（Coffman等，1971）： 1. 互斥条件：资源是独占的且排他使用。<span class=""hit"">进程互斥</span>使用资源，即任一时刻一个资源只能给一个进程使用；若其他进程请求一个资源而该资源被另一进程占有，则申请者只能等待，直到资源被占用者释放为止。 2. <span class=""hit"">不可剥夺</span>条件：又称不可抢占或不可强占。进程所获得的资源在未使用完毕之前，不能被其他进程强行剥夺，而只能由获得该资源的进程自愿释放。 3. 请求和保持条件：又称部分分配或占有申请。进程先申请它所需的一部分资源，得到后再申请新的资源，在申请新资源的同时继续占用已分配到的资源。 4. <span class=""hit"">循环等待</span>条件：又称环路等待。在发生死锁时必然存在一个进程等待队列{P1,P2,…,Pn}，其中P1等待P2占有的资源、P2等待P3占有的资源……Pn等待P1占有的资源，形成一个进程等待环路；环路中每一个进程已占有的资源同时被另一个进程所申请，即前一个进程占有后一个进程所请求的资源。 以上给出了导致死锁的四个必要条件。只要系统发生死锁，以上四个条件就一定成立。</div><div class=""ansbox"">挖空答案：<b>进程互斥；不可剥夺；循环等待</b></div><div class=""pg"">教材页码：P268</div>"	进程同步机制和死锁 综合应用 死锁 13180操作系统
"<div class=""top""><span class=""chip c1"">章节：进程同步机制和死锁</span><span class=""chip c2"">综合应用</span><span class=""chip c3"">死锁</span></div><h1>死锁发生后的处理方法：预防、避免、检测与解除、忽略</h1><div class=""q"">解决死锁的方法有很多，一类是不让死锁发生，另一类是检测死锁是否发生、若发生则加以解决。以下四种方法对进程的限制由严到宽，并发程度由低到高： 1. 死锁预防：防患于未然，通过设置某些严格限制，破坏产生<span class=""blank"">______</span>以防止死锁发生，可能导致系统资源利用率过低。做法：破坏互斥条件（增加资源数量，但代价高昂，对信号量等固有互斥资源不现实）；破坏不可剥夺条件（进程申请新资源不能立即满足时必须释放已占有全部资源，适用于CPU、内存等状态易保存恢复的资源）；破坏请求和保持条件（进程开始执行前一次性申请全部资源，简单安全但严重浪费资源）；破坏循环等待条件（资源有序分配，将系统资源顺序编号，进程严格按编号递增申请、按递减释放）。 2. 死锁避免：在资源动态分配过程中，采取某种方法防止系统进入不安全状态。系统对进程发出的每个资源申请动态检查，若分配后系统可能死锁则不予分配。安全状态指存在由所有进程构成的安全序列{P1,…,Pn}，使每个进程尚需资源不超过系统当前剩余资源与排在它之前进程当前占有资源之和；安全状态不会死锁。不安全状态不一定导致死锁，但死锁状态一定是不安全状态。最著名的死锁避免算法是<span class=""blank"">______</span>（Dijkstra和Habermann提出，将操作系统比作银行家、资源比作周转资金、进程比作贷款顾客）。 3. 死锁的检测与解除：系统运行中设置检测机构，定时检测死锁是否真发生，精确确定与死锁有关的进程与资源，然后采取措施解除。检测实质是确定是否存在“<span class=""blank"">______</span>”条件。解除方法分两大类：①剥夺资源——用挂起激活机制挂起一些进程，剥夺其资源给死锁进程（可用还原算法或建立检查点恢复状态）；②撤销进程——撤销一些死锁进程，将其资源分配给其他死锁进程，可撤销全部或逐个撤销，按进程优先数、外部代价、运行代价选择代价最小的进程。 4. 忽略死锁：对于那些死锁发生概率极低、而解决死锁的方法代价极大或暂时没办法解决的死锁问题，可暂时不予理睬。</div>"	"<div class=""top""><span class=""chip c1"">章节：进程同步机制和死锁</span><span class=""chip c2"">综合应用</span><span class=""chip c3"">死锁</span></div><h1>死锁发生后的处理方法：预防、避免、检测与解除、忽略</h1><div class=""a"">解决死锁的方法有很多，一类是不让死锁发生，另一类是检测死锁是否发生、若发生则加以解决。以下四种方法对进程的限制由严到宽，并发程度由低到高： 1. 死锁预防：防患于未然，通过设置某些严格限制，破坏产生<span class=""hit"">死锁的必要条件</span>以防止死锁发生，可能导致系统资源利用率过低。做法：破坏互斥条件（增加资源数量，但代价高昂，对信号量等固有互斥资源不现实）；破坏不可剥夺条件（进程申请新资源不能立即满足时必须释放已占有全部资源，适用于CPU、内存等状态易保存恢复的资源）；破坏请求和保持条件（进程开始执行前一次性申请全部资源，简单安全但严重浪费资源）；破坏<span class=""hit"">循环等待</span>条件（资源有序分配，将系统资源顺序编号，进程严格按编号递增申请、按递减释放）。 2. 死锁避免：在资源动态分配过程中，采取某种方法防止系统进入不安全状态。系统对进程发出的每个资源申请动态检查，若分配后系统可能死锁则不予分配。安全状态指存在由所有进程构成的安全序列{P1,…,Pn}，使每个进程尚需资源不超过系统当前剩余资源与排在它之前进程当前占有资源之和；安全状态不会死锁。不安全状态不一定导致死锁，但死锁状态一定是不安全状态。最著名的死锁避免算法是<span class=""hit"">银行家算法</span>（Dijkstra和Habermann提出，将操作系统比作银行家、资源比作周转资金、进程比作贷款顾客）。 3. 死锁的检测与解除：系统运行中设置检测机构，定时检测死锁是否真发生，精确确定与死锁有关的进程与资源，然后采取措施解除。检测实质是确定是否存在“<span class=""hit"">循环等待</span>”条件。解除方法分两大类：①剥夺资源——用挂起激活机制挂起一些进程，剥夺其资源给死锁进程（可用还原算法或建立检查点恢复状态）；②撤销进程——撤销一些死锁进程，将其资源分配给其他死锁进程，可撤销全部或逐个撤销，按进程优先数、外部代价、运行代价选择代价最小的进程。 4. 忽略死锁：对于那些死锁发生概率极低、而解决死锁的方法代价极大或暂时没办法解决的死锁问题，可暂时不予理睬。</div><div class=""ansbox"">挖空答案：<b>死锁的必要条件；银行家算法；循环等待</b></div><div class=""pg"">教材页码：P268</div>"	进程同步机制和死锁 综合应用 死锁 13180操作系统
"<div class=""top""><span class=""chip c1"">章节：进程同步机制和死锁</span><span class=""chip c2"">综合应用</span><span class=""chip c3"">哲学家就餐问题及其他实例</span></div><h1>哲学家就餐问题</h1><div class=""q"">问题描述：5个哲学家以思考、用餐交替进行的方式生活，他们围坐在一张圆桌边，桌子上有5个盘子和5支筷子。当一个哲学家思考时，他与邻座的哲学家没有任何联系；当一个哲学家饥饿时，他就试图拿起他左右两边的筷子用餐；如果邻座已经拿到筷子，则他可能只拿到一支甚至一支筷子也拿不到；当一个饥饿的哲学家得到两支筷子后就可以用餐，用餐完毕他就放下筷子并再次开始思考。 简单解法：为每支筷子设置一个<span class=""blank"">______</span>chopstick[0..4]，初值都为1。哲学家i(1~5)的过程为：思考；P(chopstick[i])拿左侧筷子；P(chopstick[(i+1) mod 5])拿右侧筷子；用餐；V(chopstick[i])放左侧筷子；V(chopstick[(i+1) mod 5])放右侧筷子。该解法虽能保证互斥地使用筷子，但有可能产生死锁：假设5个哲学家同时拿起各自左边的筷子，5个信号量值都为0，此时如果每个哲学家都企图拿起他右边的筷子，便出现<span class=""blank"">______</span>的局面——死锁。 防止死锁：采用资源的有序分配法，规定每个哲学家想用餐时总是先拿编号小的筷子再拿编号大的筷子。例如哲学家1~4<span class=""blank"">______</span>不变，第5个哲学家改为先拿编号大的chopstick[5]、再拿编号小的chopstick[1]。这样当每个哲学家都想就餐时，可能有4个哲学家已拿到自己左边的一支筷子，而第5个哲学家因拿不到编号小的筷子而等待，他不会去拿另一支筷子；于是4个哲学家中的一个就有机会拿起其右边筷子用餐，就餐后放下一双筷子，以使另一个哲学家又可得到右边筷子用餐，其他哲学家也都先后可吃到饭，从而防止了死锁。为提高资源利用率，通常按大多数进程使用资源的次序对资源编号（先使用者编号小、后使用者编号大）。</div>"	"<div class=""top""><span class=""chip c1"">章节：进程同步机制和死锁</span><span class=""chip c2"">综合应用</span><span class=""chip c3"">哲学家就餐问题及其他实例</span></div><h1>哲学家就餐问题</h1><div class=""a"">问题描述：5个哲学家以思考、用餐交替进行的方式生活，他们围坐在一张圆桌边，桌子上有5个盘子和5支筷子。当一个哲学家思考时，他与邻座的哲学家没有任何联系；当一个哲学家饥饿时，他就试图拿起他左右两边的筷子用餐；如果邻座已经拿到筷子，则他可能只拿到一支甚至一支筷子也拿不到；当一个饥饿的哲学家得到两支筷子后就可以用餐，用餐完毕他就放下筷子并再次开始思考。 简单解法：为每支筷子设置一个<span class=""hit"">信号量</span>chopstick[0..4]，初值都为1。哲学家i(1~5)的过程为：思考；P(chopstick[i])拿左侧筷子；P(chopstick[(i+1) mod 5])拿右侧筷子；用餐；V(chopstick[i])放左侧筷子；V(chopstick[(i+1) mod 5])放右侧筷子。该解法虽能保证互斥地使用筷子，但有可能产生死锁：假设5个哲学家同时拿起各自左边的筷子，5个<span class=""hit"">信号量</span>值都为0，此时如果每个哲学家都企图拿起他右边的筷子，便出现<span class=""hit"">循环等待</span>的局面——死锁。 防止死锁：采用资源的有序分配法，规定每个哲学家想用餐时总是先拿编号小的筷子再拿编号大的筷子。例如哲学家1~4<span class=""hit"">程序</span>不变，第5个哲学家改为先拿编号大的chopstick[5]、再拿编号小的chopstick[1]。这样当每个哲学家都想就餐时，可能有4个哲学家已拿到自己左边的一支筷子，而第5个哲学家因拿不到编号小的筷子而等待，他不会去拿另一支筷子；于是4个哲学家中的一个就有机会拿起其右边筷子用餐，就餐后放下一双筷子，以使另一个哲学家又可得到右边筷子用餐，其他哲学家也都先后可吃到饭，从而防止了死锁。为提高资源利用率，通常按大多数进程使用资源的次序对资源编号（先使用者编号小、后使用者编号大）。</div><div class=""ansbox"">挖空答案：<b>信号量；循环等待；程序</b></div><div class=""pg"">教材页码：P274</div>"	进程同步机制和死锁 综合应用 哲学家就餐问题及其他实例 13180操作系统
"<div class=""top""><span class=""chip c1"">章节：进程同步机制和死锁</span><span class=""chip c2"">综合应用</span><span class=""chip c3"">哲学家就餐问题及其他实例</span></div><h1>其他实例</h1><div class=""q"">教材以物流系统中的物品分拣问题为例说明进程同步互斥（并夹杂死锁现象）。 问题描述：某物流系统有一个位于上海的集装箱中转枢纽，从不同方向进入枢纽的集装箱运输车在此卸下集装箱，再依据来自方向不同装到其他运输工具上继续行程。从沿长江一线进入枢纽的集装箱要直接吊装到上海至广州的列车上；从沪杭高速公路进入枢纽的集装箱则换装到上海至北京的列车上。假设该中转枢纽的场地一次只能接收一个方向来的同一批集装箱。 分析：这个物流问题可看作一个有两个生产者和两个消费者的问题。沿长江一线卸货是第一个生产者，从沪杭高速公路卸货是第二个生产者。两个生产者都要使用中转枢纽场地，因场地每次只能接收一个方向一批集装箱，故两个卸货生产者必须互斥。去广州列车和去北京列车是两个消费者，分别消费对应生产者的集装箱；生产者卸箱后应分别通知对应列车，列车装完后还应通知管理部门场地清空可接收新集装箱，故生产者与对应消费者之间要同步。 信号量设置：①Site初值为1，表示允许存放一批集装箱；②Arrive_Y初值为0，表示场地上集装箱是否来自沿长江一线；③Arrive_H初值为0，表示是否来自沪杭高速公路。 算法：安排“沿长江一线卸货”“沪杭高速公路卸货”“去广州列车装货”“去北京列车装货”四个进程：沿长江卸货进程P(Site)后卸货再V(<span class=""blank"">______</span>)；沪杭高速卸货进程P(Site)后卸货再V(<span class=""blank"">______</span>)；去广州列车装货进程P(<span class=""blank"">______</span>)后装货再V(Site)；去北京列车装货进程P(Arrive_H)后装货再V(Site)。 说明：Site初值1，P(Site)起互斥作用；集装箱卸下未装完前Site=0，装完后V(Site)恢复1，又起测试“可接收新集装箱”消息的同步作用，故Site既作互斥信号量又作同步信号量。若不能协调列车同步（如广州列车不P(Arrive_Y)直接进场装货），发现场地堆满沪杭方向集装箱就会就地等待占用站台，使北京列车无法进站，系统发生死锁。</div>"	"<div class=""top""><span class=""chip c1"">章节：进程同步机制和死锁</span><span class=""chip c2"">综合应用</span><span class=""chip c3"">哲学家就餐问题及其他实例</span></div><h1>其他实例</h1><div class=""a"">教材以物流系统中的物品分拣问题为例说明进程同步互斥（并夹杂死锁现象）。 问题描述：某物流系统有一个位于上海的集装箱中转枢纽，从不同方向进入枢纽的集装箱运输车在此卸下集装箱，再依据来自方向不同装到其他运输工具上继续行程。从沿长江一线进入枢纽的集装箱要直接吊装到上海至广州的列车上；从沪杭高速公路进入枢纽的集装箱则换装到上海至北京的列车上。假设该中转枢纽的场地一次只能接收一个方向来的同一批集装箱。 分析：这个物流问题可看作一个有两个生产者和两个消费者的问题。沿长江一线卸货是第一个生产者，从沪杭高速公路卸货是第二个生产者。两个生产者都要使用中转枢纽场地，因场地每次只能接收一个方向一批集装箱，故两个卸货生产者必须互斥。去广州列车和去北京列车是两个消费者，分别消费对应生产者的集装箱；生产者卸箱后应分别通知对应列车，列车装完后还应通知管理部门场地清空可接收新集装箱，故生产者与对应消费者之间要同步。 信号量设置：①Site初值为1，表示允许存放一批集装箱；②<span class=""hit"">Arrive_Y</span>初值为0，表示场地上集装箱是否来自沿长江一线；③<span class=""hit"">Arrive_H</span>初值为0，表示是否来自沪杭高速公路。 算法：安排“沿长江一线卸货”“沪杭高速公路卸货”“去广州列车装货”“去北京列车装货”四个进程：沿长江卸货进程P(Site)后卸货再V(<span class=""hit"">Arrive_Y</span>)；沪杭高速卸货进程P(Site)后卸货再V(<span class=""hit"">Arrive_H</span>)；去广州列车装货进程P(<span class=""hit"">Arrive_Y</span>)后装货再V(Site)；去北京列车装货进程P(<span class=""hit"">Arrive_H</span>)后装货再V(Site)。 说明：Site初值1，P(Site)起互斥作用；集装箱卸下未装完前Site=0，装完后V(Site)恢复1，又起测试“可接收新集装箱”消息的同步作用，故Site既作互斥信号量又作同步信号量。若不能协调列车同步（如广州列车不P(<span class=""hit"">Arrive_Y</span>)直接进场装货），发现场地堆满沪杭方向集装箱就会就地等待占用站台，使北京列车无法进站，系统发生死锁。</div><div class=""ansbox"">挖空答案：<b>Arrive_Y；Arrive_H；Arrive_Y</b></div><div class=""pg"">教材页码：P276</div>"	进程同步机制和死锁 综合应用 哲学家就餐问题及其他实例 13180操作系统
